defined_class	cell_set_accession	Taxonomy_label	Exclude_from_ontology	defined_class_name	defined_class_definition	Curated_synonyms	Classification	Classification_comment	Classification_pub	Expresses	Expresses_comment	Expresses_pub	Projection_type	Layers	Cross_species_text	Comment
http://purl.obolibrary.org/obo/PCL_0110001	CS20230722_CLAS_01	01 IT-ET Glut														
http://purl.obolibrary.org/obo/PCL_0110002	CS20230722_CLAS_02	02 NP-CT-L6b Glut														
http://purl.obolibrary.org/obo/PCL_0110003	CS20230722_CLAS_03	03 OB-CR Glut														
http://purl.obolibrary.org/obo/PCL_0110004	CS20230722_CLAS_04	04 DG-IMN Glut														
http://purl.obolibrary.org/obo/PCL_0110005	CS20230722_CLAS_05	05 OB-IMN GABA														
http://purl.obolibrary.org/obo/PCL_0110006	CS20230722_CLAS_06	06 CTX-CGE GABA														
http://purl.obolibrary.org/obo/PCL_0110007	CS20230722_CLAS_07	07 CTX-MGE GABA														
http://purl.obolibrary.org/obo/PCL_0110008	CS20230722_CLAS_08	08 CNU-MGE GABA														
http://purl.obolibrary.org/obo/PCL_0110009	CS20230722_CLAS_09	09 CNU-LGE GABA														
http://purl.obolibrary.org/obo/PCL_0110010	CS20230722_CLAS_10	10 LSX GABA														
http://purl.obolibrary.org/obo/PCL_0110011	CS20230722_CLAS_11	11 CNU-HYa GABA														
http://purl.obolibrary.org/obo/PCL_0110012	CS20230722_CLAS_12	12 HY GABA														
http://purl.obolibrary.org/obo/PCL_0110013	CS20230722_CLAS_13	13 CNU-HYa Glut														
http://purl.obolibrary.org/obo/PCL_0110014	CS20230722_CLAS_14	14 HY Glut														
http://purl.obolibrary.org/obo/PCL_0114944	CS20230722_CLUS_2564	15 HY Gnrh1 Glut														
http://purl.obolibrary.org/obo/PCL_0110016	CS20230722_CLAS_16	16 HY MM Glut														
http://purl.obolibrary.org/obo/PCL_0110017	CS20230722_CLAS_17	17 MH-LH Glut														
http://purl.obolibrary.org/obo/PCL_0110018	CS20230722_CLAS_18	18 TH Glut														
http://purl.obolibrary.org/obo/PCL_0110019	CS20230722_CLAS_19	19 MB Glut														
http://purl.obolibrary.org/obo/PCL_0110020	CS20230722_CLAS_20	20 MB GABA														
http://purl.obolibrary.org/obo/PCL_0110275	CS20230722_SUBC_215	21 MB Dopa														
http://purl.obolibrary.org/obo/PCL_0110276	CS20230722_SUBC_216	22 MB-HB Sero														
http://purl.obolibrary.org/obo/PCL_0110023	CS20230722_CLAS_23	23 P Glut														
http://purl.obolibrary.org/obo/PCL_0110024	CS20230722_CLAS_24	24 MY Glut														
http://purl.obolibrary.org/obo/PCL_0116986	CS20230722_CLUS_4606	25 Pineal Glut		pinealocyte (Mmus)												
http://purl.obolibrary.org/obo/PCL_0110026	CS20230722_CLAS_26	26 P GABA														
http://purl.obolibrary.org/obo/PCL_0110027	CS20230722_CLAS_27	27 MY GABA														
http://purl.obolibrary.org/obo/PCL_0110028	CS20230722_CLAS_28	28 CB GABA														
http://purl.obolibrary.org/obo/PCL_0110029	CS20230722_CLAS_29	29 CB Glut														
http://purl.obolibrary.org/obo/PCL_0110030	CS20230722_CLAS_30	30 Astro-Epen														
http://purl.obolibrary.org/obo/CL_4300031	CS20230722_CLAS_31	31 OPC-Oligo														
http://purl.obolibrary.org/obo/PCL_0111755	CS20230722_SUPT_1185	32 OEC														
http://purl.obolibrary.org/obo/PCL_0110033	CS20230722_CLAS_33	33 Vascular	TRUE													
http://purl.obolibrary.org/obo/PCL_0110034	CS20230722_CLAS_34	34 Immune	TRUE													
http://purl.obolibrary.org/obo/PCL_0110061	CS20230722_SUBC_001	001 CLA-EPd-CTX Car3 Glut														
http://purl.obolibrary.org/obo/PCL_0110062	CS20230722_SUBC_002	002 IT EP-CLA Glut														
http://purl.obolibrary.org/obo/PCL_0110063	CS20230722_SUBC_003	003 L5/6 IT TPE-ENT Glut														
http://purl.obolibrary.org/obo/PCL_0110064	CS20230722_SUBC_004	004 L6 IT CTX Glut														
http://purl.obolibrary.org/obo/PCL_0110065	CS20230722_SUBC_005	005 L5 IT CTX Glut														
http://purl.obolibrary.org/obo/PCL_0110066	CS20230722_SUBC_006	006 L4/5 IT CTX Glut														
http://purl.obolibrary.org/obo/PCL_0110067	CS20230722_SUBC_007	007 L2/3 IT CTX Glut														
http://purl.obolibrary.org/obo/PCL_0110068	CS20230722_SUBC_008	008 L2/3 IT ENT Glut														
http://purl.obolibrary.org/obo/PCL_0110069	CS20230722_SUBC_009	009 L2/3 IT PIR-ENTl Glut														
http://purl.obolibrary.org/obo/PCL_0110070	CS20230722_SUBC_010	010 IT AON-TT-DP Glut														
http://purl.obolibrary.org/obo/PCL_0110071	CS20230722_SUBC_011	011 L2 IT ENT-po Glut														
http://purl.obolibrary.org/obo/PCL_0110072	CS20230722_SUBC_012	012 MEA Slc17a7 Glut														
http://purl.obolibrary.org/obo/PCL_0110073	CS20230722_SUBC_013	013 COAp Grxcr2 Glut														
http://purl.obolibrary.org/obo/PCL_0110074	CS20230722_SUBC_014	014 LA-BLA-BMA-PA Glut														
http://purl.obolibrary.org/obo/PCL_0110075	CS20230722_SUBC_015	015 ENTmv-PA-COAp Glut														
http://purl.obolibrary.org/obo/PCL_0110076	CS20230722_SUBC_016	016 CA1-ProS Glut														
http://purl.obolibrary.org/obo/PCL_0110077	CS20230722_SUBC_017	017 CA3 Glut														
http://purl.obolibrary.org/obo/PCL_0110078	CS20230722_SUBC_018	018 L2 IT PPP-APr Glut														
http://purl.obolibrary.org/obo/PCL_0110079	CS20230722_SUBC_019	019 L2/3 IT PPP Glut														
http://purl.obolibrary.org/obo/PCL_0110080	CS20230722_SUBC_020	020 L2/3 IT RSP Glut														
http://purl.obolibrary.org/obo/PCL_0110659	CS20230722_SUPT_0089	021 L4 RSP-ACA Glut														
http://purl.obolibrary.org/obo/PCL_0110082	CS20230722_SUBC_022	022 L5 ET CTX Glut														
http://purl.obolibrary.org/obo/PCL_0110083	CS20230722_SUBC_023	023 SUB-ProS Glut														
http://purl.obolibrary.org/obo/PCL_0112778	CS20230722_CLUS_0398	024 L5 PPP Glut														
http://purl.obolibrary.org/obo/PCL_0110085	CS20230722_SUBC_025	025 CA2-FC-IG Glut														
http://purl.obolibrary.org/obo/PCL_0112782	CS20230722_CLUS_0402	026 NLOT Rho Glut														
http://purl.obolibrary.org/obo/PCL_0110087	CS20230722_SUBC_027	027 L6b EPd Glut														
http://purl.obolibrary.org/obo/PCL_0110088	CS20230722_SUBC_028	028 L6b/CT ENT Glut														
http://purl.obolibrary.org/obo/PCL_0110089	CS20230722_SUBC_029	029 L6b CTX Glut														
http://purl.obolibrary.org/obo/PCL_0110090	CS20230722_SUBC_030	030 L6 CT CTX Glut														
http://purl.obolibrary.org/obo/PCL_0110091	CS20230722_SUBC_031	031 CT SUB Glut														
http://purl.obolibrary.org/obo/PCL_0110092	CS20230722_SUBC_032	032 L5 NP CTX Glut														
http://purl.obolibrary.org/obo/PCL_0110093	CS20230722_SUBC_033	033 NP SUB Glut														
http://purl.obolibrary.org/obo/PCL_0110699	CS20230722_SUPT_0129	034 NP PPP Glut														
http://purl.obolibrary.org/obo/PCL_0110095	CS20230722_SUBC_035	035 OB Eomes Ms4a15 Glut														
http://purl.obolibrary.org/obo/PCL_0110705	CS20230722_SUPT_0135	036 HPF CR Glut														
http://purl.obolibrary.org/obo/PCL_0110097	CS20230722_SUBC_037	037 DG Glut														
http://purl.obolibrary.org/obo/PCL_0110098	CS20230722_SUBC_038	038 DG-PIR Ex IMN														
http://purl.obolibrary.org/obo/PCL_0110099	CS20230722_SUBC_039	039 OB Meis2 Thsd7b Gaba														
http://purl.obolibrary.org/obo/PCL_0110100	CS20230722_SUBC_040	040 OB Trdn Gaba														
http://purl.obolibrary.org/obo/PCL_0110101	CS20230722_SUBC_041	041 OB-in Frmd7 Gaba														
http://purl.obolibrary.org/obo/PCL_0110102	CS20230722_SUBC_042	042 OB-out Frmd7 Gaba														
http://purl.obolibrary.org/obo/PCL_0110731	CS20230722_SUPT_0161	043 OB-mi Frmd7 Gaba														
http://purl.obolibrary.org/obo/PCL_0110104	CS20230722_SUBC_044	044 OB Dopa-Gaba														
http://purl.obolibrary.org/obo/PCL_0110105	CS20230722_SUBC_045	045 OB-STR-CTX Inh IMN														
http://purl.obolibrary.org/obo/PCL_0110106	CS20230722_SUBC_046	046 Vip Gaba														
http://purl.obolibrary.org/obo/PCL_0110107	CS20230722_SUBC_047	047 Sncg Gaba														
http://purl.obolibrary.org/obo/PCL_0110108	CS20230722_SUBC_048	048 RHP-COA Ndnf Gaba														
http://purl.obolibrary.org/obo/PCL_0110109	CS20230722_SUBC_049	049 Lamp5 Gaba														
http://purl.obolibrary.org/obo/PCL_0110773	CS20230722_SUPT_0203	050 Lamp5 Lhx6 Gaba														
http://purl.obolibrary.org/obo/PCL_0110774	CS20230722_SUPT_0204	051 Pvalb chandelier Gaba														
http://purl.obolibrary.org/obo/PCL_0110112	CS20230722_SUBC_052	052 Pvalb Gaba														
http://purl.obolibrary.org/obo/PCL_0110113	CS20230722_SUBC_053	053 Sst Gaba														
http://purl.obolibrary.org/obo/PCL_0110114	CS20230722_SUBC_054	054 STR Prox1 Lhx6 Gaba														
http://purl.obolibrary.org/obo/PCL_0110115	CS20230722_SUBC_055	055 STR Lhx8 Gaba														
http://purl.obolibrary.org/obo/PCL_0110116	CS20230722_SUBC_056	056 Sst Chodl Gaba														
http://purl.obolibrary.org/obo/PCL_0110117	CS20230722_SUBC_057	057 NDB-SI-MA-STRv Lhx8 Gaba														
http://purl.obolibrary.org/obo/PCL_0110118	CS20230722_SUBC_058	058 PAL-STR Gaba-Chol														
http://purl.obolibrary.org/obo/PCL_0110119	CS20230722_SUBC_059	059 GPe-SI Sox6 Cyp26b1 Gaba														
http://purl.obolibrary.org/obo/PCL_0110120	CS20230722_SUBC_060	060 OT D3 Folh1 Gaba														
http://purl.obolibrary.org/obo/PCL_0110121	CS20230722_SUBC_061	061 STR D1 Gaba														
http://purl.obolibrary.org/obo/PCL_0110122	CS20230722_SUBC_062	062 STR D2 Gaba														
http://purl.obolibrary.org/obo/PCL_0110123	CS20230722_SUBC_063	063 STR D1 Sema5a Gaba														
http://purl.obolibrary.org/obo/PCL_0110124	CS20230722_SUBC_064	064 STR-PAL Chst9 Gaba														
http://purl.obolibrary.org/obo/PCL_0110125	CS20230722_SUBC_065	065 IA Mgp Gaba														
http://purl.obolibrary.org/obo/PCL_0110126	CS20230722_SUBC_066	066 NDB-SI-ant Prdm12 Gaba														
http://purl.obolibrary.org/obo/PCL_0110127	CS20230722_SUBC_067	067 LSX Sall3 Pax6 Gaba														
http://purl.obolibrary.org/obo/PCL_0110128	CS20230722_SUBC_068	068 LSX Otx2 Gaba														
http://purl.obolibrary.org/obo/PCL_0110129	CS20230722_SUBC_069	069 LSX Nkx2-1 Gaba														
http://purl.obolibrary.org/obo/PCL_0110130	CS20230722_SUBC_070	070 LSX Prdm12 Slit2 Gaba														
http://purl.obolibrary.org/obo/PCL_0110131	CS20230722_SUBC_071	071 LSX Prdm12 Zeb2 Gaba														
http://purl.obolibrary.org/obo/PCL_0110132	CS20230722_SUBC_072	072 LSX Sall3 Lmo1 Gaba														
http://purl.obolibrary.org/obo/PCL_0110133	CS20230722_SUBC_073	073 MEA-BST Sox6 Gaba														
http://purl.obolibrary.org/obo/PCL_0110134	CS20230722_SUBC_074	074 MEA-BST Lhx6 Sp9 Gaba														
http://purl.obolibrary.org/obo/PCL_0110135	CS20230722_SUBC_075	075 MEA-BST Lhx6 Nr2e1 Gaba														
http://purl.obolibrary.org/obo/PCL_0110136	CS20230722_SUBC_076	076 MEA-BST Lhx6 Nfib Gaba														
http://purl.obolibrary.org/obo/PCL_0110933	CS20230722_SUPT_0363	077 CEA-BST Gal Avp Gaba														
http://purl.obolibrary.org/obo/PCL_0110138	CS20230722_SUBC_078	078 SI-MA-ACB Ebf1 Bnc2 Gaba														
http://purl.obolibrary.org/obo/PCL_0110139	CS20230722_SUBC_079	079 CEA-BST Six3 Cyp26b1 Gaba														
http://purl.obolibrary.org/obo/PCL_0110140	CS20230722_SUBC_080	080 CEA-AAA-BST Six3 Sp9 Gaba														
http://purl.obolibrary.org/obo/PCL_0110141	CS20230722_SUBC_081	081 ACB-BST-FS D1 Gaba														
http://purl.obolibrary.org/obo/PCL_0110142	CS20230722_SUBC_082	082 CEA-BST Ebf1 Pdyn Gaba														
http://purl.obolibrary.org/obo/PCL_0110143	CS20230722_SUBC_083	083 CEA-BST Rai14 Pdyn Crh Gaba														
http://purl.obolibrary.org/obo/PCL_0110144	CS20230722_SUBC_084	084 BST-SI-AAA Six3 Slc22a3 Gaba														
http://purl.obolibrary.org/obo/PCL_0110145	CS20230722_SUBC_085	085 SI-MPO-LPO Lhx8 Gaba														
http://purl.obolibrary.org/obo/PCL_0110146	CS20230722_SUBC_086	086 MPO-ADP Lhx8 Gaba														
http://purl.obolibrary.org/obo/PCL_0110147	CS20230722_SUBC_087	087 MPN-MPO-LPO Lhx6 Zfhx3 Gaba														
http://purl.obolibrary.org/obo/PCL_0110148	CS20230722_SUBC_088	088 BST Tac2 Gaba														
http://purl.obolibrary.org/obo/PCL_0110149	CS20230722_SUBC_089	089 PVR Six3 Sox3 Gaba														
http://purl.obolibrary.org/obo/PCL_0110150	CS20230722_SUBC_090	090 BST-MPN Six3 Nrgn Gaba														
http://purl.obolibrary.org/obo/PCL_0110151	CS20230722_SUBC_091	091 ARH-PVi Six6 Dopa-Gaba														
http://purl.obolibrary.org/obo/PCL_0110152	CS20230722_SUBC_092	092 TMv-PMv Tbx3 Hist-Gaba														
http://purl.obolibrary.org/obo/PCL_0110153	CS20230722_SUBC_093	093 RT-ZI Gnb3 Gaba														
http://purl.obolibrary.org/obo/PCL_0110154	CS20230722_SUBC_094	094 SCH Six6 Cdc14a Gaba														
http://purl.obolibrary.org/obo/PCL_0110155	CS20230722_SUBC_095	095 DMH Prdm13 Gaba														
http://purl.obolibrary.org/obo/PCL_0114005	CS20230722_CLUS_1625	096 PVHd Gsc Gaba														
http://purl.obolibrary.org/obo/PCL_0110157	CS20230722_SUBC_097	097 PVHd-SBPV Six3 Prox1 Gaba														
http://purl.obolibrary.org/obo/PCL_0110158	CS20230722_SUBC_098	098 AHN-SBPV-PVHd Pdrm12 Gaba														
http://purl.obolibrary.org/obo/PCL_0110159	CS20230722_SUBC_099	099 SBPV-PVa Six6 Satb2 Gaba														
http://purl.obolibrary.org/obo/PCL_0110160	CS20230722_SUBC_100	100 AHN Onecut3 Gaba														
http://purl.obolibrary.org/obo/PCL_0110161	CS20230722_SUBC_101	101 ZI Pax6 Gaba														
http://purl.obolibrary.org/obo/PCL_0110162	CS20230722_SUBC_102	102 DMH-LHA Gsx1 Gaba														
http://purl.obolibrary.org/obo/PCL_0110163	CS20230722_SUBC_103	103 PVHd-DMH Lhx6 Gaba														
http://purl.obolibrary.org/obo/PCL_0110164	CS20230722_SUBC_104	104 TU-ARH Otp Six6 Gaba														
http://purl.obolibrary.org/obo/PCL_0111051	CS20230722_SUPT_0481	105 TMd-DMH Foxd2 Gaba														
http://purl.obolibrary.org/obo/PCL_0110166	CS20230722_SUBC_106	106 PVpo-VMPO-MPN Hmx2 Gaba														
http://purl.obolibrary.org/obo/PCL_0110167	CS20230722_SUBC_107	107 DMH Hmx2 Gaba														
http://purl.obolibrary.org/obo/PCL_0110168	CS20230722_SUBC_108	108 ARH-PVp Tbx3 Gaba														
http://purl.obolibrary.org/obo/PCL_0110169	CS20230722_SUBC_109	109 LGv-ZI Otx2 Gaba														
http://purl.obolibrary.org/obo/PCL_0114369	CS20230722_CLUS_1989	110 BST-po Iigp1 Glut														
http://purl.obolibrary.org/obo/PCL_0110171	CS20230722_SUBC_111	111 TRS-BAC Sln Glut														
http://purl.obolibrary.org/obo/PCL_0111074	CS20230722_SUPT_0504	112 GPi Tbr1 Cngb3 Gaba-Glut														
http://purl.obolibrary.org/obo/PCL_0110173	CS20230722_SUBC_113	113 MEA-COA-BMA Ccdc42 Glut														
http://purl.obolibrary.org/obo/PCL_0110174	CS20230722_SUBC_114	114 COAa-PAA-MEA Barhl2 Glut														
http://purl.obolibrary.org/obo/PCL_0111088	CS20230722_SUPT_0518	115 MS-SF Bsx Glut														
http://purl.obolibrary.org/obo/PCL_0110176	CS20230722_SUBC_116	116 AVPV-MEPO-SFO Tbr1 Glut														
http://purl.obolibrary.org/obo/PCL_0110177	CS20230722_SUBC_117	117 LHA Barhl2 Glut														
http://purl.obolibrary.org/obo/PCL_0110178	CS20230722_SUBC_118	118 ADP-MPO Trp73 Glut														
http://purl.obolibrary.org/obo/PCL_0110179	CS20230722_SUBC_119	119 SI-MA-LPO-LHA Skor1 Glut														
http://purl.obolibrary.org/obo/PCL_0111108	CS20230722_SUPT_0538	120 MEA Otp Foxp2 Glut														
http://purl.obolibrary.org/obo/PCL_0110181	CS20230722_SUBC_121	121 MEA-BST Otp Zic2 Glut														
http://purl.obolibrary.org/obo/PCL_0110182	CS20230722_SUBC_122	122 LHA-MEA Otp Glut														
http://purl.obolibrary.org/obo/PCL_0110183	CS20230722_SUBC_123	123 DMH Nkx2-4 Glut														
http://purl.obolibrary.org/obo/PCL_0110184	CS20230722_SUBC_124	124 MPN-MPO-PVpo Hmx2 Glut														
http://purl.obolibrary.org/obo/PCL_0110185	CS20230722_SUBC_125	125 DMH Hmx2 Glut														
http://purl.obolibrary.org/obo/PCL_0110186	CS20230722_SUBC_126	126 ARH-PVp Tbx3 Glut														
http://purl.obolibrary.org/obo/PCL_0110187	CS20230722_SUBC_127	127 DMH-LHA Vgll2 Glut														
http://purl.obolibrary.org/obo/PCL_0110188	CS20230722_SUBC_128	128 VMH Fezf1 Glut														
http://purl.obolibrary.org/obo/PCL_0110189	CS20230722_SUBC_129	129 VMH Nr5a1 Glut														
http://purl.obolibrary.org/obo/PCL_0110190	CS20230722_SUBC_130	130 LHA Pmch Glut														
http://purl.obolibrary.org/obo/PCL_0110191	CS20230722_SUBC_131	131 LHA-AHN-PVH Otp Trh Glut														
http://purl.obolibrary.org/obo/PCL_0110192	CS20230722_SUBC_132	132 AHN-RCH-LHA Otp Fezf1 Glut														
http://purl.obolibrary.org/obo/PCL_0110193	CS20230722_SUBC_133	133 PVH-SO-PVa Otp Glut														
http://purl.obolibrary.org/obo/PCL_0110194	CS20230722_SUBC_134	134 PH-ant-LHA Otp Bsx Glut														
http://purl.obolibrary.org/obo/PCL_0110195	CS20230722_SUBC_135	135 STN-PSTN Pitx2 Glut														
http://purl.obolibrary.org/obo/PCL_0110196	CS20230722_SUBC_136	136 PMv-TMv Pitx2 Glut														
http://purl.obolibrary.org/obo/PCL_0110197	CS20230722_SUBC_137	137 PH-an Pitx2 Glut														
http://purl.obolibrary.org/obo/PCL_0110198	CS20230722_SUBC_138	138 PH Pitx2 Glut														
http://purl.obolibrary.org/obo/PCL_0110199	CS20230722_SUBC_139	139 PH-LHA Foxb1 Glut														
http://purl.obolibrary.org/obo/PCL_0110200	CS20230722_SUBC_140	140 PMd-LHA Foxb1 Glut														
http://purl.obolibrary.org/obo/PCL_0110201	CS20230722_SUBC_141	141 PH-SUM Foxa1 Glut														
http://purl.obolibrary.org/obo/PCL_0111199	CS20230722_SUPT_0629	143 MM-ant Foxb1 Glut														
http://purl.obolibrary.org/obo/PCL_0110204	CS20230722_SUBC_144	144 MM Foxb1 Glut														
http://purl.obolibrary.org/obo/PCL_0110205	CS20230722_SUBC_145	145 MH Tac2 Glut														
http://purl.obolibrary.org/obo/PCL_0110206	CS20230722_SUBC_146	146 LH Pou4f1 Sox1 Glut														
http://purl.obolibrary.org/obo/PCL_0111211	CS20230722_SUPT_0641	147 AD Serpinb7 Glut														
http://purl.obolibrary.org/obo/PCL_0111212	CS20230722_SUPT_0642	148 AV Col27a1 Glut														
http://purl.obolibrary.org/obo/PCL_0110209	CS20230722_SUBC_149	149 PVT-PT Ntrk1 Glut														
http://purl.obolibrary.org/obo/PCL_0110210	CS20230722_SUBC_150	150 CM-IAD-CL-PCN Sema5b Glut														
http://purl.obolibrary.org/obo/PCL_0110211	CS20230722_SUBC_151	151 TH Prkcd Grin2c Glut														
http://purl.obolibrary.org/obo/PCL_0110212	CS20230722_SUBC_152	152 RE-Xi Nox4 Glut														
http://purl.obolibrary.org/obo/PCL_0110213	CS20230722_SUBC_153	153 MG-POL-SGN Nts Glut														
http://purl.obolibrary.org/obo/PCL_0110214	CS20230722_SUBC_154	154 PF Fzd5 Glut														
http://purl.obolibrary.org/obo/PCL_0110215	CS20230722_SUBC_155	155 PRC-PAG Pax6 Glut														
http://purl.obolibrary.org/obo/PCL_0111251	CS20230722_SUPT_0681	156 MB-ant-ve Dmrta2 Glut														
http://purl.obolibrary.org/obo/PCL_0115141	CS20230722_CLUS_2761	157 RN Spp1 Glut														
http://purl.obolibrary.org/obo/PCL_0110218	CS20230722_SUBC_158	158 MRN-PAG Nkx6-1 Glut														
http://purl.obolibrary.org/obo/PCL_0110219	CS20230722_SUBC_159	159 IF-RL-CLI-PAG Foxa1 Glut														
http://purl.obolibrary.org/obo/PCL_0110220	CS20230722_SUBC_160	160 PAG-SC Neurod2 Meis2 Glut														
http://purl.obolibrary.org/obo/PCL_0110221	CS20230722_SUBC_161	161 PAG Pou4f3 Glut														
http://purl.obolibrary.org/obo/PCL_0110222	CS20230722_SUBC_162	162 CUN Evx2 Lhx2 Glut														
http://purl.obolibrary.org/obo/PCL_0111272	CS20230722_SUPT_0702	163 APN C1ql2 Glut														
http://purl.obolibrary.org/obo/PCL_0111273	CS20230722_SUPT_0703	164 APN C1ql4 Glut														
http://purl.obolibrary.org/obo/PCL_0110225	CS20230722_SUBC_165	165 PAG-MRN Pou3f1 Glut														
http://purl.obolibrary.org/obo/PCL_0110226	CS20230722_SUBC_166	166 MRN Pou3f1 C1ql4 Glut														
http://purl.obolibrary.org/obo/PCL_0110227	CS20230722_SUBC_167	167 PRC-PAG Tcf7l2 Irx2 Glut														
http://purl.obolibrary.org/obo/PCL_0110228	CS20230722_SUBC_168	168 SPA-SPFm-SPFp-POL-PIL-PoT Sp9 Glut														
http://purl.obolibrary.org/obo/PCL_0110229	CS20230722_SUBC_169	169 PAG-SC Pou4f1 Zic1 Glut														
http://purl.obolibrary.org/obo/PCL_0110230	CS20230722_SUBC_170	170 PAG-MRN Tfap2b Glut														
http://purl.obolibrary.org/obo/PCL_0110231	CS20230722_SUBC_171	171 PAG Pou4f1 Bnc2 Glut														
http://purl.obolibrary.org/obo/PCL_0110232	CS20230722_SUBC_172	172 PAG Pou4f1 Ebf2 Glut														
http://purl.obolibrary.org/obo/PCL_0110233	CS20230722_SUBC_173	173 PAG Pou4f2 Glut														
http://purl.obolibrary.org/obo/PCL_0110234	CS20230722_SUBC_174	174 PAG Pou4f2 Mesi2 Glut														
http://purl.obolibrary.org/obo/PCL_0110235	CS20230722_SUBC_175	175 SC Bnc2 Glut														
http://purl.obolibrary.org/obo/PCL_0110236	CS20230722_SUBC_176	176 SCig Foxb1 Glut														
http://purl.obolibrary.org/obo/PCL_0111334	CS20230722_SUPT_0764	177 SCig-an-PPT Foxb1 Glut														
http://purl.obolibrary.org/obo/PCL_0111335	CS20230722_SUPT_0765	178 SCig Foxb1 Otx2 Glut														
http://purl.obolibrary.org/obo/PCL_0111336	CS20230722_SUPT_0766	179 SCdg-PAG Tfap2b Glut														
http://purl.obolibrary.org/obo/PCL_0110240	CS20230722_SUBC_180	180 SCiw Pitx2 Glut														
http://purl.obolibrary.org/obo/PCL_0110241	CS20230722_SUBC_181	181 IC Tfap2d Maf Glut														
http://purl.obolibrary.org/obo/PCL_0110242	CS20230722_SUBC_182	182 CUN-PPN Evx2 Meis2 Glut														
http://purl.obolibrary.org/obo/PCL_0115732	CS20230722_CLUS_3352	183 PBG Mtnr1a Glut-Chol														
http://purl.obolibrary.org/obo/PCL_0115733	CS20230722_CLUS_3353	184 PAG Tcf24 Glut														
http://purl.obolibrary.org/obo/PCL_0111353	CS20230722_SUPT_0783	185 SCig Tfap2b Chrnb3 Glut														
http://purl.obolibrary.org/obo/PCL_0111354	CS20230722_SUPT_0784	186 SCop Pou4f2 Neurod2 Glut														
http://purl.obolibrary.org/obo/PCL_0110247	CS20230722_SUBC_187	187 SCsg Pde5a Glut														
http://purl.obolibrary.org/obo/PCL_0111358	CS20230722_SUPT_0788	188 SCop Sln Glut														
http://purl.obolibrary.org/obo/PCL_0115762	CS20230722_CLUS_3382	189 PAG Ucn Glut														
http://purl.obolibrary.org/obo/PCL_0111360	CS20230722_SUPT_0790	190 ND-INC Foxd2 Glut														
http://purl.obolibrary.org/obo/PCL_0111361	CS20230722_SUPT_0791	191 PAG-MRN Rln3 Gaba														
http://purl.obolibrary.org/obo/PCL_0110252	CS20230722_SUBC_192	192 PPN-CUN-PCG Otp En1 Gaba														
http://purl.obolibrary.org/obo/PCL_0110253	CS20230722_SUBC_193	193 MRN-PPN-CUN Pax8 Gaba														
http://purl.obolibrary.org/obo/PCL_0110254	CS20230722_SUBC_194	194 MRN-VTN-PPN Pax5 Cdh23 Gaba														
http://purl.obolibrary.org/obo/PCL_0110255	CS20230722_SUBC_195	195 SNr-VTA Pax5 Npas1 Gaba														
http://purl.obolibrary.org/obo/PCL_0110256	CS20230722_SUBC_196	196 PAG-PPN Pax5 Sox21 Gaba														
http://purl.obolibrary.org/obo/PCL_0111376	CS20230722_SUPT_0806	197 SNr Six3 Gaba														
http://purl.obolibrary.org/obo/PCL_0110258	CS20230722_SUBC_198	198 IC Six3 En2 Gaba														
http://purl.obolibrary.org/obo/PCL_0110259	CS20230722_SUBC_199	199 PAG-MRN-RN Foxa2 Gaba														
http://purl.obolibrary.org/obo/PCL_0110260	CS20230722_SUBC_200	200 PAG-ND-PCG Onecut1 Gaba														
http://purl.obolibrary.org/obo/PCL_0110261	CS20230722_SUBC_201	201 PAG-RN Nkx2-2 Otx1 Gaba														
http://purl.obolibrary.org/obo/PCL_0110262	CS20230722_SUBC_202	202 PRT Tcf7l2 Gaba														
http://purl.obolibrary.org/obo/PCL_0110263	CS20230722_SUBC_203	203 LGv-SPFp-SPFm Nkx2-2 Tcf7l2 Gaba														
http://purl.obolibrary.org/obo/PCL_0110264	CS20230722_SUBC_204	204 SC Otx2 Gcnt4 Gaba														
http://purl.obolibrary.org/obo/PCL_0110265	CS20230722_SUBC_205	205 SC-PAG Lef1 Emx2 Gaba														
http://purl.obolibrary.org/obo/PCL_0110266	CS20230722_SUBC_206	206 SCm-PAG Cdh23 Gaba														
http://purl.obolibrary.org/obo/PCL_0110267	CS20230722_SUBC_207	207 SCs Dmbx1 Gaba														
http://purl.obolibrary.org/obo/PCL_0110268	CS20230722_SUBC_208	208 SC Lef1 Otx2 Gaba														
http://purl.obolibrary.org/obo/PCL_0110269	CS20230722_SUBC_209	209 SCs Pax7 Nfia Gaba														
http://purl.obolibrary.org/obo/PCL_0110270	CS20230722_SUBC_210	210 PRT Mecom Gaba														
http://purl.obolibrary.org/obo/PCL_0110271	CS20230722_SUBC_211	211 SC Tnnt1 Gli3 Gaba														
http://purl.obolibrary.org/obo/PCL_0110272	CS20230722_SUBC_212	212 SCs Lef1 Gli3 Gaba														
http://purl.obolibrary.org/obo/PCL_0110273	CS20230722_SUBC_213	213 SCsg Gabrr2 Gaba														
http://purl.obolibrary.org/obo/PCL_0110274	CS20230722_SUBC_214	214 IPN Otp Crisp1 Gaba														
http://purl.obolibrary.org/obo/PCL_0110277	CS20230722_SUBC_217	217 PB Lmx1a Glut														
http://purl.obolibrary.org/obo/PCL_0111472	CS20230722_SUPT_0902	218 PSV Lmx1a Trpv6 Glut														
http://purl.obolibrary.org/obo/PCL_0111473	CS20230722_SUPT_0903	219 PB-SUT Tlx3 Lhx2 Glut														
http://purl.obolibrary.org/obo/PCL_0110280	CS20230722_SUBC_220	220 PB Pax5 Glut														
http://purl.obolibrary.org/obo/PCL_0110281	CS20230722_SUBC_221	221 LDT-PCG Vsx2 Lhx4 Glut														
http://purl.obolibrary.org/obo/PCL_0110282	CS20230722_SUBC_222	222 PB Evx2 Glut														
http://purl.obolibrary.org/obo/PCL_0110283	CS20230722_SUBC_223	223 B-PB Nr4a2 Glut														
http://purl.obolibrary.org/obo/PCL_0110284	CS20230722_SUBC_224	224 PCG-PRNr Vsx2 Nkx6-1 Glut														
http://purl.obolibrary.org/obo/PCL_0110285	CS20230722_SUBC_225	225 PRNc-NI-SG-RPO Vsx2 Nr4a2 Glut														
http://purl.obolibrary.org/obo/PCL_0110286	CS20230722_SUBC_226	226 PRNc-PARN Tlx1 Glut														
http://purl.obolibrary.org/obo/PCL_0111508	CS20230722_SUPT_0938	227 PB-PSV Phox2b Glut														
http://purl.obolibrary.org/obo/PCL_0110288	CS20230722_SUBC_228	228 PSV Pvalb Lhx2 Glut														
http://purl.obolibrary.org/obo/PCL_0110289	CS20230722_SUBC_229	229 PB-NTS Phox2b Ebf3 Lmx1b Glut														
http://purl.obolibrary.org/obo/PCL_0111515	CS20230722_SUPT_0945	230 PRNr Otp Nfib Glut														
http://purl.obolibrary.org/obo/PCL_0110291	CS20230722_SUBC_231	231 IPN-LDT Vsx2 Nkx6-1 Glut														
http://purl.obolibrary.org/obo/PCL_0110292	CS20230722_SUBC_232	232 LDT Vsx2 Nkx6-1 Nfib Glut														
http://purl.obolibrary.org/obo/PCL_0110293	CS20230722_SUBC_233	233 NLL-SOC Spp1 Glut														
http://purl.obolibrary.org/obo/PCL_0116577	CS20230722_CLUS_4197	234 MEV Ppp1r1c Glut														
http://purl.obolibrary.org/obo/PCL_0111523	CS20230722_SUPT_0953	235 PG-TRN-LRN Fat2 Glut														
http://purl.obolibrary.org/obo/PCL_0111524	CS20230722_SUPT_0954	236 IRN Vip Glut														
http://purl.obolibrary.org/obo/PCL_0110297	CS20230722_SUBC_237	237 PRP-NI-PRNc-GRN Otp Glut														
http://purl.obolibrary.org/obo/PCL_0110298	CS20230722_SUBC_238	238 NTS Phox2b Glut														
http://purl.obolibrary.org/obo/PCL_0116688	CS20230722_CLUS_4308	239 MARN-GRN Pyy Glut														
http://purl.obolibrary.org/obo/PCL_0116689	CS20230722_CLUS_4309	240 MDRNv Lhx4 Qrfprl Glut														
http://purl.obolibrary.org/obo/PCL_0116690	CS20230722_CLUS_4310	241 NTS Mbnl3 Glut														
http://purl.obolibrary.org/obo/PCL_0111542	CS20230722_SUPT_0972	242 PGRNd Dmbx1 Glut														
http://purl.obolibrary.org/obo/PCL_0110303	CS20230722_SUBC_243	243 PGRN-PARN-MDRN Hoxb5 Glut														
http://purl.obolibrary.org/obo/PCL_0111550	CS20230722_SUPT_0980	244 MV-SPIV Slc6a2 Glut														
http://purl.obolibrary.org/obo/PCL_0110305	CS20230722_SUBC_245	245 SPVI-SPVC Tlx3 Ebf3 Glut														
http://purl.obolibrary.org/obo/PCL_0110306	CS20230722_SUBC_246	246 CU-ECU-SPVI Foxb1 Glut														
http://purl.obolibrary.org/obo/PCL_0110307	CS20230722_SUBC_247	247 MV-SPIV Phox2b Ebf3 Lbx1 Glut														
http://purl.obolibrary.org/obo/PCL_0110308	CS20230722_SUBC_248	248 MV-SPIV Zic4 Neurod2 Glut														
http://purl.obolibrary.org/obo/PCL_0111572	CS20230722_SUPT_1002	249 NTS Aldh1a2 Glut														
http://purl.obolibrary.org/obo/PCL_0111573	CS20230722_SUPT_1003	250 CBN Neurod2 Pvalb Glut														
http://purl.obolibrary.org/obo/PCL_0110311	CS20230722_SUBC_251	251 NTS Dbh Glut														
http://purl.obolibrary.org/obo/PCL_0110312	CS20230722_SUBC_252	252 DMX VII Tbx20 Chol														
http://purl.obolibrary.org/obo/PCL_0116937	CS20230722_CLUS_4557	253 IO Fgl2 Glut														
http://purl.obolibrary.org/obo/PCL_0110314	CS20230722_SUBC_254	254 VCO Mafa Meis2 Glut														
http://purl.obolibrary.org/obo/PCL_0111587	CS20230722_SUPT_1017	255 SPVO Mafa Meis2 Glut														
http://purl.obolibrary.org/obo/PCL_0110316	CS20230722_SUBC_256	256 SPVC Mafa Glut														
http://purl.obolibrary.org/obo/PCL_0111590	CS20230722_SUPT_1020	257 SPVC Ccdc172 Glut														
http://purl.obolibrary.org/obo/PCL_0110318	CS20230722_SUBC_258	258 SPVC Nmu Glut														
http://purl.obolibrary.org/obo/PCL_0111593	CS20230722_SUPT_1023	259 MDRNd Bves Glut														
http://purl.obolibrary.org/obo/PCL_0111594	CS20230722_SUPT_1024	260 MDRNv Crp Glut														
http://purl.obolibrary.org/obo/PCL_0110321	CS20230722_SUBC_261	261 HB Calcb Chol														
http://purl.obolibrary.org/obo/PCL_0110323	CS20230722_SUBC_263	263 CS-RPO Meis2 Gaba														
http://purl.obolibrary.org/obo/PCL_0110324	CS20230722_SUBC_264	264 PRNc Otp Gly-Gaba														
http://purl.obolibrary.org/obo/PCL_0110325	CS20230722_SUBC_265	265 PB Sst Gly-Gaba														
http://purl.obolibrary.org/obo/PCL_0117049	CS20230722_CLUS_4669	266 PRNc Prox1 Brs3 Gly-Gaba														
http://purl.obolibrary.org/obo/PCL_0110327	CS20230722_SUBC_267	267 CS-PRNr-PCG Tmem163 Otp Gaba														
http://purl.obolibrary.org/obo/PCL_0110328	CS20230722_SUBC_268	268 CS-PRNr-DR En1 Sox2 Gaba														
http://purl.obolibrary.org/obo/PCL_0111619	CS20230722_SUPT_1049	269 LDT Fgf7 Gaba														
http://purl.obolibrary.org/obo/PCL_0110330	CS20230722_SUBC_270	270 LDT-DTN Gata3 Nfix Gaba														
http://purl.obolibrary.org/obo/PCL_0110331	CS20230722_SUBC_271	271 NI-RPO Gata3 Nr4a2 Gaba														
http://purl.obolibrary.org/obo/PCL_0110332	CS20230722_SUBC_272	272 LDT-PCG-CS Gata3 Lhx1 Gaba														
http://purl.obolibrary.org/obo/PCL_0110333	CS20230722_SUBC_273	273 PDTg-PCG Pax6 Gaba														
http://purl.obolibrary.org/obo/PCL_0111635	CS20230722_SUPT_1065	274 PDTg Otp Shroom3 Gaba														
http://purl.obolibrary.org/obo/PCL_0111636	CS20230722_SUPT_1066	275 PDTg Otp Olig3 Gaba														
http://purl.obolibrary.org/obo/PCL_0110336	CS20230722_SUBC_276	276 LDT-PCG St18 Gaba														
http://purl.obolibrary.org/obo/PCL_0110337	CS20230722_SUBC_277	277 DTN-LDT-IPN Otp Pax3 Gaba														
http://purl.obolibrary.org/obo/PCL_0110338	CS20230722_SUBC_278	278 NLL Gata3 Gly-Gaba														
http://purl.obolibrary.org/obo/PCL_0110339	CS20230722_SUBC_279	279 PSV Pax2 Gly-Gaba														
http://purl.obolibrary.org/obo/PCL_0117190	CS20230722_CLUS_4810	280 NLL-po Pax7 Gaba														
http://purl.obolibrary.org/obo/PCL_0117191	CS20230722_CLUS_4811	281 POR Gata3 Gly-Gaba														
http://purl.obolibrary.org/obo/PCL_0117192	CS20230722_CLUS_4812	282 POR Spp1 Gly-Gaba														
http://purl.obolibrary.org/obo/PCL_0110343	CS20230722_SUBC_283	283 PRP Otp Gly-Gaba														
http://purl.obolibrary.org/obo/PCL_0111658	CS20230722_SUPT_1088	284 GRN-IRN-MDRNd Ikzf1 Gly-Gaba														
http://purl.obolibrary.org/obo/PCL_0110345	CS20230722_SUBC_285	285 MY Lhx1 Gly-Gaba														
http://purl.obolibrary.org/obo/PCL_0111668	CS20230722_SUPT_1098	286 PPY-PGRNl Vip Glyc-Gaba														
http://purl.obolibrary.org/obo/PCL_0110347	CS20230722_SUBC_287	287 MV-SPIV-PRP Dmbx1 Gly-Gaba														
http://purl.obolibrary.org/obo/PCL_0111672	CS20230722_SUPT_1102	288 MDRN Hoxb5 Ebf2 Gly-Gaba														
http://purl.obolibrary.org/obo/PCL_0111673	CS20230722_SUPT_1103	289 MDRNd Prox1 Pax6 Gly-Gaba														
http://purl.obolibrary.org/obo/PCL_0111674	CS20230722_SUPT_1104	290 MY Prox1 Lmo7 Gly-Gaba														
http://purl.obolibrary.org/obo/PCL_0110351	CS20230722_SUBC_291	291 NTS-MDRNd Prox1 Zic1 Gly-Gaba														
http://purl.obolibrary.org/obo/PCL_0110352	CS20230722_SUBC_292	292 MV Nkx6-1 Gly-Gaba														
http://purl.obolibrary.org/obo/PCL_0110353	CS20230722_SUBC_293	293 PAS-MV Ebf2 Gly-Gaba														
http://purl.obolibrary.org/obo/PCL_0110354	CS20230722_SUBC_294	294 MV Pax6 Gly-Gaba														
http://purl.obolibrary.org/obo/PCL_0111685	CS20230722_SUPT_1115	295 CBN Dmbx1 Gaba														
http://purl.obolibrary.org/obo/PCL_0111686	CS20230722_SUPT_1116	296 RPA Pax6 Hoxb5 Gly-Gaba														
http://purl.obolibrary.org/obo/PCL_0117389	CS20230722_CLUS_5009	297 CU-ECU Pax2 Gly-Gaba														
http://purl.obolibrary.org/obo/PCL_0111688	CS20230722_SUPT_1118	298 PRP Gata3 Slc6a5 Gly-Gaba														
http://purl.obolibrary.org/obo/PCL_0111689	CS20230722_SUPT_1119	299 MARN-PPY Ngfr Gly-Gaba														
http://purl.obolibrary.org/obo/PCL_0110360	CS20230722_SUBC_300	300 PARN-MDRNd-NTS Gbx2 Gly-Gaba														
http://purl.obolibrary.org/obo/PCL_0117446	CS20230722_CLUS_5066	301 MV Nr4a2 Gly-Gaba														
http://purl.obolibrary.org/obo/PCL_0117447	CS20230722_CLUS_5067	302 MV Xdh Gly-Gaba														
http://purl.obolibrary.org/obo/PCL_0111699	CS20230722_SUPT_1129	303 IRN Dmbx1 Pax2 Gly-Gaba														
http://purl.obolibrary.org/obo/PCL_0110364	CS20230722_SUBC_304	304 NTS-PARN Neurod2 Gly-Gaba														
http://purl.obolibrary.org/obo/PCL_0110365	CS20230722_SUBC_305	305 SPVI-SPVC Sall3 Nfib Gly-Gaba														
http://purl.obolibrary.org/obo/PCL_0110366	CS20230722_SUBC_306	306 SPVI-SPVC Sall3 Lhx1 Gly-Gaba														
http://purl.obolibrary.org/obo/PCL_0111710	CS20230722_SUPT_1140	307 RO-RPA Pkd2l1 Gaba														
http://purl.obolibrary.org/obo/PCL_0110368	CS20230722_SUBC_308	308 DCO Il22 Gly-Gaba														
http://purl.obolibrary.org/obo/PCL_0110369	CS20230722_SUBC_309	309 CB PLI Gly-Gaba														
http://purl.obolibrary.org/obo/PCL_0111718	CS20230722_SUPT_1148	310 CBX Golgi Gly-Gaba														
http://purl.obolibrary.org/obo/PCL_0110371	CS20230722_SUBC_311	311 CBX MLI Megf11 Gaba														
http://purl.obolibrary.org/obo/PCL_0117572	CS20230722_CLUS_5192	312 CBX MLI Cdh22 Gaba														
http://purl.obolibrary.org/obo/PCL_0110373	CS20230722_SUBC_313	313 CBX Purkinje Gaba														
http://purl.obolibrary.org/obo/PCL_0110374	CS20230722_SUBC_314	314 CB Granule Glut														
http://purl.obolibrary.org/obo/PCL_0111726	CS20230722_SUPT_1156	315 DCO UBC Glut														
http://purl.obolibrary.org/obo/PCL_0117586	CS20230722_CLUS_5206	316 Bergmann NN		Bergman glial cell (Mmus)												
http://purl.obolibrary.org/obo/PCL_0117587	CS20230722_CLUS_5207	317 Astro-CB NN														
http://purl.obolibrary.org/obo/PCL_0110378	CS20230722_SUBC_318	318 Astro-NT NN		subcortical astrocyte (Mmus)												
http://purl.obolibrary.org/obo/PCL_0110379	CS20230722_SUBC_319	319 Astro-TE NN		telencephalic astrocyte (Mmus)												
http://purl.obolibrary.org/obo/PCL_0110380	CS20230722_SUBC_320	320 Astro-OLF NN		olfactory areas astrocyte (Mmus)												
http://purl.obolibrary.org/obo/PCL_0110381	CS20230722_SUBC_321	321 Astroependymal NN														
http://purl.obolibrary.org/obo/PCL_0110382	CS20230722_SUBC_322	322 Tanycyte NN		tanycyte (Mmus)												
http://purl.obolibrary.org/obo/PCL_0110383	CS20230722_SUBC_323	323 Ependymal NN		ependymal cell (Mmus)												
http://purl.obolibrary.org/obo/PCL_0117643	CS20230722_CLUS_5263	324 Hypendymal NN		hypendemal cell (Mmus)												
http://purl.obolibrary.org/obo/PCL_0111748	CS20230722_SUPT_1178	325 CHOR NN		choroid plexus epithelial cell (Mmus)												
http://purl.obolibrary.org/obo/CL_4300366	CS20230722_SUBC_326	326 OPC NN		oligodendrocyte precursor cell (Mmus))												
http://purl.obolibrary.org/obo/CL_4300367	CS20230722_SUBC_327	327 Oligo NN		oligodendrocyte (Mmus)												
http://purl.obolibrary.org/obo/PCL_0111756	CS20230722_SUPT_1186	329 ABC NN		arachnoid barrier cell (Mmus)												
http://purl.obolibrary.org/obo/PCL_0110390	CS20230722_SUBC_330	330 VLMC NN		vascular leptomeningeal cell (Mmus)												
http://purl.obolibrary.org/obo/PCL_0111761	CS20230722_SUPT_1191	331 Peri NN	TRUE													
http://purl.obolibrary.org/obo/PCL_0111762	CS20230722_SUPT_1192	332 SMC NN	TRUE													
http://purl.obolibrary.org/obo/PCL_0111763	CS20230722_SUPT_1193	333 Endo NN	TRUE													
http://purl.obolibrary.org/obo/PCL_0117692	CS20230722_CLUS_5312	334 Microglia NN		microglial cell (Mmus)												
http://purl.obolibrary.org/obo/PCL_0111765	CS20230722_SUPT_1195	335 BAM NN		border associated macrophage (Mmus)												
http://purl.obolibrary.org/obo/PCL_0117695	CS20230722_CLUS_5315	336 Monocytes NN	TRUE													
http://purl.obolibrary.org/obo/PCL_0111767	CS20230722_SUPT_1197	337 DC NN	TRUE													
http://purl.obolibrary.org/obo/PCL_0110398	CS20230722_SUBC_338	338 Lymphoid NN	TRUE													
http://purl.obolibrary.org/obo/PCL_0110571	CS20230722_SUPT_0001	0001 CLA-EPd-CTX Car3 Glut_1														
http://purl.obolibrary.org/obo/PCL_0112385	CS20230722_CLUS_0005	0002 CLA-EPd-CTX Car3 Glut_2														
http://purl.obolibrary.org/obo/PCL_0110573	CS20230722_SUPT_0003	0003 IT EP-CLA Glut_1														
http://purl.obolibrary.org/obo/PCL_0110574	CS20230722_SUPT_0004	0004 IT EP-CLA Glut_2														
http://purl.obolibrary.org/obo/PCL_0110575	CS20230722_SUPT_0005	0005 IT EP-CLA Glut_3														
http://purl.obolibrary.org/obo/PCL_0110576	CS20230722_SUPT_0006	0006 IT EP-CLA Glut_4														
http://purl.obolibrary.org/obo/PCL_0110577	CS20230722_SUPT_0007	0007 L5/6 IT TPE-ENT Glut_1														
http://purl.obolibrary.org/obo/PCL_0110578	CS20230722_SUPT_0008	0008 L5/6 IT TPE-ENT Glut_2														
http://purl.obolibrary.org/obo/PCL_0112409	CS20230722_CLUS_0029	0009 L5/6 IT TPE-ENT Glut_3														
http://purl.obolibrary.org/obo/PCL_0112410	CS20230722_CLUS_0030	0010 L5/6 IT TPE-ENT Glut_4														
http://purl.obolibrary.org/obo/PCL_0112411	CS20230722_CLUS_0031	0011 L5/6 IT TPE-ENT Glut_5														
http://purl.obolibrary.org/obo/PCL_0112412	CS20230722_CLUS_0032	0012 L5/6 IT TPE-ENT Glut_6														
http://purl.obolibrary.org/obo/PCL_0110583	CS20230722_SUPT_0013	0013 L6 IT CTX Glut_1														
http://purl.obolibrary.org/obo/PCL_0110584	CS20230722_SUPT_0014	0014 L6 IT CTX Glut_2														
http://purl.obolibrary.org/obo/PCL_0110585	CS20230722_SUPT_0015	0015 L6 IT CTX Glut_3														
http://purl.obolibrary.org/obo/PCL_0110586	CS20230722_SUPT_0016	0016 L6 IT CTX Glut_4														
http://purl.obolibrary.org/obo/PCL_0110587	CS20230722_SUPT_0017	0017 L6 IT CTX Glut_5														
http://purl.obolibrary.org/obo/PCL_0110588	CS20230722_SUPT_0018	0018 L5 IT CTX Glut_1														
http://purl.obolibrary.org/obo/PCL_0110589	CS20230722_SUPT_0019	0019 L5 IT CTX Glut_2														
http://purl.obolibrary.org/obo/PCL_0110590	CS20230722_SUPT_0020	0020 L5 IT CTX Glut_3														
http://purl.obolibrary.org/obo/PCL_0110591	CS20230722_SUPT_0021	0021 L5 IT CTX Glut_4														
http://purl.obolibrary.org/obo/PCL_0112445	CS20230722_CLUS_0065	0022 L5 IT CTX Glut_5														
http://purl.obolibrary.org/obo/PCL_0110593	CS20230722_SUPT_0023	0023 L4/5 IT CTX Glut_1														
http://purl.obolibrary.org/obo/PCL_0110594	CS20230722_SUPT_0024	0024 L4/5 IT CTX Glut_2														
http://purl.obolibrary.org/obo/PCL_0110595	CS20230722_SUPT_0025	0025 L4/5 IT CTX Glut_3														
http://purl.obolibrary.org/obo/PCL_0110596	CS20230722_SUPT_0026	0026 L4/5 IT CTX Glut_4														
http://purl.obolibrary.org/obo/PCL_0110597	CS20230722_SUPT_0027	0027 L4/5 IT CTX Glut_5														
http://purl.obolibrary.org/obo/PCL_0110598	CS20230722_SUPT_0028	0028 L4/5 IT CTX Glut_6														
http://purl.obolibrary.org/obo/PCL_0110599	CS20230722_SUPT_0029	0029 L2/3 IT CTX Glut_1														
http://purl.obolibrary.org/obo/PCL_0110600	CS20230722_SUPT_0030	0030 L2/3 IT CTX Glut_2														
http://purl.obolibrary.org/obo/PCL_0110601	CS20230722_SUPT_0031	0031 L2/3 IT CTX Glut_3														
http://purl.obolibrary.org/obo/PCL_0110602	CS20230722_SUPT_0032	0032 L2/3 IT CTX Glut_4														
http://purl.obolibrary.org/obo/PCL_0110603	CS20230722_SUPT_0033	0033 L2/3 IT ENT Glut_1														
http://purl.obolibrary.org/obo/PCL_0110604	CS20230722_SUPT_0034	0034 L2/3 IT ENT Glut_2														
http://purl.obolibrary.org/obo/PCL_0110605	CS20230722_SUPT_0035	0035 L2/3 IT ENT Glut_3														
http://purl.obolibrary.org/obo/PCL_0110606	CS20230722_SUPT_0036	0036 L2/3 IT ENT Glut_4														
http://purl.obolibrary.org/obo/PCL_0110607	CS20230722_SUPT_0037	0037 L2/3 IT ENT Glut_5														
http://purl.obolibrary.org/obo/PCL_0110608	CS20230722_SUPT_0038	0038 L2/3 IT ENT Glut_6														
http://purl.obolibrary.org/obo/PCL_0110609	CS20230722_SUPT_0039	0039 L2/3 IT PIR-ENTl Glut_1														
http://purl.obolibrary.org/obo/PCL_0110610	CS20230722_SUPT_0040	0040 L2/3 IT PIR-ENTl Glut_2														
http://purl.obolibrary.org/obo/PCL_0110611	CS20230722_SUPT_0041	0041 L2/3 IT PIR-ENTl Glut_3														
http://purl.obolibrary.org/obo/PCL_0110612	CS20230722_SUPT_0042	0042 L2/3 IT PIR-ENTl Glut_4														
http://purl.obolibrary.org/obo/PCL_0112541	CS20230722_CLUS_0161	0043 L2/3 IT PIR-ENTl Glut_5														
http://purl.obolibrary.org/obo/PCL_0110614	CS20230722_SUPT_0044	0044 L2/3 IT PIR-ENTl Glut_6														
http://purl.obolibrary.org/obo/PCL_0110615	CS20230722_SUPT_0045	0045 L2/3 IT PIR-ENTl Glut_7														
http://purl.obolibrary.org/obo/PCL_0110616	CS20230722_SUPT_0046	0046 IT AON-TT-DP Glut_1														
http://purl.obolibrary.org/obo/PCL_0110617	CS20230722_SUPT_0047	0047 IT AON-TT-DP Glut_2														
http://purl.obolibrary.org/obo/PCL_0110618	CS20230722_SUPT_0048	0048 IT AON-TT-DP Glut_3														
http://purl.obolibrary.org/obo/PCL_0110619	CS20230722_SUPT_0049	0049 IT AON-TT-DP Glut_4														
http://purl.obolibrary.org/obo/PCL_0110620	CS20230722_SUPT_0050	0050 IT AON-TT-DP Glut_5														
http://purl.obolibrary.org/obo/PCL_0110621	CS20230722_SUPT_0051	0051 L2 IT ENT-po Glut_1														
http://purl.obolibrary.org/obo/PCL_0110622	CS20230722_SUPT_0052	0052 L2 IT ENT-po Glut_2														
http://purl.obolibrary.org/obo/PCL_0112570	CS20230722_CLUS_0190	0053 L2 IT ENT-po Glut_3														
http://purl.obolibrary.org/obo/PCL_0112571	CS20230722_CLUS_0191	0054 L2 IT ENT-po Glut_4														
http://purl.obolibrary.org/obo/PCL_0110625	CS20230722_SUPT_0055	0055 MEA Slc17a7 Glut_1														
http://purl.obolibrary.org/obo/PCL_0110626	CS20230722_SUPT_0056	0056 MEA Slc17a7 Glut_2														
http://purl.obolibrary.org/obo/PCL_0110627	CS20230722_SUPT_0057	0057 MEA Slc17a7 Glut_3														
http://purl.obolibrary.org/obo/PCL_0112595	CS20230722_CLUS_0215	0058 COAp Grxcr2 Glut_1														
http://purl.obolibrary.org/obo/PCL_0110629	CS20230722_SUPT_0059	0059 COAp Grxcr2 Glut_2														
http://purl.obolibrary.org/obo/PCL_0110630	CS20230722_SUPT_0060	0060 LA-BLA-BMA-PA Glut_1														
http://purl.obolibrary.org/obo/PCL_0110631	CS20230722_SUPT_0061	0061 LA-BLA-BMA-PA Glut_2														
http://purl.obolibrary.org/obo/PCL_0110632	CS20230722_SUPT_0062	0062 LA-BLA-BMA-PA Glut_3														
http://purl.obolibrary.org/obo/PCL_0110633	CS20230722_SUPT_0063	0063 LA-BLA-BMA-PA Glut_4														
http://purl.obolibrary.org/obo/PCL_0110634	CS20230722_SUPT_0064	0064 LA-BLA-BMA-PA Glut_5														
http://purl.obolibrary.org/obo/PCL_0110635	CS20230722_SUPT_0065	0065 LA-BLA-BMA-PA Glut_6														
http://purl.obolibrary.org/obo/PCL_0110636	CS20230722_SUPT_0066	0066 ENTmv-PA-COAp Glut_1														
http://purl.obolibrary.org/obo/PCL_0110637	CS20230722_SUPT_0067	0067 ENTmv-PA-COAp Glut_2														
http://purl.obolibrary.org/obo/PCL_0110638	CS20230722_SUPT_0068	0068 ENTmv-PA-COAp Glut_3														
http://purl.obolibrary.org/obo/PCL_0110639	CS20230722_SUPT_0069	0069 CA1-ProS Glut_1														
http://purl.obolibrary.org/obo/PCL_0110640	CS20230722_SUPT_0070	0070 CA1-ProS Glut_2														
http://purl.obolibrary.org/obo/PCL_0110641	CS20230722_SUPT_0071	0071 CA1-ProS Glut_3														
http://purl.obolibrary.org/obo/PCL_0110642	CS20230722_SUPT_0072	0072 CA1-ProS Glut_4														
http://purl.obolibrary.org/obo/PCL_0110643	CS20230722_SUPT_0073	0073 CA1-ProS Glut_5														
http://purl.obolibrary.org/obo/PCL_0110644	CS20230722_SUPT_0074	0074 CA1-ProS Glut_6														
http://purl.obolibrary.org/obo/PCL_0110645	CS20230722_SUPT_0075	0075 CA3 Glut_1														
http://purl.obolibrary.org/obo/PCL_0110646	CS20230722_SUPT_0076	0076 CA3 Glut_2														
http://purl.obolibrary.org/obo/PCL_0110647	CS20230722_SUPT_0077	0077 CA3 Glut_3														
http://purl.obolibrary.org/obo/PCL_0110648	CS20230722_SUPT_0078	0078 CA3 Glut_4														
http://purl.obolibrary.org/obo/PCL_0110649	CS20230722_SUPT_0079	0079 CA3 Glut_5														
http://purl.obolibrary.org/obo/PCL_0110650	CS20230722_SUPT_0080	0080 L2 IT PPP-APr Glut_1														
http://purl.obolibrary.org/obo/PCL_0110651	CS20230722_SUPT_0081	0081 L2 IT PPP-APr Glut_2														
http://purl.obolibrary.org/obo/PCL_0110652	CS20230722_SUPT_0082	0082 L2 IT PPP-APr Glut_3														
http://purl.obolibrary.org/obo/PCL_0112708	CS20230722_CLUS_0328	0083 L2 IT PPP-APr Glut_4														
http://purl.obolibrary.org/obo/PCL_0110654	CS20230722_SUPT_0084	0084 L2/3 IT PPP Glut_1														
http://purl.obolibrary.org/obo/PCL_0110655	CS20230722_SUPT_0085	0085 L2/3 IT PPP Glut_2														
http://purl.obolibrary.org/obo/PCL_0110656	CS20230722_SUPT_0086	0086 L2/3 IT PPP Glut_3														
http://purl.obolibrary.org/obo/PCL_0112722	CS20230722_CLUS_0342	0087 L2/3 IT RSP Glut_1														
http://purl.obolibrary.org/obo/PCL_0110658	CS20230722_SUPT_0088	0088 L2/3 IT RSP Glut_2														
http://purl.obolibrary.org/obo/PCL_0110660	CS20230722_SUPT_0090	0090 L5 ET CTX Glut_1														
http://purl.obolibrary.org/obo/PCL_0110661	CS20230722_SUPT_0091	0091 L5 ET CTX Glut_2														
http://purl.obolibrary.org/obo/PCL_0110662	CS20230722_SUPT_0092	0092 L5 ET CTX Glut_3														
http://purl.obolibrary.org/obo/PCL_0110663	CS20230722_SUPT_0093	0093 L5 ET CTX Glut_4														
http://purl.obolibrary.org/obo/PCL_0110664	CS20230722_SUPT_0094	0094 L5 ET CTX Glut_5														
http://purl.obolibrary.org/obo/PCL_0110665	CS20230722_SUPT_0095	0095 L5 ET CTX Glut_6														
http://purl.obolibrary.org/obo/PCL_0110666	CS20230722_SUPT_0096	0096 SUB-ProS Glut_1														
http://purl.obolibrary.org/obo/PCL_0110667	CS20230722_SUPT_0097	0097 SUB-ProS Glut_2														
http://purl.obolibrary.org/obo/PCL_0110668	CS20230722_SUPT_0098	0098 SUB-ProS Glut_3														
http://purl.obolibrary.org/obo/PCL_0112779	CS20230722_CLUS_0399	0100 CA2-FC-IG Glut_1														
http://purl.obolibrary.org/obo/PCL_0110671	CS20230722_SUPT_0101	0101 CA2-FC-IG Glut_2														
http://purl.obolibrary.org/obo/PCL_0110673	CS20230722_SUPT_0103	0103 L6b EPd Glut_1														
http://purl.obolibrary.org/obo/PCL_0110674	CS20230722_SUPT_0104	0104 L6b EPd Glut_2														
http://purl.obolibrary.org/obo/PCL_0110675	CS20230722_SUPT_0105	0105 L6b EPd Glut_3														
http://purl.obolibrary.org/obo/PCL_0110676	CS20230722_SUPT_0106	0106 L6b/CT ENT Glut_1														
http://purl.obolibrary.org/obo/PCL_0110677	CS20230722_SUPT_0107	0107 L6b/CT ENT Glut_2														
http://purl.obolibrary.org/obo/PCL_0110678	CS20230722_SUPT_0108	0108 L6b/CT ENT Glut_3														
http://purl.obolibrary.org/obo/PCL_0110679	CS20230722_SUPT_0109	0109 L6b/CT ENT Glut_4														
http://purl.obolibrary.org/obo/PCL_0110680	CS20230722_SUPT_0110	0110 L6b CTX Glut_1														
http://purl.obolibrary.org/obo/PCL_0110681	CS20230722_SUPT_0111	0111 L6b CTX Glut_2														
http://purl.obolibrary.org/obo/PCL_0110682	CS20230722_SUPT_0112	0112 L6b CTX Glut_3														
http://purl.obolibrary.org/obo/PCL_0112815	CS20230722_CLUS_0435	0113 L6b CTX Glut_4														
http://purl.obolibrary.org/obo/PCL_0110684	CS20230722_SUPT_0114	0114 L6 CT CTX Glut_1														
http://purl.obolibrary.org/obo/PCL_0110685	CS20230722_SUPT_0115	0115 L6 CT CTX Glut_2														
http://purl.obolibrary.org/obo/PCL_0110686	CS20230722_SUPT_0116	0116 L6 CT CTX Glut_3														
http://purl.obolibrary.org/obo/PCL_0112830	CS20230722_CLUS_0450	0117 L6 CT CTX Glut_4														
http://purl.obolibrary.org/obo/PCL_0110688	CS20230722_SUPT_0118	0118 L6 CT CTX Glut_5														
http://purl.obolibrary.org/obo/PCL_0112837	CS20230722_CLUS_0457	0119 L6 CT CTX Glut_6														
http://purl.obolibrary.org/obo/PCL_0112838	CS20230722_CLUS_0458	0120 CT SUB Glut_1														
http://purl.obolibrary.org/obo/PCL_0110691	CS20230722_SUPT_0121	0121 CT SUB Glut_2														
http://purl.obolibrary.org/obo/PCL_0110692	CS20230722_SUPT_0122	0122 L5 NP CTX Glut_1														
http://purl.obolibrary.org/obo/PCL_0110693	CS20230722_SUPT_0123	0123 L5 NP CTX Glut_2														
http://purl.obolibrary.org/obo/PCL_0110694	CS20230722_SUPT_0124	0124 L5 NP CTX Glut_3														
http://purl.obolibrary.org/obo/PCL_0110695	CS20230722_SUPT_0125	0125 L5 NP CTX Glut_4														
http://purl.obolibrary.org/obo/PCL_0110696	CS20230722_SUPT_0126	0126 L5 NP CTX Glut_5														
http://purl.obolibrary.org/obo/PCL_0110697	CS20230722_SUPT_0127	0127 NP SUB Glut_1														
http://purl.obolibrary.org/obo/PCL_0110698	CS20230722_SUPT_0128	0128 NP SUB Glut_2														
http://purl.obolibrary.org/obo/PCL_0110700	CS20230722_SUPT_0130	0130 OB Eomes Ms4a15 Glut_1														
http://purl.obolibrary.org/obo/PCL_0110701	CS20230722_SUPT_0131	0131 OB Eomes Ms4a15 Glut_2														
http://purl.obolibrary.org/obo/PCL_0110702	CS20230722_SUPT_0132	0132 OB Eomes Ms4a15 Glut_3														
http://purl.obolibrary.org/obo/PCL_0112874	CS20230722_CLUS_0494	0133 OB Eomes Ms4a15 Glut_4														
http://purl.obolibrary.org/obo/PCL_0110704	CS20230722_SUPT_0134	0134 OB Eomes Ms4a15 Glut_5														
http://purl.obolibrary.org/obo/PCL_0110706	CS20230722_SUPT_0136	0136 DG Glut_1														
http://purl.obolibrary.org/obo/PCL_0110707	CS20230722_SUPT_0137	0137 DG Glut_2														
http://purl.obolibrary.org/obo/PCL_0110708	CS20230722_SUPT_0138	0138 DG Glut_3														
http://purl.obolibrary.org/obo/PCL_0112890	CS20230722_CLUS_0510	0139 DG Glut_4														
http://purl.obolibrary.org/obo/PCL_0112891	CS20230722_CLUS_0511	0140 DG-PIR Ex IMN_1														
http://purl.obolibrary.org/obo/PCL_0110711	CS20230722_SUPT_0141	0141 DG-PIR Ex IMN_2														
http://purl.obolibrary.org/obo/PCL_0110712	CS20230722_SUPT_0142	0142 DG-PIR Ex IMN_3														
http://purl.obolibrary.org/obo/PCL_0110713	CS20230722_SUPT_0143	0143 OB Meis2 Thsd7b Gaba_1														
http://purl.obolibrary.org/obo/PCL_0110714	CS20230722_SUPT_0144	0144 OB Meis2 Thsd7b Gaba_2														
http://purl.obolibrary.org/obo/PCL_0112905	CS20230722_CLUS_0525	0145 OB Meis2 Thsd7b Gaba_3														
http://purl.obolibrary.org/obo/PCL_0112906	CS20230722_CLUS_0526	0146 OB Meis2 Thsd7b Gaba_4														
http://purl.obolibrary.org/obo/PCL_0110717	CS20230722_SUPT_0147	0147 OB Meis2 Thsd7b Gaba_5														
http://purl.obolibrary.org/obo/PCL_0112909	CS20230722_CLUS_0529	0148 OB Trdn Gaba_1														
http://purl.obolibrary.org/obo/PCL_0110719	CS20230722_SUPT_0149	0149 OB Trdn Gaba_2														
http://purl.obolibrary.org/obo/PCL_0110720	CS20230722_SUPT_0150	0150 OB-in Frmd7 Gaba_1														
http://purl.obolibrary.org/obo/PCL_0110721	CS20230722_SUPT_0151	0151 OB-in Frmd7 Gaba_2														
http://purl.obolibrary.org/obo/PCL_0110722	CS20230722_SUPT_0152	0152 OB-in Frmd7 Gaba_3														
http://purl.obolibrary.org/obo/PCL_0110723	CS20230722_SUPT_0153	0153 OB-in Frmd7 Gaba_4														
http://purl.obolibrary.org/obo/PCL_0110724	CS20230722_SUPT_0154	0154 OB-in Frmd7 Gaba_5														
http://purl.obolibrary.org/obo/PCL_0112945	CS20230722_CLUS_0565	0155 OB-in Frmd7 Gaba_6														
http://purl.obolibrary.org/obo/PCL_0112946	CS20230722_CLUS_0566	0156 OB-in Frmd7 Gaba_7														
http://purl.obolibrary.org/obo/PCL_0112947	CS20230722_CLUS_0567	0157 OB-in Frmd7 Gaba_8														
http://purl.obolibrary.org/obo/PCL_0110728	CS20230722_SUPT_0158	0158 OB-out Frmd7 Gaba_1														
http://purl.obolibrary.org/obo/PCL_0110729	CS20230722_SUPT_0159	0159 OB-out Frmd7 Gaba_2														
http://purl.obolibrary.org/obo/PCL_0112958	CS20230722_CLUS_0578	0160 OB-out Frmd7 Gaba_3														
http://purl.obolibrary.org/obo/PCL_0110732	CS20230722_SUPT_0162	0162 OB Dopa-Gaba_1														
http://purl.obolibrary.org/obo/PCL_0112970	CS20230722_CLUS_0590	0163 OB Dopa-Gaba_2														
http://purl.obolibrary.org/obo/PCL_0112971	CS20230722_CLUS_0591	0164 OB Dopa-Gaba_3														
http://purl.obolibrary.org/obo/PCL_0112972	CS20230722_CLUS_0592	0165 OB Dopa-Gaba_4														
http://purl.obolibrary.org/obo/PCL_0110736	CS20230722_SUPT_0166	0166 OB-STR-CTX Inh IMN_1														
http://purl.obolibrary.org/obo/PCL_0110737	CS20230722_SUPT_0167	0167 OB-STR-CTX Inh IMN_2														
http://purl.obolibrary.org/obo/PCL_0110738	CS20230722_SUPT_0168	0168 OB-STR-CTX Inh IMN_3														
http://purl.obolibrary.org/obo/PCL_0110739	CS20230722_SUPT_0169	0169 OB-STR-CTX Inh IMN_4														
http://purl.obolibrary.org/obo/PCL_0110740	CS20230722_SUPT_0170	0170 OB-STR-CTX Inh IMN_5														
http://purl.obolibrary.org/obo/PCL_0113001	CS20230722_CLUS_0621	0171 OB-STR-CTX Inh IMN_6														
http://purl.obolibrary.org/obo/PCL_0113002	CS20230722_CLUS_0622	0172 OB-STR-CTX Inh IMN_7														
http://purl.obolibrary.org/obo/PCL_0110743	CS20230722_SUPT_0173	0173 Vip Gaba_1														
http://purl.obolibrary.org/obo/PCL_0110744	CS20230722_SUPT_0174	0174 Vip Gaba_2														
http://purl.obolibrary.org/obo/PCL_0110745	CS20230722_SUPT_0175	0175 Vip Gaba_3														
http://purl.obolibrary.org/obo/PCL_0110746	CS20230722_SUPT_0176	0176 Vip Gaba_4														
http://purl.obolibrary.org/obo/PCL_0110747	CS20230722_SUPT_0177	0177 Vip Gaba_5														
http://purl.obolibrary.org/obo/PCL_0110748	CS20230722_SUPT_0178	0178 Vip Gaba_6														
http://purl.obolibrary.org/obo/PCL_0110749	CS20230722_SUPT_0179	0179 Vip Gaba_7														
http://purl.obolibrary.org/obo/PCL_0110750	CS20230722_SUPT_0180	0180 Vip Gaba_8														
http://purl.obolibrary.org/obo/PCL_0110751	CS20230722_SUPT_0181	0181 Vip Gaba_9														
http://purl.obolibrary.org/obo/PCL_0110752	CS20230722_SUPT_0182	0182 Vip Gaba_10														
http://purl.obolibrary.org/obo/PCL_0110753	CS20230722_SUPT_0183	0183 Vip Gaba_11														
http://purl.obolibrary.org/obo/PCL_0110754	CS20230722_SUPT_0184	0184 Vip Gaba_12														
http://purl.obolibrary.org/obo/PCL_0110755	CS20230722_SUPT_0185	0185 Sncg Gaba_1														
http://purl.obolibrary.org/obo/PCL_0110756	CS20230722_SUPT_0186	0186 Sncg Gaba_2														
http://purl.obolibrary.org/obo/PCL_0110757	CS20230722_SUPT_0187	0187 Sncg Gaba_3														
http://purl.obolibrary.org/obo/PCL_0113058	CS20230722_CLUS_0678	0188 Sncg Gaba_4														
http://purl.obolibrary.org/obo/PCL_0110759	CS20230722_SUPT_0189	0189 Sncg Gaba_5														
http://purl.obolibrary.org/obo/PCL_0113062	CS20230722_CLUS_0682	0190 Sncg Gaba_6														
http://purl.obolibrary.org/obo/PCL_0113063	CS20230722_CLUS_0683	0191 Sncg Gaba_7														
http://purl.obolibrary.org/obo/PCL_0110762	CS20230722_SUPT_0192	0192 Sncg Gaba_8														
http://purl.obolibrary.org/obo/PCL_0110763	CS20230722_SUPT_0193	0193 RHP-COA Ndnf Gaba_1														
http://purl.obolibrary.org/obo/PCL_0110764	CS20230722_SUPT_0194	0194 RHP-COA Ndnf Gaba_2														
http://purl.obolibrary.org/obo/PCL_0110765	CS20230722_SUPT_0195	0195 RHP-COA Ndnf Gaba_3														
http://purl.obolibrary.org/obo/PCL_0110766	CS20230722_SUPT_0196	0196 RHP-COA Ndnf Gaba_4														
http://purl.obolibrary.org/obo/PCL_0110767	CS20230722_SUPT_0197	0197 RHP-COA Ndnf Gaba_5														
http://purl.obolibrary.org/obo/PCL_0110768	CS20230722_SUPT_0198	0198 RHP-COA Ndnf Gaba_6														
http://purl.obolibrary.org/obo/PCL_0110769	CS20230722_SUPT_0199	0199 Lamp5 Gaba_1														
http://purl.obolibrary.org/obo/PCL_0110770	CS20230722_SUPT_0200	0200 Lamp5 Gaba_2														
http://purl.obolibrary.org/obo/PCL_0110771	CS20230722_SUPT_0201	0201 Lamp5 Gaba_3														
http://purl.obolibrary.org/obo/PCL_0110772	CS20230722_SUPT_0202	0202 Lamp5 Gaba_4														
http://purl.obolibrary.org/obo/PCL_0110775	CS20230722_SUPT_0205	0205 Pvalb Gaba_1														
http://purl.obolibrary.org/obo/PCL_0110776	CS20230722_SUPT_0206	0206 Pvalb Gaba_2														
http://purl.obolibrary.org/obo/PCL_0110777	CS20230722_SUPT_0207	0207 Pvalb Gaba_3														
http://purl.obolibrary.org/obo/PCL_0110778	CS20230722_SUPT_0208	0208 Pvalb Gaba_4														
http://purl.obolibrary.org/obo/PCL_0110779	CS20230722_SUPT_0209	0209 Pvalb Gaba_5														
http://purl.obolibrary.org/obo/PCL_0110780	CS20230722_SUPT_0210	0210 Pvalb Gaba_6														
http://purl.obolibrary.org/obo/PCL_0113133	CS20230722_CLUS_0753	0211 Pvalb Gaba_7														
http://purl.obolibrary.org/obo/PCL_0113134	CS20230722_CLUS_0754	0212 Pvalb Gaba_8														
http://purl.obolibrary.org/obo/PCL_0113135	CS20230722_CLUS_0755	0213 Pvalb Gaba_9														
http://purl.obolibrary.org/obo/PCL_0110784	CS20230722_SUPT_0214	0214 Sst Gaba_1														
http://purl.obolibrary.org/obo/PCL_0110785	CS20230722_SUPT_0215	0215 Sst Gaba_2														
http://purl.obolibrary.org/obo/PCL_0110786	CS20230722_SUPT_0216	0216 Sst Gaba_3														
http://purl.obolibrary.org/obo/PCL_0110787	CS20230722_SUPT_0217	0217 Sst Gaba_4														
http://purl.obolibrary.org/obo/PCL_0110788	CS20230722_SUPT_0218	0218 Sst Gaba_5														
http://purl.obolibrary.org/obo/PCL_0110789	CS20230722_SUPT_0219	0219 Sst Gaba_6														
http://purl.obolibrary.org/obo/PCL_0110790	CS20230722_SUPT_0220	0220 Sst Gaba_7														
http://purl.obolibrary.org/obo/PCL_0110791	CS20230722_SUPT_0221	0221 Sst Gaba_8														
http://purl.obolibrary.org/obo/PCL_0110792	CS20230722_SUPT_0222	0222 Sst Gaba_9														
http://purl.obolibrary.org/obo/PCL_0110793	CS20230722_SUPT_0223	0223 Sst Gaba_10														
http://purl.obolibrary.org/obo/PCL_0110794	CS20230722_SUPT_0224	0224 Sst Gaba_11														
http://purl.obolibrary.org/obo/PCL_0110795	CS20230722_SUPT_0225	0225 Sst Gaba_12														
http://purl.obolibrary.org/obo/PCL_0110796	CS20230722_SUPT_0226	0226 Sst Gaba_13														
http://purl.obolibrary.org/obo/PCL_0110797	CS20230722_SUPT_0227	0227 Sst Gaba_14														
http://purl.obolibrary.org/obo/PCL_0110798	CS20230722_SUPT_0228	0228 Sst Gaba_15														
http://purl.obolibrary.org/obo/PCL_0110799	CS20230722_SUPT_0229	0229 Sst Gaba_16														
http://purl.obolibrary.org/obo/PCL_0110800	CS20230722_SUPT_0230	0230 Sst Gaba_17														
http://purl.obolibrary.org/obo/PCL_0110801	CS20230722_SUPT_0231	0231 Sst Gaba_18														
http://purl.obolibrary.org/obo/PCL_0110802	CS20230722_SUPT_0232	0232 Sst Gaba_19														
http://purl.obolibrary.org/obo/PCL_0110803	CS20230722_SUPT_0233	0233 STR Prox1 Lhx6 Gaba_1														
http://purl.obolibrary.org/obo/PCL_0110804	CS20230722_SUPT_0234	0234 STR Prox1 Lhx6 Gaba_2														
http://purl.obolibrary.org/obo/PCL_0110805	CS20230722_SUPT_0235	0235 STR Prox1 Lhx6 Gaba_3														
http://purl.obolibrary.org/obo/PCL_0110806	CS20230722_SUPT_0236	0236 STR Lhx8 Gaba_1														
http://purl.obolibrary.org/obo/PCL_0110807	CS20230722_SUPT_0237	0237 STR Lhx8 Gaba_2														
http://purl.obolibrary.org/obo/PCL_0110808	CS20230722_SUPT_0238	0238 Sst Chodl Gaba_1														
http://purl.obolibrary.org/obo/PCL_0110809	CS20230722_SUPT_0239	0239 Sst Chodl Gaba_2														
http://purl.obolibrary.org/obo/PCL_0110810	CS20230722_SUPT_0240	0240 Sst Chodl Gaba_3														
http://purl.obolibrary.org/obo/PCL_0110811	CS20230722_SUPT_0241	0241 Sst Chodl Gaba_4														
http://purl.obolibrary.org/obo/PCL_0110812	CS20230722_SUPT_0242	0242 Sst Chodl Gaba_5														
http://purl.obolibrary.org/obo/PCL_0113242	CS20230722_CLUS_0862	0243 Sst Chodl Gaba_6														
http://purl.obolibrary.org/obo/PCL_0110814	CS20230722_SUPT_0244	0244 NDB-SI-MA-STRv Lhx8 Gaba_1														
http://purl.obolibrary.org/obo/PCL_0110815	CS20230722_SUPT_0245	0245 NDB-SI-MA-STRv Lhx8 Gaba_2														
http://purl.obolibrary.org/obo/PCL_0110816	CS20230722_SUPT_0246	0246 NDB-SI-MA-STRv Lhx8 Gaba_3														
http://purl.obolibrary.org/obo/PCL_0110817	CS20230722_SUPT_0247	0247 NDB-SI-MA-STRv Lhx8 Gaba_4														
http://purl.obolibrary.org/obo/PCL_0110818	CS20230722_SUPT_0248	0248 NDB-SI-MA-STRv Lhx8 Gaba_5														
http://purl.obolibrary.org/obo/PCL_0110819	CS20230722_SUPT_0249	0249 NDB-SI-MA-STRv Lhx8 Gaba_6														
http://purl.obolibrary.org/obo/PCL_0110820	CS20230722_SUPT_0250	0250 NDB-SI-MA-STRv Lhx8 Gaba_7														
http://purl.obolibrary.org/obo/PCL_0110821	CS20230722_SUPT_0251	0251 NDB-SI-MA-STRv Lhx8 Gaba_8														
http://purl.obolibrary.org/obo/PCL_0110822	CS20230722_SUPT_0252	0252 NDB-SI-MA-STRv Lhx8 Gaba_9														
http://purl.obolibrary.org/obo/PCL_0110823	CS20230722_SUPT_0253	0253 NDB-SI-MA-STRv Lhx8 Gaba_10														
http://purl.obolibrary.org/obo/PCL_0113295	CS20230722_CLUS_0915	0254 NDB-SI-MA-STRv Lhx8 Gaba_11														
http://purl.obolibrary.org/obo/PCL_0113296	CS20230722_CLUS_0916	0255 NDB-SI-MA-STRv Lhx8 Gaba_12														
http://purl.obolibrary.org/obo/PCL_0113297	CS20230722_CLUS_0917	0256 NDB-SI-MA-STRv Lhx8 Gaba_13														
http://purl.obolibrary.org/obo/PCL_0113298	CS20230722_CLUS_0918	0257 GPe-SI Sox6 Cyp26b1 Gaba_1														
http://purl.obolibrary.org/obo/PCL_0110828	CS20230722_SUPT_0258	0258 GPe-SI Sox6 Cyp26b1 Gaba_2														
http://purl.obolibrary.org/obo/PCL_0110829	CS20230722_SUPT_0259	0259 PAL-STR Gaba-Chol_1														
http://purl.obolibrary.org/obo/PCL_0110830	CS20230722_SUPT_0260	0260 PAL-STR Gaba-Chol_2														
http://purl.obolibrary.org/obo/PCL_0110831	CS20230722_SUPT_0261	0261 PAL-STR Gaba-Chol_3														
http://purl.obolibrary.org/obo/PCL_0113319	CS20230722_CLUS_0939	0262 OT D3 Folh1 Gaba_1														
http://purl.obolibrary.org/obo/PCL_0113320	CS20230722_CLUS_0940	0263 OT D3 Folh1 Gaba_2														
http://purl.obolibrary.org/obo/PCL_0110834	CS20230722_SUPT_0264	0264 OT D3 Folh1 Gaba_3														
http://purl.obolibrary.org/obo/PCL_0110835	CS20230722_SUPT_0265	0265 STR D1 Gaba_1														
http://purl.obolibrary.org/obo/PCL_0110836	CS20230722_SUPT_0266	0266 STR D1 Gaba_2														
http://purl.obolibrary.org/obo/PCL_0110837	CS20230722_SUPT_0267	0267 STR D1 Gaba_3														
http://purl.obolibrary.org/obo/PCL_0110838	CS20230722_SUPT_0268	0268 STR D1 Gaba_4														
http://purl.obolibrary.org/obo/PCL_0110839	CS20230722_SUPT_0269	0269 STR D1 Gaba_5														
http://purl.obolibrary.org/obo/PCL_0110840	CS20230722_SUPT_0270	0270 STR D1 Gaba_6														
http://purl.obolibrary.org/obo/PCL_0113340	CS20230722_CLUS_0960	0271 STR D1 Gaba_7														
http://purl.obolibrary.org/obo/PCL_0110842	CS20230722_SUPT_0272	0272 STR D1 Gaba_8														
http://purl.obolibrary.org/obo/PCL_0113344	CS20230722_CLUS_0964	0273 STR D1 Gaba_9														
http://purl.obolibrary.org/obo/PCL_0110844	CS20230722_SUPT_0274	0274 STR D2 Gaba_1														
http://purl.obolibrary.org/obo/PCL_0110845	CS20230722_SUPT_0275	0275 STR D2 Gaba_2														
http://purl.obolibrary.org/obo/PCL_0113358	CS20230722_CLUS_0978	0276 STR D2 Gaba_3														
http://purl.obolibrary.org/obo/PCL_0110847	CS20230722_SUPT_0277	0277 STR D2 Gaba_4														
http://purl.obolibrary.org/obo/PCL_0110848	CS20230722_SUPT_0278	0278 STR D2 Gaba_5														
http://purl.obolibrary.org/obo/PCL_0110849	CS20230722_SUPT_0279	0279 STR D2 Gaba_6														
http://purl.obolibrary.org/obo/PCL_0113369	CS20230722_CLUS_0989	0280 STR D2 Gaba_7														
http://purl.obolibrary.org/obo/PCL_0110851	CS20230722_SUPT_0281	0281 STR D1 Sema5a Gaba_1														
http://purl.obolibrary.org/obo/PCL_0110852	CS20230722_SUPT_0282	0282 STR D1 Sema5a Gaba_2														
http://purl.obolibrary.org/obo/PCL_0110853	CS20230722_SUPT_0283	0283 STR D1 Sema5a Gaba_3														
http://purl.obolibrary.org/obo/PCL_0110854	CS20230722_SUPT_0284	0284 STR D1 Sema5a Gaba_4														
http://purl.obolibrary.org/obo/PCL_0110855	CS20230722_SUPT_0285	0285 STR-PAL Chst9 Gaba_1														
http://purl.obolibrary.org/obo/PCL_0110856	CS20230722_SUPT_0286	0286 STR-PAL Chst9 Gaba_2														
http://purl.obolibrary.org/obo/PCL_0110857	CS20230722_SUPT_0287	0287 STR-PAL Chst9 Gaba_3														
http://purl.obolibrary.org/obo/PCL_0110858	CS20230722_SUPT_0288	0288 STR-PAL Chst9 Gaba_4														
http://purl.obolibrary.org/obo/PCL_0110859	CS20230722_SUPT_0289	0289 STR-PAL Chst9 Gaba_5														
http://purl.obolibrary.org/obo/PCL_0110860	CS20230722_SUPT_0290	0290 IA Mgp Gaba_1														
http://purl.obolibrary.org/obo/PCL_0110861	CS20230722_SUPT_0291	0291 IA Mgp Gaba_2														
http://purl.obolibrary.org/obo/PCL_0110862	CS20230722_SUPT_0292	0292 IA Mgp Gaba_3														
http://purl.obolibrary.org/obo/PCL_0113404	CS20230722_CLUS_1024	0293 IA Mgp Gaba_4														
http://purl.obolibrary.org/obo/PCL_0110864	CS20230722_SUPT_0294	0294 IA Mgp Gaba_5														
http://purl.obolibrary.org/obo/PCL_0110865	CS20230722_SUPT_0295	0295 NDB-SI-ant Prdm12 Gaba_1														
http://purl.obolibrary.org/obo/PCL_0113418	CS20230722_CLUS_1038	0296 NDB-SI-ant Prdm12 Gaba_2														
http://purl.obolibrary.org/obo/PCL_0110867	CS20230722_SUPT_0297	0297 NDB-SI-ant Prdm12 Gaba_3														
http://purl.obolibrary.org/obo/PCL_0113421	CS20230722_CLUS_1041	0298 NDB-SI-ant Prdm12 Gaba_4														
http://purl.obolibrary.org/obo/PCL_0110869	CS20230722_SUPT_0299	0299 LSX Sall3 Pax6 Gaba_1														
http://purl.obolibrary.org/obo/PCL_0110870	CS20230722_SUPT_0300	0300 LSX Sall3 Pax6 Gaba_2														
http://purl.obolibrary.org/obo/PCL_0110871	CS20230722_SUPT_0301	0301 LSX Otx2 Gaba_1														
http://purl.obolibrary.org/obo/PCL_0110872	CS20230722_SUPT_0302	0302 LSX Otx2 Gaba_2														
http://purl.obolibrary.org/obo/PCL_0110873	CS20230722_SUPT_0303	0303 LSX Otx2 Gaba_3														
http://purl.obolibrary.org/obo/PCL_0110874	CS20230722_SUPT_0304	0304 LSX Otx2 Gaba_4														
http://purl.obolibrary.org/obo/PCL_0110875	CS20230722_SUPT_0305	0305 LSX Otx2 Gaba_5														
http://purl.obolibrary.org/obo/PCL_0110876	CS20230722_SUPT_0306	0306 LSX Nkx2-1 Gaba_1														
http://purl.obolibrary.org/obo/PCL_0110877	CS20230722_SUPT_0307	0307 LSX Nkx2-1 Gaba_2														
http://purl.obolibrary.org/obo/PCL_0110878	CS20230722_SUPT_0308	0308 LSX Nkx2-1 Gaba_3														
http://purl.obolibrary.org/obo/PCL_0110879	CS20230722_SUPT_0309	0309 LSX Nkx2-1 Gaba_4														
http://purl.obolibrary.org/obo/PCL_0110880	CS20230722_SUPT_0310	0310 LSX Nkx2-1 Gaba_5														
http://purl.obolibrary.org/obo/PCL_0110881	CS20230722_SUPT_0311	0311 LSX Nkx2-1 Gaba_6														
http://purl.obolibrary.org/obo/PCL_0110882	CS20230722_SUPT_0312	0312 LSX Nkx2-1 Gaba_7														
http://purl.obolibrary.org/obo/PCL_0110883	CS20230722_SUPT_0313	0313 LSX Nkx2-1 Gaba_8														
http://purl.obolibrary.org/obo/PCL_0113491	CS20230722_CLUS_1111	0314 LSX Nkx2-1 Gaba_9														
http://purl.obolibrary.org/obo/PCL_0113492	CS20230722_CLUS_1112	0315 LSX Nkx2-1 Gaba_10														
http://purl.obolibrary.org/obo/PCL_0110886	CS20230722_SUPT_0316	0316 LSX Nkx2-1 Gaba_11														
http://purl.obolibrary.org/obo/PCL_0110887	CS20230722_SUPT_0317	0317 LSX Prdm12 Slit2 Gaba_1														
http://purl.obolibrary.org/obo/PCL_0110888	CS20230722_SUPT_0318	0318 LSX Prdm12 Slit2 Gaba_2														
http://purl.obolibrary.org/obo/PCL_0110889	CS20230722_SUPT_0319	0319 LSX Prdm12 Slit2 Gaba_3														
http://purl.obolibrary.org/obo/PCL_0110890	CS20230722_SUPT_0320	0320 LSX Prdm12 Slit2 Gaba_4														
http://purl.obolibrary.org/obo/PCL_0110891	CS20230722_SUPT_0321	0321 LSX Prdm12 Slit2 Gaba_5														
http://purl.obolibrary.org/obo/PCL_0110892	CS20230722_SUPT_0322	0322 LSX Prdm12 Slit2 Gaba_6														
http://purl.obolibrary.org/obo/PCL_0110893	CS20230722_SUPT_0323	0323 LSX Prdm12 Slit2 Gaba_7														
http://purl.obolibrary.org/obo/PCL_0113527	CS20230722_CLUS_1147	0324 LSX Prdm12 Slit2 Gaba_8														
http://purl.obolibrary.org/obo/PCL_0113528	CS20230722_CLUS_1148	0325 LSX Prdm12 Slit2 Gaba_9														
http://purl.obolibrary.org/obo/PCL_0110896	CS20230722_SUPT_0326	0326 LSX Prdm12 Zeb2 Gaba_1														
http://purl.obolibrary.org/obo/PCL_0110897	CS20230722_SUPT_0327	0327 LSX Prdm12 Zeb2 Gaba_2														
http://purl.obolibrary.org/obo/PCL_0110898	CS20230722_SUPT_0328	0328 LSX Prdm12 Zeb2 Gaba_3														
http://purl.obolibrary.org/obo/PCL_0110899	CS20230722_SUPT_0329	0329 LSX Prdm12 Zeb2 Gaba_4														
http://purl.obolibrary.org/obo/PCL_0110900	CS20230722_SUPT_0330	0330 LSX Prdm12 Zeb2 Gaba_5														
http://purl.obolibrary.org/obo/PCL_0110901	CS20230722_SUPT_0331	0331 LSX Sall3 Lmo1 Gaba_1														
http://purl.obolibrary.org/obo/PCL_0110902	CS20230722_SUPT_0332	0332 LSX Sall3 Lmo1 Gaba_2														
http://purl.obolibrary.org/obo/PCL_0110903	CS20230722_SUPT_0333	0333 LSX Sall3 Lmo1 Gaba_3														
http://purl.obolibrary.org/obo/PCL_0113562	CS20230722_CLUS_1182	0334 LSX Sall3 Lmo1 Gaba_4														
http://purl.obolibrary.org/obo/PCL_0110905	CS20230722_SUPT_0335	0335 LSX Sall3 Lmo1 Gaba_5														
http://purl.obolibrary.org/obo/PCL_0110906	CS20230722_SUPT_0336	0336 LSX Sall3 Lmo1 Gaba_6														
http://purl.obolibrary.org/obo/PCL_0110907	CS20230722_SUPT_0337	0337 MEA-BST Sox6 Gaba_1														
http://purl.obolibrary.org/obo/PCL_0110908	CS20230722_SUPT_0338	0338 MEA-BST Sox6 Gaba_2														
http://purl.obolibrary.org/obo/PCL_0110909	CS20230722_SUPT_0339	0339 MEA-BST Sox6 Gaba_3														
http://purl.obolibrary.org/obo/PCL_0110910	CS20230722_SUPT_0340	0340 MEA-BST Sox6 Gaba_4														
http://purl.obolibrary.org/obo/PCL_0110911	CS20230722_SUPT_0341	0341 MEA-BST Sox6 Gaba_5														
http://purl.obolibrary.org/obo/PCL_0110912	CS20230722_SUPT_0342	0342 MEA-BST Sox6 Gaba_6														
http://purl.obolibrary.org/obo/PCL_0110913	CS20230722_SUPT_0343	0343 MEA-BST Sox6 Gaba_7														
http://purl.obolibrary.org/obo/PCL_0110914	CS20230722_SUPT_0344	0344 MEA-BST Sox6 Gaba_8														
http://purl.obolibrary.org/obo/PCL_0110915	CS20230722_SUPT_0345	0345 MEA-BST Sox6 Gaba_9														
http://purl.obolibrary.org/obo/PCL_0110916	CS20230722_SUPT_0346	0346 MEA-BST Sox6 Gaba_10														
http://purl.obolibrary.org/obo/PCL_0110917	CS20230722_SUPT_0347	0347 MEA-BST Lhx6 Sp9 Gaba_1														
http://purl.obolibrary.org/obo/PCL_0110918	CS20230722_SUPT_0348	0348 MEA-BST Lhx6 Sp9 Gaba_2														
http://purl.obolibrary.org/obo/PCL_0110919	CS20230722_SUPT_0349	0349 MEA-BST Lhx6 Sp9 Gaba_3														
http://purl.obolibrary.org/obo/PCL_0110920	CS20230722_SUPT_0350	0350 MEA-BST Lhx6 Sp9 Gaba_4														
http://purl.obolibrary.org/obo/PCL_0110921	CS20230722_SUPT_0351	0351 MEA-BST Lhx6 Sp9 Gaba_5														
http://purl.obolibrary.org/obo/PCL_0110922	CS20230722_SUPT_0352	0352 MEA-BST Lhx6 Sp9 Gaba_6														
http://purl.obolibrary.org/obo/PCL_0110923	CS20230722_SUPT_0353	0353 MEA-BST Lhx6 Sp9 Gaba_7														
http://purl.obolibrary.org/obo/PCL_0110924	CS20230722_SUPT_0354	0354 MEA-BST Lhx6 Nr2e1 Gaba_1														
http://purl.obolibrary.org/obo/PCL_0110925	CS20230722_SUPT_0355	0355 MEA-BST Lhx6 Nr2e1 Gaba_2														
http://purl.obolibrary.org/obo/PCL_0113660	CS20230722_CLUS_1280	0356 MEA-BST Lhx6 Nr2e1 Gaba_3														
http://purl.obolibrary.org/obo/PCL_0110927	CS20230722_SUPT_0357	0357 MEA-BST Lhx6 Nfib Gaba_1														
http://purl.obolibrary.org/obo/PCL_0110928	CS20230722_SUPT_0358	0358 MEA-BST Lhx6 Nfib Gaba_2														
http://purl.obolibrary.org/obo/PCL_0110929	CS20230722_SUPT_0359	0359 MEA-BST Lhx6 Nfib Gaba_3														
http://purl.obolibrary.org/obo/PCL_0110930	CS20230722_SUPT_0360	0360 MEA-BST Lhx6 Nfib Gaba_4														
http://purl.obolibrary.org/obo/PCL_0110931	CS20230722_SUPT_0361	0361 MEA-BST Lhx6 Nfib Gaba_5														
http://purl.obolibrary.org/obo/PCL_0110932	CS20230722_SUPT_0362	0362 MEA-BST Lhx6 Nfib Gaba_6														
http://purl.obolibrary.org/obo/PCL_0110934	CS20230722_SUPT_0364	0364 SI-MA-ACB Ebf1 Bnc2 Gaba_1														
http://purl.obolibrary.org/obo/PCL_0110935	CS20230722_SUPT_0365	0365 SI-MA-ACB Ebf1 Bnc2 Gaba_2														
http://purl.obolibrary.org/obo/PCL_0110936	CS20230722_SUPT_0366	0366 SI-MA-ACB Ebf1 Bnc2 Gaba_3														
http://purl.obolibrary.org/obo/PCL_0110937	CS20230722_SUPT_0367	0367 CEA-BST Six3 Cyp26b1 Gaba_1														
http://purl.obolibrary.org/obo/PCL_0110938	CS20230722_SUPT_0368	0368 CEA-BST Six3 Cyp26b1 Gaba_2														
http://purl.obolibrary.org/obo/PCL_0110939	CS20230722_SUPT_0369	0369 CEA-BST Six3 Cyp26b1 Gaba_3														
http://purl.obolibrary.org/obo/PCL_0110940	CS20230722_SUPT_0370	0370 CEA-BST Six3 Cyp26b1 Gaba_4														
http://purl.obolibrary.org/obo/PCL_0110941	CS20230722_SUPT_0371	0371 CEA-BST Six3 Cyp26b1 Gaba_5														
http://purl.obolibrary.org/obo/PCL_0110942	CS20230722_SUPT_0372	0372 CEA-BST Six3 Cyp26b1 Gaba_6														
http://purl.obolibrary.org/obo/PCL_0110943	CS20230722_SUPT_0373	0373 CEA-AAA-BST Six3 Sp9 Gaba_1														
http://purl.obolibrary.org/obo/PCL_0110944	CS20230722_SUPT_0374	0374 CEA-AAA-BST Six3 Sp9 Gaba_2														
http://purl.obolibrary.org/obo/PCL_0110945	CS20230722_SUPT_0375	0375 CEA-AAA-BST Six3 Sp9 Gaba_3														
http://purl.obolibrary.org/obo/PCL_0110946	CS20230722_SUPT_0376	0376 CEA-AAA-BST Six3 Sp9 Gaba_4														
http://purl.obolibrary.org/obo/PCL_0113748	CS20230722_CLUS_1368	0377 CEA-AAA-BST Six3 Sp9 Gaba_5														
http://purl.obolibrary.org/obo/PCL_0113749	CS20230722_CLUS_1369	0378 CEA-AAA-BST Six3 Sp9 Gaba_6														
http://purl.obolibrary.org/obo/PCL_0113750	CS20230722_CLUS_1370	0379 CEA-AAA-BST Six3 Sp9 Gaba_7														
http://purl.obolibrary.org/obo/PCL_0110950	CS20230722_SUPT_0380	0380 CEA-AAA-BST Six3 Sp9 Gaba_8														
http://purl.obolibrary.org/obo/PCL_0110951	CS20230722_SUPT_0381	0381 ACB-BST-FS D1 Gaba_1														
http://purl.obolibrary.org/obo/PCL_0110952	CS20230722_SUPT_0382	0382 ACB-BST-FS D1 Gaba_2														
http://purl.obolibrary.org/obo/PCL_0110953	CS20230722_SUPT_0383	0383 ACB-BST-FS D1 Gaba_3														
http://purl.obolibrary.org/obo/PCL_0110954	CS20230722_SUPT_0384	0384 CEA-BST Ebf1 Pdyn Gaba_1														
http://purl.obolibrary.org/obo/PCL_0110955	CS20230722_SUPT_0385	0385 CEA-BST Ebf1 Pdyn Gaba_2														
http://purl.obolibrary.org/obo/PCL_0110956	CS20230722_SUPT_0386	0386 CEA-BST Ebf1 Pdyn Gaba_3														
http://purl.obolibrary.org/obo/PCL_0110957	CS20230722_SUPT_0387	0387 CEA-BST Ebf1 Pdyn Gaba_4														
http://purl.obolibrary.org/obo/PCL_0110958	CS20230722_SUPT_0388	0388 CEA-BST Ebf1 Pdyn Gaba_5														
http://purl.obolibrary.org/obo/PCL_0110959	CS20230722_SUPT_0389	0389 CEA-BST Ebf1 Pdyn Gaba_6														
http://purl.obolibrary.org/obo/PCL_0113784	CS20230722_CLUS_1404	0390 CEA-BST Ebf1 Pdyn Gaba_7														
http://purl.obolibrary.org/obo/PCL_0110961	CS20230722_SUPT_0391	0391 CEA-BST Ebf1 Pdyn Gaba_8														
http://purl.obolibrary.org/obo/PCL_0110962	CS20230722_SUPT_0392	0392 CEA-BST Rai14 Pdyn Crh Gaba_1														
http://purl.obolibrary.org/obo/PCL_0110963	CS20230722_SUPT_0393	0393 CEA-BST Rai14 Pdyn Crh Gaba_2														
http://purl.obolibrary.org/obo/PCL_0110964	CS20230722_SUPT_0394	0394 BST-SI-AAA Six3 Slc22a3 Gaba_1														
http://purl.obolibrary.org/obo/PCL_0110965	CS20230722_SUPT_0395	0395 BST-SI-AAA Six3 Slc22a3 Gaba_2														
http://purl.obolibrary.org/obo/PCL_0110966	CS20230722_SUPT_0396	0396 SI-MPO-LPO Lhx8 Gaba_1														
http://purl.obolibrary.org/obo/PCL_0110967	CS20230722_SUPT_0397	0397 SI-MPO-LPO Lhx8 Gaba_2														
http://purl.obolibrary.org/obo/PCL_0110968	CS20230722_SUPT_0398	0398 SI-MPO-LPO Lhx8 Gaba_3														
http://purl.obolibrary.org/obo/PCL_0110969	CS20230722_SUPT_0399	0399 SI-MPO-LPO Lhx8 Gaba_4														
http://purl.obolibrary.org/obo/PCL_0110970	CS20230722_SUPT_0400	0400 SI-MPO-LPO Lhx8 Gaba_5														
http://purl.obolibrary.org/obo/PCL_0113836	CS20230722_CLUS_1456	0401 SI-MPO-LPO Lhx8 Gaba_6														
http://purl.obolibrary.org/obo/PCL_0110972	CS20230722_SUPT_0402	0402 MPO-ADP Lhx8 Gaba_1														
http://purl.obolibrary.org/obo/PCL_0110973	CS20230722_SUPT_0403	0403 MPO-ADP Lhx8 Gaba_2														
http://purl.obolibrary.org/obo/PCL_0110974	CS20230722_SUPT_0404	0404 MPO-ADP Lhx8 Gaba_3														
http://purl.obolibrary.org/obo/PCL_0110975	CS20230722_SUPT_0405	0405 MPO-ADP Lhx8 Gaba_4														
http://purl.obolibrary.org/obo/PCL_0110976	CS20230722_SUPT_0406	0406 MPO-ADP Lhx8 Gaba_5														
http://purl.obolibrary.org/obo/PCL_0110977	CS20230722_SUPT_0407	0407 MPN-MPO-LPO Lhx6 Zfhx3 Gaba_1														
http://purl.obolibrary.org/obo/PCL_0110978	CS20230722_SUPT_0408	0408 MPN-MPO-LPO Lhx6 Zfhx3 Gaba_2														
http://purl.obolibrary.org/obo/PCL_0110979	CS20230722_SUPT_0409	0409 BST Tac2 Gaba_1														
http://purl.obolibrary.org/obo/PCL_0110980	CS20230722_SUPT_0410	0410 BST Tac2 Gaba_2														
http://purl.obolibrary.org/obo/PCL_0110981	CS20230722_SUPT_0411	0411 PVR Six3 Sox3 Gaba_1														
http://purl.obolibrary.org/obo/PCL_0110982	CS20230722_SUPT_0412	0412 PVR Six3 Sox3 Gaba_2														
http://purl.obolibrary.org/obo/PCL_0110983	CS20230722_SUPT_0413	0413 PVR Six3 Sox3 Gaba_3														
http://purl.obolibrary.org/obo/PCL_0110984	CS20230722_SUPT_0414	0414 PVR Six3 Sox3 Gaba_4														
http://purl.obolibrary.org/obo/PCL_0110985	CS20230722_SUPT_0415	0415 PVR Six3 Sox3 Gaba_5														
http://purl.obolibrary.org/obo/PCL_0113903	CS20230722_CLUS_1523	0416 PVR Six3 Sox3 Gaba_6														
http://purl.obolibrary.org/obo/PCL_0110987	CS20230722_SUPT_0417	0417 PVR Six3 Sox3 Gaba_7														
http://purl.obolibrary.org/obo/PCL_0110988	CS20230722_SUPT_0418	0418 PVR Six3 Sox3 Gaba_8														
http://purl.obolibrary.org/obo/PCL_0110989	CS20230722_SUPT_0419	0419 PVR Six3 Sox3 Gaba_9														
http://purl.obolibrary.org/obo/PCL_0110990	CS20230722_SUPT_0420	0420 BST-MPN Six3 Nrgn Gaba_1														
http://purl.obolibrary.org/obo/PCL_0113920	CS20230722_CLUS_1540	0421 BST-MPN Six3 Nrgn Gaba_2														
http://purl.obolibrary.org/obo/PCL_0110992	CS20230722_SUPT_0422	0422 BST-MPN Six3 Nrgn Gaba_3														
http://purl.obolibrary.org/obo/PCL_0110993	CS20230722_SUPT_0423	0423 BST-MPN Six3 Nrgn Gaba_4														
http://purl.obolibrary.org/obo/PCL_0110994	CS20230722_SUPT_0424	0424 BST-MPN Six3 Nrgn Gaba_5														
http://purl.obolibrary.org/obo/PCL_0110995	CS20230722_SUPT_0425	0425 BST-MPN Six3 Nrgn Gaba_6														
http://purl.obolibrary.org/obo/PCL_0110996	CS20230722_SUPT_0426	0426 BST-MPN Six3 Nrgn Gaba_7														
http://purl.obolibrary.org/obo/PCL_0110997	CS20230722_SUPT_0427	0427 ARH-PVi Six6 Dopa-Gaba_1														
http://purl.obolibrary.org/obo/PCL_0113952	CS20230722_CLUS_1572	0428 ARH-PVi Six6 Dopa-Gaba_2														
http://purl.obolibrary.org/obo/PCL_0110999	CS20230722_SUPT_0429	0429 TMv-PMv Tbx3 Hist-Gaba_1														
http://purl.obolibrary.org/obo/PCL_0111000	CS20230722_SUPT_0430	0430 TMv-PMv Tbx3 Hist-Gaba_2														
http://purl.obolibrary.org/obo/PCL_0111001	CS20230722_SUPT_0431	0431 RT-ZI Gnb3 Gaba_1														
http://purl.obolibrary.org/obo/PCL_0111002	CS20230722_SUPT_0432	0432 RT-ZI Gnb3 Gaba_2														
http://purl.obolibrary.org/obo/PCL_0111003	CS20230722_SUPT_0433	0433 RT-ZI Gnb3 Gaba_3														
http://purl.obolibrary.org/obo/PCL_0111004	CS20230722_SUPT_0434	0434 RT-ZI Gnb3 Gaba_4														
http://purl.obolibrary.org/obo/PCL_0111005	CS20230722_SUPT_0435	0435 RT-ZI Gnb3 Gaba_5														
http://purl.obolibrary.org/obo/PCL_0111006	CS20230722_SUPT_0436	0436 SCH Six6 Cdc14a Gaba_1														
http://purl.obolibrary.org/obo/PCL_0111007	CS20230722_SUPT_0437	0437 SCH Six6 Cdc14a Gaba_2														
http://purl.obolibrary.org/obo/PCL_0111008	CS20230722_SUPT_0438	0438 SCH Six6 Cdc14a Gaba_3														
http://purl.obolibrary.org/obo/PCL_0111009	CS20230722_SUPT_0439	0439 DMH Prdm13 Gaba_1														
http://purl.obolibrary.org/obo/PCL_0111010	CS20230722_SUPT_0440	0440 DMH Prdm13 Gaba_2														
http://purl.obolibrary.org/obo/PCL_0111012	CS20230722_SUPT_0442	0442 PVHd-SBPV Six3 Prox1 Gaba_1														
http://purl.obolibrary.org/obo/PCL_0111013	CS20230722_SUPT_0443	0443 PVHd-SBPV Six3 Prox1 Gaba_2														
http://purl.obolibrary.org/obo/PCL_0111014	CS20230722_SUPT_0444	0444 PVHd-SBPV Six3 Prox1 Gaba_3														
http://purl.obolibrary.org/obo/PCL_0111015	CS20230722_SUPT_0445	0445 PVHd-SBPV Six3 Prox1 Gaba_4														
http://purl.obolibrary.org/obo/PCL_0111016	CS20230722_SUPT_0446	0446 AHN-SBPV-PVHd Pdrm12 Gaba_1														
http://purl.obolibrary.org/obo/PCL_0111017	CS20230722_SUPT_0447	0447 AHN-SBPV-PVHd Pdrm12 Gaba_2														
http://purl.obolibrary.org/obo/PCL_0111018	CS20230722_SUPT_0448	0448 AHN-SBPV-PVHd Pdrm12 Gaba_3														
http://purl.obolibrary.org/obo/PCL_0111019	CS20230722_SUPT_0449	0449 AHN-SBPV-PVHd Pdrm12 Gaba_4														
http://purl.obolibrary.org/obo/PCL_0111020	CS20230722_SUPT_0450	0450 AHN-SBPV-PVHd Pdrm12 Gaba_5														
http://purl.obolibrary.org/obo/PCL_0111021	CS20230722_SUPT_0451	0451 AHN-SBPV-PVHd Pdrm12 Gaba_6														
http://purl.obolibrary.org/obo/PCL_0111022	CS20230722_SUPT_0452	0452 AHN-SBPV-PVHd Pdrm12 Gaba_7														
http://purl.obolibrary.org/obo/PCL_0111023	CS20230722_SUPT_0453	0453 SBPV-PVa Six6 Satb2 Gaba_1														
http://purl.obolibrary.org/obo/PCL_0111024	CS20230722_SUPT_0454	0454 SBPV-PVa Six6 Satb2 Gaba_2														
http://purl.obolibrary.org/obo/PCL_0111025	CS20230722_SUPT_0455	0455 SBPV-PVa Six6 Satb2 Gaba_3														
http://purl.obolibrary.org/obo/PCL_0111026	CS20230722_SUPT_0456	0456 AHN Onecut3 Gaba_1														
http://purl.obolibrary.org/obo/PCL_0111027	CS20230722_SUPT_0457	0457 AHN Onecut3 Gaba_2														
http://purl.obolibrary.org/obo/PCL_0111028	CS20230722_SUPT_0458	0458 AHN Onecut3 Gaba_3														
http://purl.obolibrary.org/obo/PCL_0111029	CS20230722_SUPT_0459	0459 ZI Pax6 Gaba_1														
http://purl.obolibrary.org/obo/PCL_0111030	CS20230722_SUPT_0460	0460 ZI Pax6 Gaba_2														
http://purl.obolibrary.org/obo/PCL_0111031	CS20230722_SUPT_0461	0461 ZI Pax6 Gaba_3														
http://purl.obolibrary.org/obo/PCL_0111032	CS20230722_SUPT_0462	0462 ZI Pax6 Gaba_4														
http://purl.obolibrary.org/obo/PCL_0111033	CS20230722_SUPT_0463	0463 ZI Pax6 Gaba_5														
http://purl.obolibrary.org/obo/PCL_0111034	CS20230722_SUPT_0464	0464 ZI Pax6 Gaba_6														
http://purl.obolibrary.org/obo/PCL_0111035	CS20230722_SUPT_0465	0465 ZI Pax6 Gaba_7														
http://purl.obolibrary.org/obo/PCL_0111036	CS20230722_SUPT_0466	0466 ZI Pax6 Gaba_8														
http://purl.obolibrary.org/obo/PCL_0111037	CS20230722_SUPT_0467	0467 ZI Pax6 Gaba_9														
http://purl.obolibrary.org/obo/PCL_0111038	CS20230722_SUPT_0468	0468 ZI Pax6 Gaba_10														
http://purl.obolibrary.org/obo/PCL_0111039	CS20230722_SUPT_0469	0469 ZI Pax6 Gaba_11														
http://purl.obolibrary.org/obo/PCL_0111040	CS20230722_SUPT_0470	0470 DMH-LHA Gsx1 Gaba_1														
http://purl.obolibrary.org/obo/PCL_0111041	CS20230722_SUPT_0471	0471 DMH-LHA Gsx1 Gaba_2														
http://purl.obolibrary.org/obo/PCL_0114190	CS20230722_CLUS_1810	0472 DMH-LHA Gsx1 Gaba_3														
http://purl.obolibrary.org/obo/PCL_0111043	CS20230722_SUPT_0473	0473 DMH-LHA Gsx1 Gaba_4														
http://purl.obolibrary.org/obo/PCL_0111044	CS20230722_SUPT_0474	0474 PVHd-DMH Lhx6 Gaba_1														
http://purl.obolibrary.org/obo/PCL_0111045	CS20230722_SUPT_0475	0475 PVHd-DMH Lhx6 Gaba_2														
http://purl.obolibrary.org/obo/PCL_0111046	CS20230722_SUPT_0476	0476 PVHd-DMH Lhx6 Gaba_3														
http://purl.obolibrary.org/obo/PCL_0111047	CS20230722_SUPT_0477	0477 PVHd-DMH Lhx6 Gaba_4														
http://purl.obolibrary.org/obo/PCL_0111048	CS20230722_SUPT_0478	0478 TU-ARH Otp Six6 Gaba_1														
http://purl.obolibrary.org/obo/PCL_0111049	CS20230722_SUPT_0479	0479 TU-ARH Otp Six6 Gaba_2														
http://purl.obolibrary.org/obo/PCL_0111050	CS20230722_SUPT_0480	0480 TU-ARH Otp Six6 Gaba_3														
http://purl.obolibrary.org/obo/PCL_0111052	CS20230722_SUPT_0482	0482 PVpo-VMPO-MPN Hmx2 Gaba_1														
http://purl.obolibrary.org/obo/PCL_0111053	CS20230722_SUPT_0483	0483 PVpo-VMPO-MPN Hmx2 Gaba_2														
http://purl.obolibrary.org/obo/PCL_0111054	CS20230722_SUPT_0484	0484 PVpo-VMPO-MPN Hmx2 Gaba_3														
http://purl.obolibrary.org/obo/PCL_0111055	CS20230722_SUPT_0485	0485 PVpo-VMPO-MPN Hmx2 Gaba_4														
http://purl.obolibrary.org/obo/PCL_0111056	CS20230722_SUPT_0486	0486 PVpo-VMPO-MPN Hmx2 Gaba_5														
http://purl.obolibrary.org/obo/PCL_0111057	CS20230722_SUPT_0487	0487 DMH Hmx2 Gaba_1														
http://purl.obolibrary.org/obo/PCL_0111058	CS20230722_SUPT_0488	0488 DMH Hmx2 Gaba_2														
http://purl.obolibrary.org/obo/PCL_0111059	CS20230722_SUPT_0489	0489 DMH Hmx2 Gaba_3														
http://purl.obolibrary.org/obo/PCL_0111060	CS20230722_SUPT_0490	0490 DMH Hmx2 Gaba_4														
http://purl.obolibrary.org/obo/PCL_0111061	CS20230722_SUPT_0491	0491 DMH Hmx2 Gaba_5														
http://purl.obolibrary.org/obo/PCL_0111062	CS20230722_SUPT_0492	0492 DMH Hmx2 Gaba_6														
http://purl.obolibrary.org/obo/PCL_0111063	CS20230722_SUPT_0493	0493 ARH-PVp Tbx3 Gaba_1														
http://purl.obolibrary.org/obo/PCL_0111064	CS20230722_SUPT_0494	0494 ARH-PVp Tbx3 Gaba_2														
http://purl.obolibrary.org/obo/PCL_0111065	CS20230722_SUPT_0495	0495 ARH-PVp Tbx3 Gaba_3														
http://purl.obolibrary.org/obo/PCL_0111066	CS20230722_SUPT_0496	0496 LGv-ZI Otx2 Gaba_1														
http://purl.obolibrary.org/obo/PCL_0111067	CS20230722_SUPT_0497	0497 LGv-ZI Otx2 Gaba_2														
http://purl.obolibrary.org/obo/PCL_0114359	CS20230722_CLUS_1979	0498 LGv-ZI Otx2 Gaba_3														
http://purl.obolibrary.org/obo/PCL_0111069	CS20230722_SUPT_0499	0499 LGv-ZI Otx2 Gaba_4														
http://purl.obolibrary.org/obo/PCL_0111070	CS20230722_SUPT_0500	0500 LGv-ZI Otx2 Gaba_5														
http://purl.obolibrary.org/obo/PCL_0111072	CS20230722_SUPT_0502	0502 TRS-BAC Sln Glut_1														
http://purl.obolibrary.org/obo/PCL_0111073	CS20230722_SUPT_0503	0503 TRS-BAC Sln Glut_2														
http://purl.obolibrary.org/obo/PCL_0111075	CS20230722_SUPT_0505	0505 MEA-COA-BMA Ccdc42 Glut_1														
http://purl.obolibrary.org/obo/PCL_0114384	CS20230722_CLUS_2004	0506 MEA-COA-BMA Ccdc42 Glut_2														
http://purl.obolibrary.org/obo/PCL_0111077	CS20230722_SUPT_0507	0507 MEA-COA-BMA Ccdc42 Glut_3														
http://purl.obolibrary.org/obo/PCL_0111078	CS20230722_SUPT_0508	0508 MEA-COA-BMA Ccdc42 Glut_4														
http://purl.obolibrary.org/obo/PCL_0111079	CS20230722_SUPT_0509	0509 COAa-PAA-MEA Barhl2 Glut_1														
http://purl.obolibrary.org/obo/PCL_0111080	CS20230722_SUPT_0510	0510 COAa-PAA-MEA Barhl2 Glut_2														
http://purl.obolibrary.org/obo/PCL_0111081	CS20230722_SUPT_0511	0511 COAa-PAA-MEA Barhl2 Glut_3														
http://purl.obolibrary.org/obo/PCL_0111082	CS20230722_SUPT_0512	0512 COAa-PAA-MEA Barhl2 Glut_4														
http://purl.obolibrary.org/obo/PCL_0111083	CS20230722_SUPT_0513	0513 COAa-PAA-MEA Barhl2 Glut_5														
http://purl.obolibrary.org/obo/PCL_0111084	CS20230722_SUPT_0514	0514 COAa-PAA-MEA Barhl2 Glut_6														
http://purl.obolibrary.org/obo/PCL_0111085	CS20230722_SUPT_0515	0515 COAa-PAA-MEA Barhl2 Glut_7														
http://purl.obolibrary.org/obo/PCL_0111086	CS20230722_SUPT_0516	0516 COAa-PAA-MEA Barhl2 Glut_8														
http://purl.obolibrary.org/obo/PCL_0114433	CS20230722_CLUS_2053	0517 COAa-PAA-MEA Barhl2 Glut_9														
http://purl.obolibrary.org/obo/PCL_0111089	CS20230722_SUPT_0519	0519 AVPV-MEPO-SFO Tbr1 Glut_1														
http://purl.obolibrary.org/obo/PCL_0111090	CS20230722_SUPT_0520	0520 AVPV-MEPO-SFO Tbr1 Glut_2														
http://purl.obolibrary.org/obo/PCL_0111091	CS20230722_SUPT_0521	0521 AVPV-MEPO-SFO Tbr1 Glut_3														
http://purl.obolibrary.org/obo/PCL_0111092	CS20230722_SUPT_0522	0522 AVPV-MEPO-SFO Tbr1 Glut_4														
http://purl.obolibrary.org/obo/PCL_0111093	CS20230722_SUPT_0523	0523 AVPV-MEPO-SFO Tbr1 Glut_5														
http://purl.obolibrary.org/obo/PCL_0111094	CS20230722_SUPT_0524	0524 LHA Barhl2 Glut_1														
http://purl.obolibrary.org/obo/PCL_0111095	CS20230722_SUPT_0525	0525 LHA Barhl2 Glut_2														
http://purl.obolibrary.org/obo/PCL_0114492	CS20230722_CLUS_2112	0526 LHA Barhl2 Glut_3														
http://purl.obolibrary.org/obo/PCL_0111097	CS20230722_SUPT_0527	0527 ADP-MPO Trp73 Glut_1														
http://purl.obolibrary.org/obo/PCL_0111098	CS20230722_SUPT_0528	0528 ADP-MPO Trp73 Glut_2														
http://purl.obolibrary.org/obo/PCL_0111099	CS20230722_SUPT_0529	0529 ADP-MPO Trp73 Glut_3														
http://purl.obolibrary.org/obo/PCL_0111100	CS20230722_SUPT_0530	0530 SI-MA-LPO-LHA Skor1 Glut_1														
http://purl.obolibrary.org/obo/PCL_0111101	CS20230722_SUPT_0531	0531 SI-MA-LPO-LHA Skor1 Glut_2														
http://purl.obolibrary.org/obo/PCL_0111102	CS20230722_SUPT_0532	0532 SI-MA-LPO-LHA Skor1 Glut_3														
http://purl.obolibrary.org/obo/PCL_0111103	CS20230722_SUPT_0533	0533 SI-MA-LPO-LHA Skor1 Glut_4														
http://purl.obolibrary.org/obo/PCL_0111104	CS20230722_SUPT_0534	0534 SI-MA-LPO-LHA Skor1 Glut_5														
http://purl.obolibrary.org/obo/PCL_0111105	CS20230722_SUPT_0535	0535 SI-MA-LPO-LHA Skor1 Glut_6														
http://purl.obolibrary.org/obo/PCL_0111106	CS20230722_SUPT_0536	0536 SI-MA-LPO-LHA Skor1 Glut_7														
http://purl.obolibrary.org/obo/PCL_0111107	CS20230722_SUPT_0537	0537 SI-MA-LPO-LHA Skor1 Glut_8														
http://purl.obolibrary.org/obo/PCL_0111109	CS20230722_SUPT_0539	0539 MEA-BST Otp Zic2 Glut_1														
http://purl.obolibrary.org/obo/PCL_0111110	CS20230722_SUPT_0540	0540 MEA-BST Otp Zic2 Glut_2														
http://purl.obolibrary.org/obo/PCL_0114597	CS20230722_CLUS_2217	0541 MEA-BST Otp Zic2 Glut_3														
http://purl.obolibrary.org/obo/PCL_0111112	CS20230722_SUPT_0542	0542 LHA-MEA Otp Glut_1														
http://purl.obolibrary.org/obo/PCL_0114604	CS20230722_CLUS_2224	0543 LHA-MEA Otp Glut_2														
http://purl.obolibrary.org/obo/PCL_0114605	CS20230722_CLUS_2225	0544 DMH Nkx2-4 Glut_1														
http://purl.obolibrary.org/obo/PCL_0111115	CS20230722_SUPT_0545	0545 DMH Nkx2-4 Glut_2														
http://purl.obolibrary.org/obo/PCL_0111116	CS20230722_SUPT_0546	0546 MPN-MPO-PVpo Hmx2 Glut_1														
http://purl.obolibrary.org/obo/PCL_0111117	CS20230722_SUPT_0547	0547 MPN-MPO-PVpo Hmx2 Glut_2														
http://purl.obolibrary.org/obo/PCL_0111118	CS20230722_SUPT_0548	0548 MPN-MPO-PVpo Hmx2 Glut_3														
http://purl.obolibrary.org/obo/PCL_0111119	CS20230722_SUPT_0549	0549 MPN-MPO-PVpo Hmx2 Glut_4														
http://purl.obolibrary.org/obo/PCL_0111120	CS20230722_SUPT_0550	0550 MPN-MPO-PVpo Hmx2 Glut_5														
http://purl.obolibrary.org/obo/PCL_0111121	CS20230722_SUPT_0551	0551 MPN-MPO-PVpo Hmx2 Glut_6														
http://purl.obolibrary.org/obo/PCL_0111122	CS20230722_SUPT_0552	0552 DMH Hmx2 Glut_1														
http://purl.obolibrary.org/obo/PCL_0111123	CS20230722_SUPT_0553	0553 DMH Hmx2 Glut_2														
http://purl.obolibrary.org/obo/PCL_0111124	CS20230722_SUPT_0554	0554 ARH-PVp Tbx3 Glut_1														
http://purl.obolibrary.org/obo/PCL_0111125	CS20230722_SUPT_0555	0555 ARH-PVp Tbx3 Glut_2														
http://purl.obolibrary.org/obo/PCL_0111126	CS20230722_SUPT_0556	0556 ARH-PVp Tbx3 Glut_3														
http://purl.obolibrary.org/obo/PCL_0114663	CS20230722_CLUS_2283	0557 ARH-PVp Tbx3 Glut_4														
http://purl.obolibrary.org/obo/PCL_0114664	CS20230722_CLUS_2284	0558 ARH-PVp Tbx3 Glut_5														
http://purl.obolibrary.org/obo/PCL_0114665	CS20230722_CLUS_2285	0559 DMH-LHA Vgll2 Glut_1														
http://purl.obolibrary.org/obo/PCL_0114666	CS20230722_CLUS_2286	0560 DMH-LHA Vgll2 Glut_2														
http://purl.obolibrary.org/obo/PCL_0111131	CS20230722_SUPT_0561	0561 DMH-LHA Vgll2 Glut_3														
http://purl.obolibrary.org/obo/PCL_0114669	CS20230722_CLUS_2289	0562 DMH-LHA Vgll2 Glut_4														
http://purl.obolibrary.org/obo/PCL_0111133	CS20230722_SUPT_0563	0563 VMH Fezf1 Glut_1														
http://purl.obolibrary.org/obo/PCL_0111134	CS20230722_SUPT_0564	0564 VMH Fezf1 Glut_2														
http://purl.obolibrary.org/obo/PCL_0111135	CS20230722_SUPT_0565	0565 VMH Fezf1 Glut_3														
http://purl.obolibrary.org/obo/PCL_0111136	CS20230722_SUPT_0566	0566 VMH Nr5a1 Glut_1														
http://purl.obolibrary.org/obo/PCL_0111137	CS20230722_SUPT_0567	0567 VMH Nr5a1 Glut_2														
http://purl.obolibrary.org/obo/PCL_0111138	CS20230722_SUPT_0568	0568 VMH Nr5a1 Glut_3														
http://purl.obolibrary.org/obo/PCL_0111139	CS20230722_SUPT_0569	0569 VMH Nr5a1 Glut_4														
http://purl.obolibrary.org/obo/PCL_0111140	CS20230722_SUPT_0570	0570 VMH Nr5a1 Glut_5														
http://purl.obolibrary.org/obo/PCL_0114699	CS20230722_CLUS_2319	0571 VMH Nr5a1 Glut_6														
http://purl.obolibrary.org/obo/PCL_0111142	CS20230722_SUPT_0572	0572 LHA Pmch Glut_1														
http://purl.obolibrary.org/obo/PCL_0111143	CS20230722_SUPT_0573	0573 LHA Pmch Glut_2														
http://purl.obolibrary.org/obo/PCL_0111144	CS20230722_SUPT_0574	0574 LHA-AHN-PVH Otp Trh Glut_1														
http://purl.obolibrary.org/obo/PCL_0111145	CS20230722_SUPT_0575	0575 LHA-AHN-PVH Otp Trh Glut_2														
http://purl.obolibrary.org/obo/PCL_0111146	CS20230722_SUPT_0576	0576 LHA-AHN-PVH Otp Trh Glut_3														
http://purl.obolibrary.org/obo/PCL_0111147	CS20230722_SUPT_0577	0577 LHA-AHN-PVH Otp Trh Glut_4														
http://purl.obolibrary.org/obo/PCL_0114719	CS20230722_CLUS_2339	0578 LHA-AHN-PVH Otp Trh Glut_5														
http://purl.obolibrary.org/obo/PCL_0111149	CS20230722_SUPT_0579	0579 AHN-RCH-LHA Otp Fezf1 Glut_1														
http://purl.obolibrary.org/obo/PCL_0111150	CS20230722_SUPT_0580	0580 AHN-RCH-LHA Otp Fezf1 Glut_2														
http://purl.obolibrary.org/obo/PCL_0111151	CS20230722_SUPT_0581	0581 AHN-RCH-LHA Otp Fezf1 Glut_3														
http://purl.obolibrary.org/obo/PCL_0111152	CS20230722_SUPT_0582	0582 AHN-RCH-LHA Otp Fezf1 Glut_4														
http://purl.obolibrary.org/obo/PCL_0114740	CS20230722_CLUS_2360	0583 AHN-RCH-LHA Otp Fezf1 Glut_5														
http://purl.obolibrary.org/obo/PCL_0111154	CS20230722_SUPT_0584	0584 AHN-RCH-LHA Otp Fezf1 Glut_6														
http://purl.obolibrary.org/obo/PCL_0111155	CS20230722_SUPT_0585	0585 PVH-SO-PVa Otp Glut_1														
http://purl.obolibrary.org/obo/PCL_0111156	CS20230722_SUPT_0586	0586 PVH-SO-PVa Otp Glut_2														
http://purl.obolibrary.org/obo/PCL_0111157	CS20230722_SUPT_0587	0587 PVH-SO-PVa Otp Glut_3														
http://purl.obolibrary.org/obo/PCL_0111158	CS20230722_SUPT_0588	0588 PVH-SO-PVa Otp Glut_4														
http://purl.obolibrary.org/obo/PCL_0111159	CS20230722_SUPT_0589	0589 PVH-SO-PVa Otp Glut_5														
http://purl.obolibrary.org/obo/PCL_0111160	CS20230722_SUPT_0590	0590 PVH-SO-PVa Otp Glut_6														
http://purl.obolibrary.org/obo/PCL_0111161	CS20230722_SUPT_0591	0591 PH-ant-LHA Otp Bsx Glut_1														
http://purl.obolibrary.org/obo/PCL_0111162	CS20230722_SUPT_0592	0592 PH-ant-LHA Otp Bsx Glut_2														
http://purl.obolibrary.org/obo/PCL_0111163	CS20230722_SUPT_0593	0593 PH-ant-LHA Otp Bsx Glut_3														
http://purl.obolibrary.org/obo/PCL_0111164	CS20230722_SUPT_0594	0594 PH-ant-LHA Otp Bsx Glut_4														
http://purl.obolibrary.org/obo/PCL_0111165	CS20230722_SUPT_0595	0595 PH-ant-LHA Otp Bsx Glut_5														
http://purl.obolibrary.org/obo/PCL_0111166	CS20230722_SUPT_0596	0596 PH-ant-LHA Otp Bsx Glut_6														
http://purl.obolibrary.org/obo/PCL_0111167	CS20230722_SUPT_0597	0597 PH-ant-LHA Otp Bsx Glut_7														
http://purl.obolibrary.org/obo/PCL_0111168	CS20230722_SUPT_0598	0598 STN-PSTN Pitx2 Glut_1														
http://purl.obolibrary.org/obo/PCL_0111169	CS20230722_SUPT_0599	0599 STN-PSTN Pitx2 Glut_2														
http://purl.obolibrary.org/obo/PCL_0111170	CS20230722_SUPT_0600	0600 STN-PSTN Pitx2 Glut_3														
http://purl.obolibrary.org/obo/PCL_0111171	CS20230722_SUPT_0601	0601 STN-PSTN Pitx2 Glut_4														
http://purl.obolibrary.org/obo/PCL_0111172	CS20230722_SUPT_0602	0602 STN-PSTN Pitx2 Glut_5														
http://purl.obolibrary.org/obo/PCL_0111173	CS20230722_SUPT_0603	0603 STN-PSTN Pitx2 Glut_6														
http://purl.obolibrary.org/obo/PCL_0114839	CS20230722_CLUS_2459	0604 STN-PSTN Pitx2 Glut_7														
http://purl.obolibrary.org/obo/PCL_0111175	CS20230722_SUPT_0605	0605 PMv-TMv Pitx2 Glut_1														
http://purl.obolibrary.org/obo/PCL_0111176	CS20230722_SUPT_0606	0606 PMv-TMv Pitx2 Glut_2														
http://purl.obolibrary.org/obo/PCL_0111177	CS20230722_SUPT_0607	0607 PMv-TMv Pitx2 Glut_3														
http://purl.obolibrary.org/obo/PCL_0111178	CS20230722_SUPT_0608	0608 PH-an Pitx2 Glut_1														
http://purl.obolibrary.org/obo/PCL_0111179	CS20230722_SUPT_0609	0609 PH-an Pitx2 Glut_2														
http://purl.obolibrary.org/obo/PCL_0111180	CS20230722_SUPT_0610	0610 PH Pitx2 Glut_1														
http://purl.obolibrary.org/obo/PCL_0111181	CS20230722_SUPT_0611	0611 PH Pitx2 Glut_2														
http://purl.obolibrary.org/obo/PCL_0111182	CS20230722_SUPT_0612	0612 PH-LHA Foxb1 Glut_1														
http://purl.obolibrary.org/obo/PCL_0111183	CS20230722_SUPT_0613	0613 PH-LHA Foxb1 Glut_2														
http://purl.obolibrary.org/obo/PCL_0111184	CS20230722_SUPT_0614	0614 PH-LHA Foxb1 Glut_3														
http://purl.obolibrary.org/obo/PCL_0111185	CS20230722_SUPT_0615	0615 PH-LHA Foxb1 Glut_4														
http://purl.obolibrary.org/obo/PCL_0111186	CS20230722_SUPT_0616	0616 PH-LHA Foxb1 Glut_5														
http://purl.obolibrary.org/obo/PCL_0114899	CS20230722_CLUS_2519	0617 PH-LHA Foxb1 Glut_6														
http://purl.obolibrary.org/obo/PCL_0111188	CS20230722_SUPT_0618	0618 PH-LHA Foxb1 Glut_7														
http://purl.obolibrary.org/obo/PCL_0111189	CS20230722_SUPT_0619	0619 PMd-LHA Foxb1 Glut_1														
http://purl.obolibrary.org/obo/PCL_0111190	CS20230722_SUPT_0620	0620 PMd-LHA Foxb1 Glut_2														
http://purl.obolibrary.org/obo/PCL_0111191	CS20230722_SUPT_0621	0621 PMd-LHA Foxb1 Glut_3														
http://purl.obolibrary.org/obo/PCL_0111192	CS20230722_SUPT_0622	0622 PH-SUM Foxa1 Glut_1														
http://purl.obolibrary.org/obo/PCL_0111193	CS20230722_SUPT_0623	0623 PH-SUM Foxa1 Glut_2														
http://purl.obolibrary.org/obo/PCL_0111194	CS20230722_SUPT_0624	0624 PH-SUM Foxa1 Glut_3														
http://purl.obolibrary.org/obo/PCL_0111195	CS20230722_SUPT_0625	0625 PH-SUM Foxa1 Glut_4														
http://purl.obolibrary.org/obo/PCL_0111196	CS20230722_SUPT_0626	0626 PH-SUM Foxa1 Glut_5														
http://purl.obolibrary.org/obo/PCL_0111197	CS20230722_SUPT_0627	0627 PH-SUM Foxa1 Glut_6														
http://purl.obolibrary.org/obo/PCL_0111200	CS20230722_SUPT_0630	0630 MM Foxb1 Glut_1														
http://purl.obolibrary.org/obo/PCL_0111201	CS20230722_SUPT_0631	0631 MM Foxb1 Glut_2														
http://purl.obolibrary.org/obo/PCL_0111202	CS20230722_SUPT_0632	0632 MH Tac2 Glut_1														
http://purl.obolibrary.org/obo/PCL_0111203	CS20230722_SUPT_0633	0633 MH Tac2 Glut_2														
http://purl.obolibrary.org/obo/PCL_0111204	CS20230722_SUPT_0634	0634 MH Tac2 Glut_3														
http://purl.obolibrary.org/obo/PCL_0111205	CS20230722_SUPT_0635	0635 MH Tac2 Glut_4														
http://purl.obolibrary.org/obo/PCL_0111206	CS20230722_SUPT_0636	0636 MH Tac2 Glut_5														
http://purl.obolibrary.org/obo/PCL_0111207	CS20230722_SUPT_0637	0637 LH Pou4f1 Sox1 Glut_1														
http://purl.obolibrary.org/obo/PCL_0111208	CS20230722_SUPT_0638	0638 LH Pou4f1 Sox1 Glut_2														
http://purl.obolibrary.org/obo/PCL_0111209	CS20230722_SUPT_0639	0639 LH Pou4f1 Sox1 Glut_3														
http://purl.obolibrary.org/obo/PCL_0111210	CS20230722_SUPT_0640	0640 LH Pou4f1 Sox1 Glut_4														
http://purl.obolibrary.org/obo/PCL_0111213	CS20230722_SUPT_0643	0643 PVT-PT Ntrk1 Glut_1														
http://purl.obolibrary.org/obo/PCL_0111214	CS20230722_SUPT_0644	0644 PVT-PT Ntrk1 Glut_2														
http://purl.obolibrary.org/obo/PCL_0111215	CS20230722_SUPT_0645	0645 PVT-PT Ntrk1 Glut_3														
http://purl.obolibrary.org/obo/PCL_0111216	CS20230722_SUPT_0646	0646 PVT-PT Ntrk1 Glut_4														
http://purl.obolibrary.org/obo/PCL_0111217	CS20230722_SUPT_0647	0647 PVT-PT Ntrk1 Glut_5														
http://purl.obolibrary.org/obo/PCL_0115012	CS20230722_CLUS_2632	0648 PVT-PT Ntrk1 Glut_6														
http://purl.obolibrary.org/obo/PCL_0111219	CS20230722_SUPT_0649	0649 CM-IAD-CL-PCN Sema5b Glut_1														
http://purl.obolibrary.org/obo/PCL_0111220	CS20230722_SUPT_0650	0650 CM-IAD-CL-PCN Sema5b Glut_2														
http://purl.obolibrary.org/obo/PCL_0111221	CS20230722_SUPT_0651	0651 CM-IAD-CL-PCN Sema5b Glut_3														
http://purl.obolibrary.org/obo/PCL_0111222	CS20230722_SUPT_0652	0652 CM-IAD-CL-PCN Sema5b Glut_4														
http://purl.obolibrary.org/obo/PCL_0111223	CS20230722_SUPT_0653	0653 CM-IAD-CL-PCN Sema5b Glut_5														
http://purl.obolibrary.org/obo/PCL_0111224	CS20230722_SUPT_0654	0654 TH Prkcd Grin2c Glut_1														
http://purl.obolibrary.org/obo/PCL_0115030	CS20230722_CLUS_2650	0655 TH Prkcd Grin2c Glut_2														
http://purl.obolibrary.org/obo/PCL_0111226	CS20230722_SUPT_0656	0656 TH Prkcd Grin2c Glut_3														
http://purl.obolibrary.org/obo/PCL_0111227	CS20230722_SUPT_0657	0657 TH Prkcd Grin2c Glut_4														
http://purl.obolibrary.org/obo/PCL_0111228	CS20230722_SUPT_0658	0658 TH Prkcd Grin2c Glut_5														
http://purl.obolibrary.org/obo/PCL_0111229	CS20230722_SUPT_0659	0659 TH Prkcd Grin2c Glut_6														
http://purl.obolibrary.org/obo/PCL_0111230	CS20230722_SUPT_0660	0660 TH Prkcd Grin2c Glut_7														
http://purl.obolibrary.org/obo/PCL_0111231	CS20230722_SUPT_0661	0661 TH Prkcd Grin2c Glut_8														
http://purl.obolibrary.org/obo/PCL_0111232	CS20230722_SUPT_0662	0662 TH Prkcd Grin2c Glut_9														
http://purl.obolibrary.org/obo/PCL_0111233	CS20230722_SUPT_0663	0663 TH Prkcd Grin2c Glut_10														
http://purl.obolibrary.org/obo/PCL_0111234	CS20230722_SUPT_0664	0664 TH Prkcd Grin2c Glut_11														
http://purl.obolibrary.org/obo/PCL_0111235	CS20230722_SUPT_0665	0665 TH Prkcd Grin2c Glut_12														
http://purl.obolibrary.org/obo/PCL_0111236	CS20230722_SUPT_0666	0666 TH Prkcd Grin2c Glut_13														
http://purl.obolibrary.org/obo/PCL_0111237	CS20230722_SUPT_0667	0667 TH Prkcd Grin2c Glut_14														
http://purl.obolibrary.org/obo/PCL_0111238	CS20230722_SUPT_0668	0668 RE-Xi Nox4 Glut_1														
http://purl.obolibrary.org/obo/PCL_0111239	CS20230722_SUPT_0669	0669 RE-Xi Nox4 Glut_2														
http://purl.obolibrary.org/obo/PCL_0111240	CS20230722_SUPT_0670	0670 RE-Xi Nox4 Glut_3														
http://purl.obolibrary.org/obo/PCL_0115083	CS20230722_CLUS_2703	0671 RE-Xi Nox4 Glut_4														
http://purl.obolibrary.org/obo/PCL_0111242	CS20230722_SUPT_0672	0672 MG-POL-SGN Nts Glut_1														
http://purl.obolibrary.org/obo/PCL_0111243	CS20230722_SUPT_0673	0673 MG-POL-SGN Nts Glut_2														
http://purl.obolibrary.org/obo/PCL_0111244	CS20230722_SUPT_0674	0674 PF Fzd5 Glut_1														
http://purl.obolibrary.org/obo/PCL_0111245	CS20230722_SUPT_0675	0675 PF Fzd5 Glut_2														
http://purl.obolibrary.org/obo/PCL_0111246	CS20230722_SUPT_0676	0676 PRC-PAG Pax6 Glut_1														
http://purl.obolibrary.org/obo/PCL_0111247	CS20230722_SUPT_0677	0677 PRC-PAG Pax6 Glut_2														
http://purl.obolibrary.org/obo/PCL_0111248	CS20230722_SUPT_0678	0678 PRC-PAG Pax6 Glut_3														
http://purl.obolibrary.org/obo/PCL_0111249	CS20230722_SUPT_0679	0679 PRC-PAG Pax6 Glut_4														
http://purl.obolibrary.org/obo/PCL_0115131	CS20230722_CLUS_2751	0680 PRC-PAG Pax6 Glut_5														
http://purl.obolibrary.org/obo/PCL_0111253	CS20230722_SUPT_0683	0683 MRN-PAG Nkx6-1 Glut_1														
http://purl.obolibrary.org/obo/PCL_0111254	CS20230722_SUPT_0684	0684 MRN-PAG Nkx6-1 Glut_2														
http://purl.obolibrary.org/obo/PCL_0111255	CS20230722_SUPT_0685	0685 IF-RL-CLI-PAG Foxa1 Glut_1														
http://purl.obolibrary.org/obo/PCL_0111256	CS20230722_SUPT_0686	0686 IF-RL-CLI-PAG Foxa1 Glut_2														
http://purl.obolibrary.org/obo/PCL_0111257	CS20230722_SUPT_0687	0687 IF-RL-CLI-PAG Foxa1 Glut_3														
http://purl.obolibrary.org/obo/PCL_0111258	CS20230722_SUPT_0688	0688 IF-RL-CLI-PAG Foxa1 Glut_4														
http://purl.obolibrary.org/obo/PCL_0115160	CS20230722_CLUS_2780	0689 IF-RL-CLI-PAG Foxa1 Glut_5														
http://purl.obolibrary.org/obo/PCL_0111260	CS20230722_SUPT_0690	0690 PAG-SC Neurod2 Meis2 Glut_1														
http://purl.obolibrary.org/obo/PCL_0111261	CS20230722_SUPT_0691	0691 PAG-SC Neurod2 Meis2 Glut_2														
http://purl.obolibrary.org/obo/PCL_0115170	CS20230722_CLUS_2790	0692 PAG-SC Neurod2 Meis2 Glut_3														
http://purl.obolibrary.org/obo/PCL_0111263	CS20230722_SUPT_0693	0693 PAG-SC Neurod2 Meis2 Glut_4														
http://purl.obolibrary.org/obo/PCL_0111264	CS20230722_SUPT_0694	0694 PAG Pou4f3 Glut_1														
http://purl.obolibrary.org/obo/PCL_0111265	CS20230722_SUPT_0695	0695 PAG Pou4f3 Glut_2														
http://purl.obolibrary.org/obo/PCL_0111266	CS20230722_SUPT_0696	0696 PAG Pou4f3 Glut_3														
http://purl.obolibrary.org/obo/PCL_0111267	CS20230722_SUPT_0697	0697 CUN Evx2 Lhx2 Glut_1														
http://purl.obolibrary.org/obo/PCL_0111268	CS20230722_SUPT_0698	0698 CUN Evx2 Lhx2 Glut_2														
http://purl.obolibrary.org/obo/PCL_0111269	CS20230722_SUPT_0699	0699 CUN Evx2 Lhx2 Glut_3														
http://purl.obolibrary.org/obo/PCL_0111270	CS20230722_SUPT_0700	0700 CUN Evx2 Lhx2 Glut_4														
http://purl.obolibrary.org/obo/PCL_0111271	CS20230722_SUPT_0701	0701 CUN Evx2 Lhx2 Glut_5														
http://purl.obolibrary.org/obo/PCL_0111274	CS20230722_SUPT_0704	0704 PAG-MRN Pou3f1 Glut_1														
http://purl.obolibrary.org/obo/PCL_0115248	CS20230722_CLUS_2868	0705 PAG-MRN Pou3f1 Glut_2														
http://purl.obolibrary.org/obo/PCL_0115249	CS20230722_CLUS_2869	0706 PAG-MRN Pou3f1 Glut_3														
http://purl.obolibrary.org/obo/PCL_0111277	CS20230722_SUPT_0707	0707 PAG-MRN Pou3f1 Glut_4														
http://purl.obolibrary.org/obo/PCL_0111278	CS20230722_SUPT_0708	0708 PAG-MRN Pou3f1 Glut_5														
http://purl.obolibrary.org/obo/PCL_0111279	CS20230722_SUPT_0709	0709 PAG-MRN Pou3f1 Glut_6														
http://purl.obolibrary.org/obo/PCL_0111280	CS20230722_SUPT_0710	0710 MRN Pou3f1 C1ql4 Glut_1														
http://purl.obolibrary.org/obo/PCL_0111281	CS20230722_SUPT_0711	0711 MRN Pou3f1 C1ql4 Glut_2														
http://purl.obolibrary.org/obo/PCL_0111282	CS20230722_SUPT_0712	0712 MRN Pou3f1 C1ql4 Glut_3														
http://purl.obolibrary.org/obo/PCL_0111283	CS20230722_SUPT_0713	0713 PRC-PAG Tcf7l2 Irx2 Glut_1														
http://purl.obolibrary.org/obo/PCL_0111284	CS20230722_SUPT_0714	0714 PRC-PAG Tcf7l2 Irx2 Glut_2														
http://purl.obolibrary.org/obo/PCL_0111285	CS20230722_SUPT_0715	0715 PRC-PAG Tcf7l2 Irx2 Glut_3														
http://purl.obolibrary.org/obo/PCL_0115300	CS20230722_CLUS_2920	0716 PRC-PAG Tcf7l2 Irx2 Glut_4														
http://purl.obolibrary.org/obo/PCL_0111287	CS20230722_SUPT_0717	0717 PRC-PAG Tcf7l2 Irx2 Glut_5														
http://purl.obolibrary.org/obo/PCL_0111288	CS20230722_SUPT_0718	0718 SPA-SPFm-SPFp-POL-PIL-PoT Sp9 Glut_1														
http://purl.obolibrary.org/obo/PCL_0111289	CS20230722_SUPT_0719	0719 SPA-SPFm-SPFp-POL-PIL-PoT Sp9 Glut_2														
http://purl.obolibrary.org/obo/PCL_0111290	CS20230722_SUPT_0720	0720 SPA-SPFm-SPFp-POL-PIL-PoT Sp9 Glut_3														
http://purl.obolibrary.org/obo/PCL_0111291	CS20230722_SUPT_0721	0721 SPA-SPFm-SPFp-POL-PIL-PoT Sp9 Glut_4														
http://purl.obolibrary.org/obo/PCL_0111292	CS20230722_SUPT_0722	0722 SPA-SPFm-SPFp-POL-PIL-PoT Sp9 Glut_5														
http://purl.obolibrary.org/obo/PCL_0111293	CS20230722_SUPT_0723	0723 SPA-SPFm-SPFp-POL-PIL-PoT Sp9 Glut_6														
http://purl.obolibrary.org/obo/PCL_0111294	CS20230722_SUPT_0724	0724 SPA-SPFm-SPFp-POL-PIL-PoT Sp9 Glut_7														
http://purl.obolibrary.org/obo/PCL_0111295	CS20230722_SUPT_0725	0725 SPA-SPFm-SPFp-POL-PIL-PoT Sp9 Glut_8														
http://purl.obolibrary.org/obo/PCL_0111296	CS20230722_SUPT_0726	0726 SPA-SPFm-SPFp-POL-PIL-PoT Sp9 Glut_9														
http://purl.obolibrary.org/obo/PCL_0111297	CS20230722_SUPT_0727	0727 SPA-SPFm-SPFp-POL-PIL-PoT Sp9 Glut_10														
http://purl.obolibrary.org/obo/PCL_0111298	CS20230722_SUPT_0728	0728 SPA-SPFm-SPFp-POL-PIL-PoT Sp9 Glut_11														
http://purl.obolibrary.org/obo/PCL_0111299	CS20230722_SUPT_0729	0729 SPA-SPFm-SPFp-POL-PIL-PoT Sp9 Glut_12														
http://purl.obolibrary.org/obo/PCL_0111300	CS20230722_SUPT_0730	0730 PAG-SC Pou4f1 Zic1 Glut_1														
http://purl.obolibrary.org/obo/PCL_0111301	CS20230722_SUPT_0731	0731 PAG-SC Pou4f1 Zic1 Glut_2														
http://purl.obolibrary.org/obo/PCL_0111302	CS20230722_SUPT_0732	0732 PAG-SC Pou4f1 Zic1 Glut_3														
http://purl.obolibrary.org/obo/PCL_0111303	CS20230722_SUPT_0733	0733 PAG-MRN Tfap2b Glut_1														
http://purl.obolibrary.org/obo/PCL_0111304	CS20230722_SUPT_0734	0734 PAG-MRN Tfap2b Glut_2														
http://purl.obolibrary.org/obo/PCL_0111305	CS20230722_SUPT_0735	0735 PAG Pou4f1 Bnc2 Glut_1														
http://purl.obolibrary.org/obo/PCL_0111306	CS20230722_SUPT_0736	0736 PAG Pou4f1 Bnc2 Glut_2														
http://purl.obolibrary.org/obo/PCL_0111307	CS20230722_SUPT_0737	0737 PAG Pou4f1 Ebf2 Glut_1														
http://purl.obolibrary.org/obo/PCL_0111308	CS20230722_SUPT_0738	0738 PAG Pou4f1 Ebf2 Glut_2														
http://purl.obolibrary.org/obo/PCL_0111309	CS20230722_SUPT_0739	0739 PAG Pou4f1 Ebf2 Glut_3														
http://purl.obolibrary.org/obo/PCL_0111310	CS20230722_SUPT_0740	0740 PAG Pou4f1 Ebf2 Glut_4														
http://purl.obolibrary.org/obo/PCL_0111311	CS20230722_SUPT_0741	0741 PAG Pou4f1 Ebf2 Glut_5														
http://purl.obolibrary.org/obo/PCL_0111312	CS20230722_SUPT_0742	0742 PAG Pou4f1 Ebf2 Glut_6														
http://purl.obolibrary.org/obo/PCL_0111313	CS20230722_SUPT_0743	0743 PAG Pou4f1 Ebf2 Glut_7														
http://purl.obolibrary.org/obo/PCL_0115522	CS20230722_CLUS_3142	0744 PAG Pou4f1 Ebf2 Glut_8														
http://purl.obolibrary.org/obo/PCL_0111315	CS20230722_SUPT_0745	0745 PAG Pou4f2 Glut_1														
http://purl.obolibrary.org/obo/PCL_0111316	CS20230722_SUPT_0746	0746 PAG Pou4f2 Glut_2														
http://purl.obolibrary.org/obo/PCL_0111317	CS20230722_SUPT_0747	0747 PAG Pou4f2 Glut_3														
http://purl.obolibrary.org/obo/PCL_0111318	CS20230722_SUPT_0748	0748 PAG Pou4f2 Glut_4														
http://purl.obolibrary.org/obo/PCL_0111319	CS20230722_SUPT_0749	0749 PAG Pou4f2 Glut_5														
http://purl.obolibrary.org/obo/PCL_0111320	CS20230722_SUPT_0750	0750 PAG Pou4f2 Mesi2 Glut_1														
http://purl.obolibrary.org/obo/PCL_0111321	CS20230722_SUPT_0751	0751 PAG Pou4f2 Mesi2 Glut_2														
http://purl.obolibrary.org/obo/PCL_0111322	CS20230722_SUPT_0752	0752 PAG Pou4f2 Mesi2 Glut_3														
http://purl.obolibrary.org/obo/PCL_0111323	CS20230722_SUPT_0753	0753 PAG Pou4f2 Mesi2 Glut_4														
http://purl.obolibrary.org/obo/PCL_0111324	CS20230722_SUPT_0754	0754 PAG Pou4f2 Mesi2 Glut_5														
http://purl.obolibrary.org/obo/PCL_0111325	CS20230722_SUPT_0755	0755 PAG Pou4f2 Mesi2 Glut_6														
http://purl.obolibrary.org/obo/PCL_0115583	CS20230722_CLUS_3203	0756 SC Bnc2 Glut_1														
http://purl.obolibrary.org/obo/PCL_0111327	CS20230722_SUPT_0757	0757 SC Bnc2 Glut_2														
http://purl.obolibrary.org/obo/PCL_0111328	CS20230722_SUPT_0758	0758 SC Bnc2 Glut_3														
http://purl.obolibrary.org/obo/PCL_0111329	CS20230722_SUPT_0759	0759 SC Bnc2 Glut_4														
http://purl.obolibrary.org/obo/PCL_0111330	CS20230722_SUPT_0760	0760 SCig Foxb1 Glut_1														
http://purl.obolibrary.org/obo/PCL_0111331	CS20230722_SUPT_0761	0761 SCig Foxb1 Glut_2														
http://purl.obolibrary.org/obo/PCL_0111332	CS20230722_SUPT_0762	0762 SCig Foxb1 Glut_3														
http://purl.obolibrary.org/obo/PCL_0111333	CS20230722_SUPT_0763	0763 SCig Foxb1 Glut_4														
http://purl.obolibrary.org/obo/PCL_0111337	CS20230722_SUPT_0767	0767 SCiw Pitx2 Glut_1														
http://purl.obolibrary.org/obo/PCL_0111338	CS20230722_SUPT_0768	0768 SCiw Pitx2 Glut_2														
http://purl.obolibrary.org/obo/PCL_0111339	CS20230722_SUPT_0769	0769 SCiw Pitx2 Glut_3														
http://purl.obolibrary.org/obo/PCL_0111340	CS20230722_SUPT_0770	0770 IC Tfap2d Maf Glut_1														
http://purl.obolibrary.org/obo/PCL_0111341	CS20230722_SUPT_0771	0771 IC Tfap2d Maf Glut_2														
http://purl.obolibrary.org/obo/PCL_0111342	CS20230722_SUPT_0772	0772 IC Tfap2d Maf Glut_3														
http://purl.obolibrary.org/obo/PCL_0111343	CS20230722_SUPT_0773	0773 IC Tfap2d Maf Glut_4														
http://purl.obolibrary.org/obo/PCL_0115695	CS20230722_CLUS_3315	0774 IC Tfap2d Maf Glut_5														
http://purl.obolibrary.org/obo/PCL_0111345	CS20230722_SUPT_0775	0775 IC Tfap2d Maf Glut_6														
http://purl.obolibrary.org/obo/PCL_0111346	CS20230722_SUPT_0776	0776 CUN-PPN Evx2 Meis2 Glut_1														
http://purl.obolibrary.org/obo/PCL_0111347	CS20230722_SUPT_0777	0777 CUN-PPN Evx2 Meis2 Glut_2														
http://purl.obolibrary.org/obo/PCL_0111348	CS20230722_SUPT_0778	0778 CUN-PPN Evx2 Meis2 Glut_3														
http://purl.obolibrary.org/obo/PCL_0111349	CS20230722_SUPT_0779	0779 CUN-PPN Evx2 Meis2 Glut_4														
http://purl.obolibrary.org/obo/PCL_0111350	CS20230722_SUPT_0780	0780 CUN-PPN Evx2 Meis2 Glut_5														
http://purl.obolibrary.org/obo/PCL_0111355	CS20230722_SUPT_0785	0785 SCsg Pde5a Glut_1														
http://purl.obolibrary.org/obo/PCL_0111356	CS20230722_SUPT_0786	0786 SCsg Pde5a Glut_2														
http://purl.obolibrary.org/obo/PCL_0111357	CS20230722_SUPT_0787	0787 SCsg Pde5a Glut_3														
http://purl.obolibrary.org/obo/PCL_0111362	CS20230722_SUPT_0792	0792 PPN-CUN-PCG Otp En1 Gaba_1														
http://purl.obolibrary.org/obo/PCL_0111363	CS20230722_SUPT_0793	0793 PPN-CUN-PCG Otp En1 Gaba_2														
http://purl.obolibrary.org/obo/PCL_0111364	CS20230722_SUPT_0794	0794 PPN-CUN-PCG Otp En1 Gaba_3														
http://purl.obolibrary.org/obo/PCL_0111365	CS20230722_SUPT_0795	0795 MRN-PPN-CUN Pax8 Gaba_1														
http://purl.obolibrary.org/obo/PCL_0111366	CS20230722_SUPT_0796	0796 MRN-PPN-CUN Pax8 Gaba_2														
http://purl.obolibrary.org/obo/PCL_0115798	CS20230722_CLUS_3418	0797 MRN-PPN-CUN Pax8 Gaba_3														
http://purl.obolibrary.org/obo/PCL_0111368	CS20230722_SUPT_0798	0798 MRN-VTN-PPN Pax5 Cdh23 Gaba_1														
http://purl.obolibrary.org/obo/PCL_0111369	CS20230722_SUPT_0799	0799 MRN-VTN-PPN Pax5 Cdh23 Gaba_2														
http://purl.obolibrary.org/obo/PCL_0111370	CS20230722_SUPT_0800	0800 SNr-VTA Pax5 Npas1 Gaba_1														
http://purl.obolibrary.org/obo/PCL_0115821	CS20230722_CLUS_3441	0801 SNr-VTA Pax5 Npas1 Gaba_2														
http://purl.obolibrary.org/obo/PCL_0111372	CS20230722_SUPT_0802	0802 PAG-PPN Pax5 Sox21 Gaba_1														
http://purl.obolibrary.org/obo/PCL_0111373	CS20230722_SUPT_0803	0803 PAG-PPN Pax5 Sox21 Gaba_2														
http://purl.obolibrary.org/obo/PCL_0111374	CS20230722_SUPT_0804	0804 PAG-PPN Pax5 Sox21 Gaba_3														
http://purl.obolibrary.org/obo/PCL_0111375	CS20230722_SUPT_0805	0805 PAG-PPN Pax5 Sox21 Gaba_4														
http://purl.obolibrary.org/obo/PCL_0111377	CS20230722_SUPT_0807	0807 IC Six3 En2 Gaba_1														
http://purl.obolibrary.org/obo/PCL_0111378	CS20230722_SUPT_0808	0808 IC Six3 En2 Gaba_2														
http://purl.obolibrary.org/obo/PCL_0111379	CS20230722_SUPT_0809	0809 IC Six3 En2 Gaba_3														
http://purl.obolibrary.org/obo/PCL_0111380	CS20230722_SUPT_0810	0810 IC Six3 En2 Gaba_4														
http://purl.obolibrary.org/obo/PCL_0111381	CS20230722_SUPT_0811	0811 IC Six3 En2 Gaba_5														
http://purl.obolibrary.org/obo/PCL_0111382	CS20230722_SUPT_0812	0812 IC Six3 En2 Gaba_6														
http://purl.obolibrary.org/obo/PCL_0111383	CS20230722_SUPT_0813	0813 IC Six3 En2 Gaba_7														
http://purl.obolibrary.org/obo/PCL_0111384	CS20230722_SUPT_0814	0814 PAG-MRN-RN Foxa2 Gaba_1														
http://purl.obolibrary.org/obo/PCL_0111385	CS20230722_SUPT_0815	0815 PAG-MRN-RN Foxa2 Gaba_2														
http://purl.obolibrary.org/obo/PCL_0111386	CS20230722_SUPT_0816	0816 PAG-MRN-RN Foxa2 Gaba_3														
http://purl.obolibrary.org/obo/PCL_0111387	CS20230722_SUPT_0817	0817 PAG-MRN-RN Foxa2 Gaba_4														
http://purl.obolibrary.org/obo/PCL_0111388	CS20230722_SUPT_0818	0818 PAG-ND-PCG Onecut1 Gaba_1														
http://purl.obolibrary.org/obo/PCL_0111389	CS20230722_SUPT_0819	0819 PAG-ND-PCG Onecut1 Gaba_2														
http://purl.obolibrary.org/obo/PCL_0111390	CS20230722_SUPT_0820	0820 PAG-ND-PCG Onecut1 Gaba_3														
http://purl.obolibrary.org/obo/PCL_0115933	CS20230722_CLUS_3553	0821 PAG-ND-PCG Onecut1 Gaba_4														
http://purl.obolibrary.org/obo/PCL_0111392	CS20230722_SUPT_0822	0822 PAG-ND-PCG Onecut1 Gaba_5														
http://purl.obolibrary.org/obo/PCL_0111393	CS20230722_SUPT_0823	0823 PAG-RN Nkx2-2 Otx1 Gaba_1														
http://purl.obolibrary.org/obo/PCL_0111394	CS20230722_SUPT_0824	0824 PAG-RN Nkx2-2 Otx1 Gaba_2														
http://purl.obolibrary.org/obo/PCL_0111395	CS20230722_SUPT_0825	0825 PAG-RN Nkx2-2 Otx1 Gaba_3														
http://purl.obolibrary.org/obo/PCL_0111396	CS20230722_SUPT_0826	0826 PAG-RN Nkx2-2 Otx1 Gaba_4														
http://purl.obolibrary.org/obo/PCL_0111397	CS20230722_SUPT_0827	0827 PAG-RN Nkx2-2 Otx1 Gaba_5														
http://purl.obolibrary.org/obo/PCL_0111398	CS20230722_SUPT_0828	0828 PAG-RN Nkx2-2 Otx1 Gaba_6														
http://purl.obolibrary.org/obo/PCL_0111399	CS20230722_SUPT_0829	0829 PRT Tcf7l2 Gaba_1														
http://purl.obolibrary.org/obo/PCL_0111400	CS20230722_SUPT_0830	0830 PRT Tcf7l2 Gaba_2														
http://purl.obolibrary.org/obo/PCL_0111401	CS20230722_SUPT_0831	0831 PRT Tcf7l2 Gaba_3														
http://purl.obolibrary.org/obo/PCL_0111402	CS20230722_SUPT_0832	0832 PRT Tcf7l2 Gaba_4														
http://purl.obolibrary.org/obo/PCL_0111403	CS20230722_SUPT_0833	0833 PRT Tcf7l2 Gaba_5														
http://purl.obolibrary.org/obo/PCL_0111404	CS20230722_SUPT_0834	0834 LGv-SPFp-SPFm Nkx2-2 Tcf7l2 Gaba_1														
http://purl.obolibrary.org/obo/PCL_0111405	CS20230722_SUPT_0835	0835 LGv-SPFp-SPFm Nkx2-2 Tcf7l2 Gaba_2														
http://purl.obolibrary.org/obo/PCL_0111406	CS20230722_SUPT_0836	0836 LGv-SPFp-SPFm Nkx2-2 Tcf7l2 Gaba_3														
http://purl.obolibrary.org/obo/PCL_0111407	CS20230722_SUPT_0837	0837 LGv-SPFp-SPFm Nkx2-2 Tcf7l2 Gaba_4														
http://purl.obolibrary.org/obo/PCL_0111408	CS20230722_SUPT_0838	0838 LGv-SPFp-SPFm Nkx2-2 Tcf7l2 Gaba_5														
http://purl.obolibrary.org/obo/PCL_0111409	CS20230722_SUPT_0839	0839 LGv-SPFp-SPFm Nkx2-2 Tcf7l2 Gaba_6														
http://purl.obolibrary.org/obo/PCL_0111410	CS20230722_SUPT_0840	0840 LGv-SPFp-SPFm Nkx2-2 Tcf7l2 Gaba_7														
http://purl.obolibrary.org/obo/PCL_0111411	CS20230722_SUPT_0841	0841 SC Otx2 Gcnt4 Gaba_1														
http://purl.obolibrary.org/obo/PCL_0116052	CS20230722_CLUS_3672	0842 SC Otx2 Gcnt4 Gaba_2														
http://purl.obolibrary.org/obo/PCL_0111413	CS20230722_SUPT_0843	0843 SC-PAG Lef1 Emx2 Gaba_1														
http://purl.obolibrary.org/obo/PCL_0111414	CS20230722_SUPT_0844	0844 SC-PAG Lef1 Emx2 Gaba_2														
http://purl.obolibrary.org/obo/PCL_0111415	CS20230722_SUPT_0845	0845 SC-PAG Lef1 Emx2 Gaba_3														
http://purl.obolibrary.org/obo/PCL_0111416	CS20230722_SUPT_0846	0846 SC-PAG Lef1 Emx2 Gaba_4														
http://purl.obolibrary.org/obo/PCL_0111417	CS20230722_SUPT_0847	0847 SC-PAG Lef1 Emx2 Gaba_5														
http://purl.obolibrary.org/obo/PCL_0111418	CS20230722_SUPT_0848	0848 SCm-PAG Cdh23 Gaba_1														
http://purl.obolibrary.org/obo/PCL_0111419	CS20230722_SUPT_0849	0849 SCm-PAG Cdh23 Gaba_2														
http://purl.obolibrary.org/obo/PCL_0111420	CS20230722_SUPT_0850	0850 SCm-PAG Cdh23 Gaba_3														
http://purl.obolibrary.org/obo/PCL_0111421	CS20230722_SUPT_0851	0851 SCm-PAG Cdh23 Gaba_4														
http://purl.obolibrary.org/obo/PCL_0111422	CS20230722_SUPT_0852	0852 SCs Dmbx1 Gaba_1														
http://purl.obolibrary.org/obo/PCL_0111423	CS20230722_SUPT_0853	0853 SCs Dmbx1 Gaba_2														
http://purl.obolibrary.org/obo/PCL_0111424	CS20230722_SUPT_0854	0854 SCs Dmbx1 Gaba_3														
http://purl.obolibrary.org/obo/PCL_0111425	CS20230722_SUPT_0855	0855 SCs Dmbx1 Gaba_4														
http://purl.obolibrary.org/obo/PCL_0116120	CS20230722_CLUS_3740	0856 SCs Dmbx1 Gaba_5														
http://purl.obolibrary.org/obo/PCL_0111427	CS20230722_SUPT_0857	0857 SC Lef1 Otx2 Gaba_1														
http://purl.obolibrary.org/obo/PCL_0116125	CS20230722_CLUS_3745	0858 SC Lef1 Otx2 Gaba_2														
http://purl.obolibrary.org/obo/PCL_0111429	CS20230722_SUPT_0859	0859 SCs Pax7 Nfia Gaba_1														
http://purl.obolibrary.org/obo/PCL_0111430	CS20230722_SUPT_0860	0860 SCs Pax7 Nfia Gaba_2														
http://purl.obolibrary.org/obo/PCL_0111431	CS20230722_SUPT_0861	0861 SCs Pax7 Nfia Gaba_3														
http://purl.obolibrary.org/obo/PCL_0116138	CS20230722_CLUS_3758	0862 SCs Pax7 Nfia Gaba_4														
http://purl.obolibrary.org/obo/PCL_0116139	CS20230722_CLUS_3759	0863 SCs Pax7 Nfia Gaba_5														
http://purl.obolibrary.org/obo/PCL_0111434	CS20230722_SUPT_0864	0864 PRT Mecom Gaba_1														
http://purl.obolibrary.org/obo/PCL_0111435	CS20230722_SUPT_0865	0865 PRT Mecom Gaba_2														
http://purl.obolibrary.org/obo/PCL_0111436	CS20230722_SUPT_0866	0866 PRT Mecom Gaba_3														
http://purl.obolibrary.org/obo/PCL_0111437	CS20230722_SUPT_0867	0867 SC Tnnt1 Gli3 Gaba_1														
http://purl.obolibrary.org/obo/PCL_0111438	CS20230722_SUPT_0868	0868 SC Tnnt1 Gli3 Gaba_2														
http://purl.obolibrary.org/obo/PCL_0111439	CS20230722_SUPT_0869	0869 SCs Lef1 Gli3 Gaba_1														
http://purl.obolibrary.org/obo/PCL_0111440	CS20230722_SUPT_0870	0870 SCs Lef1 Gli3 Gaba_2														
http://purl.obolibrary.org/obo/PCL_0111441	CS20230722_SUPT_0871	0871 SCs Lef1 Gli3 Gaba_3														
http://purl.obolibrary.org/obo/PCL_0111442	CS20230722_SUPT_0872	0872 SCsg Gabrr2 Gaba_1														
http://purl.obolibrary.org/obo/PCL_0111443	CS20230722_SUPT_0873	0873 SCsg Gabrr2 Gaba_2														
http://purl.obolibrary.org/obo/PCL_0111444	CS20230722_SUPT_0874	0874 SCsg Gabrr2 Gaba_3														
http://purl.obolibrary.org/obo/PCL_0111445	CS20230722_SUPT_0875	0875 SCsg Gabrr2 Gaba_4														
http://purl.obolibrary.org/obo/PCL_0111446	CS20230722_SUPT_0876	0876 SCsg Gabrr2 Gaba_5														
http://purl.obolibrary.org/obo/PCL_0111447	CS20230722_SUPT_0877	0877 IPN Otp Crisp1 Gaba_1														
http://purl.obolibrary.org/obo/PCL_0111448	CS20230722_SUPT_0878	0878 IPN Otp Crisp1 Gaba_2														
http://purl.obolibrary.org/obo/PCL_0116216	CS20230722_CLUS_3836	0879 IPN Otp Crisp1 Gaba_3														
http://purl.obolibrary.org/obo/PCL_0111450	CS20230722_SUPT_0880	0880 SNc-VTA-RAmb Foxa1 Dopa_1														
http://purl.obolibrary.org/obo/PCL_0111451	CS20230722_SUPT_0881	0881 SNc-VTA-RAmb Foxa1 Dopa_2														
http://purl.obolibrary.org/obo/PCL_0111452	CS20230722_SUPT_0882	0882 SNc-VTA-RAmb Foxa1 Dopa_3														
http://purl.obolibrary.org/obo/PCL_0111453	CS20230722_SUPT_0883	0883 SNc-VTA-RAmb Foxa1 Dopa_4														
http://purl.obolibrary.org/obo/PCL_0111454	CS20230722_SUPT_0884	0884 SNc-VTA-RAmb Foxa1 Dopa_5														
http://purl.obolibrary.org/obo/PCL_0111455	CS20230722_SUPT_0885	0885 SNc-VTA-RAmb Foxa1 Dopa_6														
http://purl.obolibrary.org/obo/PCL_0111456	CS20230722_SUPT_0886	0886 SNc-VTA-RAmb Foxa1 Dopa_7														
http://purl.obolibrary.org/obo/PCL_0111457	CS20230722_SUPT_0887	0887 SNc-VTA-RAmb Foxa1 Dopa_8														
http://purl.obolibrary.org/obo/PCL_0111458	CS20230722_SUPT_0888	0888 MB-MY Tph2 Glut-Sero_1														
http://purl.obolibrary.org/obo/PCL_0111459	CS20230722_SUPT_0889	0889 MB-MY Tph2 Glut-Sero_2														
http://purl.obolibrary.org/obo/PCL_0111460	CS20230722_SUPT_0890	0890 MB-MY Tph2 Glut-Sero_3														
http://purl.obolibrary.org/obo/PCL_0111461	CS20230722_SUPT_0891	0891 MB-MY Tph2 Glut-Sero_4														
http://purl.obolibrary.org/obo/PCL_0111462	CS20230722_SUPT_0892	0892 MB-MY Tph2 Glut-Sero_5														
http://purl.obolibrary.org/obo/PCL_0116290	CS20230722_CLUS_3910	0893 MB-MY Tph2 Glut-Sero_6														
http://purl.obolibrary.org/obo/PCL_0116291	CS20230722_CLUS_3911	0894 MB-MY Tph2 Glut-Sero_7														
http://purl.obolibrary.org/obo/PCL_0111465	CS20230722_SUPT_0895	0895 PB Lmx1a Glut_1														
http://purl.obolibrary.org/obo/PCL_0116306	CS20230722_CLUS_3926	0896 PB Lmx1a Glut_2														
http://purl.obolibrary.org/obo/PCL_0111467	CS20230722_SUPT_0897	0897 PB Lmx1a Glut_3														
http://purl.obolibrary.org/obo/PCL_0111468	CS20230722_SUPT_0898	0898 PB Lmx1a Glut_4														
http://purl.obolibrary.org/obo/PCL_0111469	CS20230722_SUPT_0899	0899 PB Lmx1a Glut_5														
http://purl.obolibrary.org/obo/PCL_0111470	CS20230722_SUPT_0900	0900 PB Lmx1a Glut_6														
http://purl.obolibrary.org/obo/PCL_0111471	CS20230722_SUPT_0901	0901 PB Lmx1a Glut_7														
http://purl.obolibrary.org/obo/PCL_0111474	CS20230722_SUPT_0904	0904 PB Pax5 Glut_1														
http://purl.obolibrary.org/obo/PCL_0111475	CS20230722_SUPT_0905	0905 PB Pax5 Glut_2														
http://purl.obolibrary.org/obo/PCL_0111476	CS20230722_SUPT_0906	0906 LDT-PCG Vsx2 Lhx4 Glut_1														
http://purl.obolibrary.org/obo/PCL_0111477	CS20230722_SUPT_0907	0907 LDT-PCG Vsx2 Lhx4 Glut_2														
http://purl.obolibrary.org/obo/PCL_0111478	CS20230722_SUPT_0908	0908 LDT-PCG Vsx2 Lhx4 Glut_3														
http://purl.obolibrary.org/obo/PCL_0111479	CS20230722_SUPT_0909	0909 LDT-PCG Vsx2 Lhx4 Glut_4														
http://purl.obolibrary.org/obo/PCL_0111480	CS20230722_SUPT_0910	0910 LDT-PCG Vsx2 Lhx4 Glut_5														
http://purl.obolibrary.org/obo/PCL_0111481	CS20230722_SUPT_0911	0911 LDT-PCG Vsx2 Lhx4 Glut_6														
http://purl.obolibrary.org/obo/PCL_0111482	CS20230722_SUPT_0912	0912 LDT-PCG Vsx2 Lhx4 Glut_7														
http://purl.obolibrary.org/obo/PCL_0111483	CS20230722_SUPT_0913	0913 LDT-PCG Vsx2 Lhx4 Glut_8														
http://purl.obolibrary.org/obo/PCL_0111484	CS20230722_SUPT_0914	0914 PB Evx2 Glut_1														
http://purl.obolibrary.org/obo/PCL_0111485	CS20230722_SUPT_0915	0915 PB Evx2 Glut_2														
http://purl.obolibrary.org/obo/PCL_0111486	CS20230722_SUPT_0916	0916 PB Evx2 Glut_3														
http://purl.obolibrary.org/obo/PCL_0111487	CS20230722_SUPT_0917	0917 PB Evx2 Glut_4														
http://purl.obolibrary.org/obo/PCL_0111488	CS20230722_SUPT_0918	0918 PB Evx2 Glut_5														
http://purl.obolibrary.org/obo/PCL_0111489	CS20230722_SUPT_0919	0919 PB Evx2 Glut_6														
http://purl.obolibrary.org/obo/PCL_0111490	CS20230722_SUPT_0920	0920 PB Evx2 Glut_7														
http://purl.obolibrary.org/obo/PCL_0111491	CS20230722_SUPT_0921	0921 PB Evx2 Glut_8														
http://purl.obolibrary.org/obo/PCL_0111492	CS20230722_SUPT_0922	0922 PB Evx2 Glut_9														
http://purl.obolibrary.org/obo/PCL_0111493	CS20230722_SUPT_0923	0923 B-PB Nr4a2 Glut_1														
http://purl.obolibrary.org/obo/PCL_0116479	CS20230722_CLUS_4099	0924 B-PB Nr4a2 Glut_2														
http://purl.obolibrary.org/obo/PCL_0111495	CS20230722_SUPT_0925	0925 PCG-PRNr Vsx2 Nkx6-1 Glut_1														
http://purl.obolibrary.org/obo/PCL_0111496	CS20230722_SUPT_0926	0926 PCG-PRNr Vsx2 Nkx6-1 Glut_2														
http://purl.obolibrary.org/obo/PCL_0111497	CS20230722_SUPT_0927	0927 PCG-PRNr Vsx2 Nkx6-1 Glut_3														
http://purl.obolibrary.org/obo/PCL_0116496	CS20230722_CLUS_4116	0928 PCG-PRNr Vsx2 Nkx6-1 Glut_4														
http://purl.obolibrary.org/obo/PCL_0111499	CS20230722_SUPT_0929	0929 PCG-PRNr Vsx2 Nkx6-1 Glut_5														
http://purl.obolibrary.org/obo/PCL_0111500	CS20230722_SUPT_0930	0930 PCG-PRNr Vsx2 Nkx6-1 Glut_6														
http://purl.obolibrary.org/obo/PCL_0111501	CS20230722_SUPT_0931	0931 PRNc-NI-SG-RPO Vsx2 Nr4a2 Glut_1														
http://purl.obolibrary.org/obo/PCL_0111502	CS20230722_SUPT_0932	0932 PRNc-NI-SG-RPO Vsx2 Nr4a2 Glut_2														
http://purl.obolibrary.org/obo/PCL_0111503	CS20230722_SUPT_0933	0933 PRNc-NI-SG-RPO Vsx2 Nr4a2 Glut_3														
http://purl.obolibrary.org/obo/PCL_0111504	CS20230722_SUPT_0934	0934 PRNc-NI-SG-RPO Vsx2 Nr4a2 Glut_4														
http://purl.obolibrary.org/obo/PCL_0111505	CS20230722_SUPT_0935	0935 PRNc-PARN Tlx1 Glut_1														
http://purl.obolibrary.org/obo/PCL_0111506	CS20230722_SUPT_0936	0936 PRNc-PARN Tlx1 Glut_2														
http://purl.obolibrary.org/obo/PCL_0111507	CS20230722_SUPT_0937	0937 PRNc-PARN Tlx1 Glut_3														
http://purl.obolibrary.org/obo/PCL_0111509	CS20230722_SUPT_0939	0939 PSV Pvalb Lhx2 Glut_1														
http://purl.obolibrary.org/obo/PCL_0111510	CS20230722_SUPT_0940	0940 PSV Pvalb Lhx2 Glut_2														
http://purl.obolibrary.org/obo/PCL_0116532	CS20230722_CLUS_4152	0941 PSV Pvalb Lhx2 Glut_3														
http://purl.obolibrary.org/obo/PCL_0116533	CS20230722_CLUS_4153	0942 PSV Pvalb Lhx2 Glut_4														
http://purl.obolibrary.org/obo/PCL_0111513	CS20230722_SUPT_0943	0943 PB-NTS Phox2b Ebf3 Lmx1b Glut_1														
http://purl.obolibrary.org/obo/PCL_0111514	CS20230722_SUPT_0944	0944 PB-NTS Phox2b Ebf3 Lmx1b Glut_2														
http://purl.obolibrary.org/obo/PCL_0111516	CS20230722_SUPT_0946	0946 IPN-LDT Vsx2 Nkx6-1 Glut_1														
http://purl.obolibrary.org/obo/PCL_0111517	CS20230722_SUPT_0947	0947 IPN-LDT Vsx2 Nkx6-1 Glut_2														
http://purl.obolibrary.org/obo/PCL_0111518	CS20230722_SUPT_0948	0948 LDT Vsx2 Nkx6-1 Nfib Glut_1														
http://purl.obolibrary.org/obo/PCL_0116574	CS20230722_CLUS_4194	0949 LDT Vsx2 Nkx6-1 Nfib Glut_2														
http://purl.obolibrary.org/obo/PCL_0116575	CS20230722_CLUS_4195	0950 NLL-SOC Spp1 Glut_1														
http://purl.obolibrary.org/obo/PCL_0116576	CS20230722_CLUS_4196	0951 NLL-SOC Spp1 Glut_2														
http://purl.obolibrary.org/obo/PCL_0111525	CS20230722_SUPT_0955	0955 PRP-NI-PRNc-GRN Otp Glut_1														
http://purl.obolibrary.org/obo/PCL_0111526	CS20230722_SUPT_0956	0956 PRP-NI-PRNc-GRN Otp Glut_2														
http://purl.obolibrary.org/obo/PCL_0111527	CS20230722_SUPT_0957	0957 PRP-NI-PRNc-GRN Otp Glut_3														
http://purl.obolibrary.org/obo/PCL_0111528	CS20230722_SUPT_0958	0958 PRP-NI-PRNc-GRN Otp Glut_4														
http://purl.obolibrary.org/obo/PCL_0111529	CS20230722_SUPT_0959	0959 NTS Phox2b Glut_1														
http://purl.obolibrary.org/obo/PCL_0111530	CS20230722_SUPT_0960	0960 NTS Phox2b Glut_2														
http://purl.obolibrary.org/obo/PCL_0111531	CS20230722_SUPT_0961	0961 NTS Phox2b Glut_3														
http://purl.obolibrary.org/obo/PCL_0111532	CS20230722_SUPT_0962	0962 NTS Phox2b Glut_4														
http://purl.obolibrary.org/obo/PCL_0111533	CS20230722_SUPT_0963	0963 NTS Phox2b Glut_5														
http://purl.obolibrary.org/obo/PCL_0111534	CS20230722_SUPT_0964	0964 NTS Phox2b Glut_6														
http://purl.obolibrary.org/obo/PCL_0111535	CS20230722_SUPT_0965	0965 NTS Phox2b Glut_7														
http://purl.obolibrary.org/obo/PCL_0111536	CS20230722_SUPT_0966	0966 NTS Phox2b Glut_8														
http://purl.obolibrary.org/obo/PCL_0111537	CS20230722_SUPT_0967	0967 NTS Phox2b Glut_9														
http://purl.obolibrary.org/obo/PCL_0111538	CS20230722_SUPT_0968	0968 NTS Phox2b Glut_10														
http://purl.obolibrary.org/obo/PCL_0111543	CS20230722_SUPT_0973	0973 PGRN-PARN-MDRN Hoxb5 Glut_1														
http://purl.obolibrary.org/obo/PCL_0111544	CS20230722_SUPT_0974	0974 PGRN-PARN-MDRN Hoxb5 Glut_2														
http://purl.obolibrary.org/obo/PCL_0111545	CS20230722_SUPT_0975	0975 PGRN-PARN-MDRN Hoxb5 Glut_3														
http://purl.obolibrary.org/obo/PCL_0111546	CS20230722_SUPT_0976	0976 PGRN-PARN-MDRN Hoxb5 Glut_4														
http://purl.obolibrary.org/obo/PCL_0111547	CS20230722_SUPT_0977	0977 PGRN-PARN-MDRN Hoxb5 Glut_5														
http://purl.obolibrary.org/obo/PCL_0111548	CS20230722_SUPT_0978	0978 PGRN-PARN-MDRN Hoxb5 Glut_6														
http://purl.obolibrary.org/obo/PCL_0111549	CS20230722_SUPT_0979	0979 PGRN-PARN-MDRN Hoxb5 Glut_7														
http://purl.obolibrary.org/obo/PCL_0111551	CS20230722_SUPT_0981	0981 SPVI-SPVC Tlx3 Ebf3 Glut_1														
http://purl.obolibrary.org/obo/PCL_0111552	CS20230722_SUPT_0982	0982 SPVI-SPVC Tlx3 Ebf3 Glut_2														
http://purl.obolibrary.org/obo/PCL_0111553	CS20230722_SUPT_0983	0983 SPVI-SPVC Tlx3 Ebf3 Glut_3														
http://purl.obolibrary.org/obo/PCL_0111554	CS20230722_SUPT_0984	0984 SPVI-SPVC Tlx3 Ebf3 Glut_4														
http://purl.obolibrary.org/obo/PCL_0111555	CS20230722_SUPT_0985	0985 SPVI-SPVC Tlx3 Ebf3 Glut_5														
http://purl.obolibrary.org/obo/PCL_0111556	CS20230722_SUPT_0986	0986 SPVI-SPVC Tlx3 Ebf3 Glut_6														
http://purl.obolibrary.org/obo/PCL_0111557	CS20230722_SUPT_0987	0987 SPVI-SPVC Tlx3 Ebf3 Glut_7														
http://purl.obolibrary.org/obo/PCL_0111558	CS20230722_SUPT_0988	0988 CU-ECU-SPVI Foxb1 Glut_1														
http://purl.obolibrary.org/obo/PCL_0111559	CS20230722_SUPT_0989	0989 CU-ECU-SPVI Foxb1 Glut_2														
http://purl.obolibrary.org/obo/PCL_0111560	CS20230722_SUPT_0990	0990 CU-ECU-SPVI Foxb1 Glut_3														
http://purl.obolibrary.org/obo/PCL_0116854	CS20230722_CLUS_4474	0991 CU-ECU-SPVI Foxb1 Glut_4														
http://purl.obolibrary.org/obo/PCL_0111562	CS20230722_SUPT_0992	0992 MV-SPIV Phox2b Ebf3 Lbx1 Glut_1														
http://purl.obolibrary.org/obo/PCL_0116866	CS20230722_CLUS_4486	0993 MV-SPIV Phox2b Ebf3 Lbx1 Glut_2														
http://purl.obolibrary.org/obo/PCL_0116867	CS20230722_CLUS_4487	0994 MV-SPIV Phox2b Ebf3 Lbx1 Glut_3														
http://purl.obolibrary.org/obo/PCL_0116868	CS20230722_CLUS_4488	0995 MV-SPIV Phox2b Ebf3 Lbx1 Glut_4														
http://purl.obolibrary.org/obo/PCL_0116869	CS20230722_CLUS_4489	0996 MV-SPIV Phox2b Ebf3 Lbx1 Glut_5														
http://purl.obolibrary.org/obo/PCL_0111567	CS20230722_SUPT_0997	0997 MV-SPIV Zic4 Neurod2 Glut_1														
http://purl.obolibrary.org/obo/PCL_0111568	CS20230722_SUPT_0998	0998 MV-SPIV Zic4 Neurod2 Glut_2														
http://purl.obolibrary.org/obo/PCL_0111569	CS20230722_SUPT_0999	0999 MV-SPIV Zic4 Neurod2 Glut_3														
http://purl.obolibrary.org/obo/PCL_0111570	CS20230722_SUPT_1000	1000 MV-SPIV Zic4 Neurod2 Glut_4														
http://purl.obolibrary.org/obo/PCL_0111571	CS20230722_SUPT_1001	1001 MV-SPIV Zic4 Neurod2 Glut_5														
http://purl.obolibrary.org/obo/PCL_0111574	CS20230722_SUPT_1004	1004 NTS Dbh Glut_1														
http://purl.obolibrary.org/obo/PCL_0111575	CS20230722_SUPT_1005	1005 NTS Dbh Glut_2														
http://purl.obolibrary.org/obo/PCL_0111576	CS20230722_SUPT_1006	1006 NTS Dbh Glut_3														
http://purl.obolibrary.org/obo/PCL_0111577	CS20230722_SUPT_1007	1007 NTS Dbh Glut_4														
http://purl.obolibrary.org/obo/PCL_0116929	CS20230722_CLUS_4549	1008 NTS Dbh Glut_5														
http://purl.obolibrary.org/obo/PCL_0116930	CS20230722_CLUS_4550	1009 NTS Dbh Glut_6														
http://purl.obolibrary.org/obo/PCL_0111580	CS20230722_SUPT_1010	1010 DMX VII Tbx20 Chol_1														
http://purl.obolibrary.org/obo/PCL_0116936	CS20230722_CLUS_4556	1011 DMX VII Tbx20 Chol_2														
http://purl.obolibrary.org/obo/PCL_0111583	CS20230722_SUPT_1013	1013 VCO Mafa Meis2 Glut_1														
http://purl.obolibrary.org/obo/PCL_0116941	CS20230722_CLUS_4561	1014 VCO Mafa Meis2 Glut_2														
http://purl.obolibrary.org/obo/PCL_0111585	CS20230722_SUPT_1015	1015 VCO Mafa Meis2 Glut_3														
http://purl.obolibrary.org/obo/PCL_0116946	CS20230722_CLUS_4566	1016 VCO Mafa Meis2 Glut_4														
http://purl.obolibrary.org/obo/PCL_0111588	CS20230722_SUPT_1018	1018 SPVC Mafa Glut_1														
http://purl.obolibrary.org/obo/PCL_0111589	CS20230722_SUPT_1019	1019 SPVC Mafa Glut_2														
http://purl.obolibrary.org/obo/PCL_0111591	CS20230722_SUPT_1021	1021 SPVC Nmu Glut_1														
http://purl.obolibrary.org/obo/PCL_0111592	CS20230722_SUPT_1022	1022 SPVC Nmu Glut_2														
http://purl.obolibrary.org/obo/PCL_0116981	CS20230722_CLUS_4601	1025 HB Calcb Chol_1														
http://purl.obolibrary.org/obo/PCL_0116982	CS20230722_CLUS_4602	1026 HB Calcb Chol_2														
http://purl.obolibrary.org/obo/PCL_0116983	CS20230722_CLUS_4603	1027 HB Calcb Chol_3														
http://purl.obolibrary.org/obo/PCL_0116984	CS20230722_CLUS_4604	1028 HB Calcb Chol_4														
http://purl.obolibrary.org/obo/PCL_0116985	CS20230722_CLUS_4605	1029 HB Calcb Chol_5														
http://purl.obolibrary.org/obo/PCL_0111601	CS20230722_SUPT_1031	1031 CS-RPO Meis2 Gaba_1														
http://purl.obolibrary.org/obo/PCL_0111602	CS20230722_SUPT_1032	1032 CS-RPO Meis2 Gaba_2														
http://purl.obolibrary.org/obo/PCL_0111603	CS20230722_SUPT_1033	1033 CS-RPO Meis2 Gaba_3														
http://purl.obolibrary.org/obo/PCL_0111604	CS20230722_SUPT_1034	1034 CS-RPO Meis2 Gaba_4														
http://purl.obolibrary.org/obo/PCL_0111605	CS20230722_SUPT_1035	1035 CS-RPO Meis2 Gaba_5														
http://purl.obolibrary.org/obo/PCL_0111606	CS20230722_SUPT_1036	1036 PRNc Otp Gly-Gaba_1														
http://purl.obolibrary.org/obo/PCL_0111607	CS20230722_SUPT_1037	1037 PRNc Otp Gly-Gaba_2														
http://purl.obolibrary.org/obo/PCL_0111608	CS20230722_SUPT_1038	1038 PRNc Otp Gly-Gaba_3														
http://purl.obolibrary.org/obo/PCL_0111609	CS20230722_SUPT_1039	1039 PRNc Otp Gly-Gaba_4														
http://purl.obolibrary.org/obo/PCL_0111610	CS20230722_SUPT_1040	1040 PRNc Otp Gly-Gaba_5														
http://purl.obolibrary.org/obo/PCL_0111611	CS20230722_SUPT_1041	1041 PB Sst Gly-Gaba_1														
http://purl.obolibrary.org/obo/PCL_0117048	CS20230722_CLUS_4668	1042 PB Sst Gly-Gaba_2														
http://purl.obolibrary.org/obo/PCL_0111614	CS20230722_SUPT_1044	1044 CS-PRNr-PCG Tmem163 Otp Gaba_1														
http://purl.obolibrary.org/obo/PCL_0111615	CS20230722_SUPT_1045	1045 CS-PRNr-PCG Tmem163 Otp Gaba_2														
http://purl.obolibrary.org/obo/PCL_0117066	CS20230722_CLUS_4686	1046 CS-PRNr-PCG Tmem163 Otp Gaba_3														
http://purl.obolibrary.org/obo/PCL_0111617	CS20230722_SUPT_1047	1047 CS-PRNr-DR En1 Sox2 Gaba_1														
http://purl.obolibrary.org/obo/PCL_0111618	CS20230722_SUPT_1048	1048 CS-PRNr-DR En1 Sox2 Gaba_2														
http://purl.obolibrary.org/obo/PCL_0111620	CS20230722_SUPT_1050	1050 LDT-DTN Gata3 Nfix Gaba_1														
http://purl.obolibrary.org/obo/PCL_0111621	CS20230722_SUPT_1051	1051 LDT-DTN Gata3 Nfix Gaba_2														
http://purl.obolibrary.org/obo/PCL_0111622	CS20230722_SUPT_1052	1052 NI-RPO Gata3 Nr4a2 Gaba_1														
http://purl.obolibrary.org/obo/PCL_0111623	CS20230722_SUPT_1053	1053 NI-RPO Gata3 Nr4a2 Gaba_2														
http://purl.obolibrary.org/obo/PCL_0117109	CS20230722_CLUS_4729	1054 NI-RPO Gata3 Nr4a2 Gaba_3														
http://purl.obolibrary.org/obo/PCL_0111625	CS20230722_SUPT_1055	1055 NI-RPO Gata3 Nr4a2 Gaba_4														
http://purl.obolibrary.org/obo/PCL_0111626	CS20230722_SUPT_1056	1056 LDT-PCG-CS Gata3 Lhx1 Gaba_1														
http://purl.obolibrary.org/obo/PCL_0111627	CS20230722_SUPT_1057	1057 LDT-PCG-CS Gata3 Lhx1 Gaba_2														
http://purl.obolibrary.org/obo/PCL_0111628	CS20230722_SUPT_1058	1058 LDT-PCG-CS Gata3 Lhx1 Gaba_3														
http://purl.obolibrary.org/obo/PCL_0117125	CS20230722_CLUS_4745	1059 LDT-PCG-CS Gata3 Lhx1 Gaba_4														
http://purl.obolibrary.org/obo/PCL_0111630	CS20230722_SUPT_1060	1060 LDT-PCG-CS Gata3 Lhx1 Gaba_5														
http://purl.obolibrary.org/obo/PCL_0111631	CS20230722_SUPT_1061	1061 PDTg-PCG Pax6 Gaba_1														
http://purl.obolibrary.org/obo/PCL_0117133	CS20230722_CLUS_4753	1062 PDTg-PCG Pax6 Gaba_2														
http://purl.obolibrary.org/obo/PCL_0111633	CS20230722_SUPT_1063	1063 PDTg-PCG Pax6 Gaba_3														
http://purl.obolibrary.org/obo/PCL_0111634	CS20230722_SUPT_1064	1064 PDTg-PCG Pax6 Gaba_4														
http://purl.obolibrary.org/obo/PCL_0111637	CS20230722_SUPT_1067	1067 LDT-PCG St18 Gaba_1														
http://purl.obolibrary.org/obo/PCL_0111638	CS20230722_SUPT_1068	1068 LDT-PCG St18 Gaba_2														
http://purl.obolibrary.org/obo/PCL_0111639	CS20230722_SUPT_1069	1069 DTN-LDT-IPN Otp Pax3 Gaba_1														
http://purl.obolibrary.org/obo/PCL_0111640	CS20230722_SUPT_1070	1070 DTN-LDT-IPN Otp Pax3 Gaba_2														
http://purl.obolibrary.org/obo/PCL_0111641	CS20230722_SUPT_1071	1071 DTN-LDT-IPN Otp Pax3 Gaba_3														
http://purl.obolibrary.org/obo/PCL_0111642	CS20230722_SUPT_1072	1072 DTN-LDT-IPN Otp Pax3 Gaba_4														
http://purl.obolibrary.org/obo/PCL_0111643	CS20230722_SUPT_1073	1073 DTN-LDT-IPN Otp Pax3 Gaba_5														
http://purl.obolibrary.org/obo/PCL_0111644	CS20230722_SUPT_1074	1074 NLL Gata3 Gly-Gaba_1														
http://purl.obolibrary.org/obo/PCL_0117185	CS20230722_CLUS_4805	1075 NLL Gata3 Gly-Gaba_2														
http://purl.obolibrary.org/obo/PCL_0117186	CS20230722_CLUS_4806	1076 NLL Gata3 Gly-Gaba_3														
http://purl.obolibrary.org/obo/PCL_0117187	CS20230722_CLUS_4807	1077 NLL Gata3 Gly-Gaba_4														
http://purl.obolibrary.org/obo/PCL_0117188	CS20230722_CLUS_4808	1078 PSV Pax2 Gly-Gaba_1														
http://purl.obolibrary.org/obo/PCL_0117189	CS20230722_CLUS_4809	1079 PSV Pax2 Gly-Gaba_2														
http://purl.obolibrary.org/obo/PCL_0111653	CS20230722_SUPT_1083	1083 PRP Otp Gly-Gaba_1														
http://purl.obolibrary.org/obo/PCL_0111654	CS20230722_SUPT_1084	1084 PRP Otp Gly-Gaba_2														
http://purl.obolibrary.org/obo/PCL_0111655	CS20230722_SUPT_1085	1085 PRP Otp Gly-Gaba_3														
http://purl.obolibrary.org/obo/PCL_0111656	CS20230722_SUPT_1086	1086 PRP Otp Gly-Gaba_4														
http://purl.obolibrary.org/obo/PCL_0111657	CS20230722_SUPT_1087	1087 PRP Otp Gly-Gaba_5														
http://purl.obolibrary.org/obo/PCL_0111659	CS20230722_SUPT_1089	1089 MY Lhx1 Gly-Gaba_1														
http://purl.obolibrary.org/obo/PCL_0111660	CS20230722_SUPT_1090	1090 MY Lhx1 Gly-Gaba_2														
http://purl.obolibrary.org/obo/PCL_0111661	CS20230722_SUPT_1091	1091 MY Lhx1 Gly-Gaba_3														
http://purl.obolibrary.org/obo/PCL_0111662	CS20230722_SUPT_1092	1092 MY Lhx1 Gly-Gaba_4														
http://purl.obolibrary.org/obo/PCL_0111663	CS20230722_SUPT_1093	1093 MY Lhx1 Gly-Gaba_5														
http://purl.obolibrary.org/obo/PCL_0111664	CS20230722_SUPT_1094	1094 MY Lhx1 Gly-Gaba_6														
http://purl.obolibrary.org/obo/PCL_0111665	CS20230722_SUPT_1095	1095 MY Lhx1 Gly-Gaba_7														
http://purl.obolibrary.org/obo/PCL_0117305	CS20230722_CLUS_4925	1096 MY Lhx1 Gly-Gaba_8														
http://purl.obolibrary.org/obo/PCL_0111667	CS20230722_SUPT_1097	1097 MY Lhx1 Gly-Gaba_9														
http://purl.obolibrary.org/obo/PCL_0111669	CS20230722_SUPT_1099	1099 MV-SPIV-PRP Dmbx1 Gly-Gaba_1														
http://purl.obolibrary.org/obo/PCL_0111670	CS20230722_SUPT_1100	1100 MV-SPIV-PRP Dmbx1 Gly-Gaba_2														
http://purl.obolibrary.org/obo/PCL_0111671	CS20230722_SUPT_1101	1101 MV-SPIV-PRP Dmbx1 Gly-Gaba_3														
http://purl.obolibrary.org/obo/PCL_0111675	CS20230722_SUPT_1105	1105 NTS-MDRNd Prox1 Zic1 Gly-Gaba_1														
http://purl.obolibrary.org/obo/PCL_0111676	CS20230722_SUPT_1106	1106 NTS-MDRNd Prox1 Zic1 Gly-Gaba_2														
http://purl.obolibrary.org/obo/PCL_0111677	CS20230722_SUPT_1107	1107 MV Nkx6-1 Gly-Gaba_1														
http://purl.obolibrary.org/obo/PCL_0111678	CS20230722_SUPT_1108	1108 MV Nkx6-1 Gly-Gaba_2														
http://purl.obolibrary.org/obo/PCL_0111679	CS20230722_SUPT_1109	1109 PAS-MV Ebf2 Gly-Gaba_1														
http://purl.obolibrary.org/obo/PCL_0111680	CS20230722_SUPT_1110	1110 PAS-MV Ebf2 Gly-Gaba_2														
http://purl.obolibrary.org/obo/PCL_0111681	CS20230722_SUPT_1111	1111 PAS-MV Ebf2 Gly-Gaba_3														
http://purl.obolibrary.org/obo/PCL_0117373	CS20230722_CLUS_4993	1112 PAS-MV Ebf2 Gly-Gaba_4														
http://purl.obolibrary.org/obo/PCL_0111683	CS20230722_SUPT_1113	1113 MV Pax6 Gly-Gaba_1														
http://purl.obolibrary.org/obo/PCL_0111684	CS20230722_SUPT_1114	1114 MV Pax6 Gly-Gaba_2														
http://purl.obolibrary.org/obo/PCL_0111690	CS20230722_SUPT_1120	1120 PARN-MDRNd-NTS Gbx2 Gly-Gaba_1														
http://purl.obolibrary.org/obo/PCL_0111691	CS20230722_SUPT_1121	1121 PARN-MDRNd-NTS Gbx2 Gly-Gaba_2														
http://purl.obolibrary.org/obo/PCL_0111692	CS20230722_SUPT_1122	1122 PARN-MDRNd-NTS Gbx2 Gly-Gaba_3														
http://purl.obolibrary.org/obo/PCL_0111693	CS20230722_SUPT_1123	1123 PARN-MDRNd-NTS Gbx2 Gly-Gaba_4														
http://purl.obolibrary.org/obo/PCL_0111694	CS20230722_SUPT_1124	1124 PARN-MDRNd-NTS Gbx2 Gly-Gaba_5														
http://purl.obolibrary.org/obo/PCL_0111695	CS20230722_SUPT_1125	1125 PARN-MDRNd-NTS Gbx2 Gly-Gaba_6														
http://purl.obolibrary.org/obo/PCL_0111696	CS20230722_SUPT_1126	1126 PARN-MDRNd-NTS Gbx2 Gly-Gaba_7														
http://purl.obolibrary.org/obo/PCL_0111700	CS20230722_SUPT_1130	1130 NTS-PARN Neurod2 Gly-Gaba_1														
http://purl.obolibrary.org/obo/PCL_0111701	CS20230722_SUPT_1131	1131 NTS-PARN Neurod2 Gly-Gaba_2														
http://purl.obolibrary.org/obo/PCL_0111702	CS20230722_SUPT_1132	1132 NTS-PARN Neurod2 Gly-Gaba_3														
http://purl.obolibrary.org/obo/PCL_0111703	CS20230722_SUPT_1133	1133 NTS-PARN Neurod2 Gly-Gaba_4														
http://purl.obolibrary.org/obo/PCL_0111704	CS20230722_SUPT_1134	1134 NTS-PARN Neurod2 Gly-Gaba_5														
http://purl.obolibrary.org/obo/PCL_0111705	CS20230722_SUPT_1135	1135 NTS-PARN Neurod2 Gly-Gaba_6														
http://purl.obolibrary.org/obo/PCL_0111706	CS20230722_SUPT_1136	1136 SPVI-SPVC Sall3 Nfib Gly-Gaba_1														
http://purl.obolibrary.org/obo/PCL_0111707	CS20230722_SUPT_1137	1137 SPVI-SPVC Sall3 Nfib Gly-Gaba_2														
http://purl.obolibrary.org/obo/PCL_0111708	CS20230722_SUPT_1138	1138 SPVI-SPVC Sall3 Lhx1 Gly-Gaba_1														
http://purl.obolibrary.org/obo/PCL_0111709	CS20230722_SUPT_1139	1139 SPVI-SPVC Sall3 Lhx1 Gly-Gaba_2														
http://purl.obolibrary.org/obo/PCL_0111711	CS20230722_SUPT_1141	1141 DCO Il22 Gly-Gaba_1														
http://purl.obolibrary.org/obo/PCL_0117552	CS20230722_CLUS_5172	1142 DCO Il22 Gly-Gaba_2														
http://purl.obolibrary.org/obo/PCL_0111713	CS20230722_SUPT_1143	1143 DCO Il22 Gly-Gaba_3														
http://purl.obolibrary.org/obo/PCL_0111714	CS20230722_SUPT_1144	1144 CB PLI Gly-Gaba_1														
http://purl.obolibrary.org/obo/PCL_0111715	CS20230722_SUPT_1145	1145 CB PLI Gly-Gaba_2														
http://purl.obolibrary.org/obo/PCL_0111716	CS20230722_SUPT_1146	1146 CB PLI Gly-Gaba_3														
http://purl.obolibrary.org/obo/PCL_0117565	CS20230722_CLUS_5185	1147 CB PLI Gly-Gaba_4														
http://purl.obolibrary.org/obo/PCL_0111719	CS20230722_SUPT_1149	1149 CBX MLI Megf11 Gaba_1														
http://purl.obolibrary.org/obo/PCL_0111720	CS20230722_SUPT_1150	1150 CBX MLI Megf11 Gaba_2														
http://purl.obolibrary.org/obo/PCL_0111722	CS20230722_SUPT_1152	1152 CBX Purkinje Gaba_1														
http://purl.obolibrary.org/obo/PCL_0111723	CS20230722_SUPT_1153	1153 CBX Purkinje Gaba_2														
http://purl.obolibrary.org/obo/PCL_0111724	CS20230722_SUPT_1154	1154 CB Granule Glut_1														
http://purl.obolibrary.org/obo/PCL_0111725	CS20230722_SUPT_1155	1155 CB Granule Glut_2														
http://purl.obolibrary.org/obo/PCL_0111729	CS20230722_SUPT_1159	1159 Astro-NT NN_1														
http://purl.obolibrary.org/obo/PCL_0111730	CS20230722_SUPT_1160	1160 Astro-NT NN_2														
http://purl.obolibrary.org/obo/PCL_0111731	CS20230722_SUPT_1161	1161 Astro-TE NN_1														
http://purl.obolibrary.org/obo/PCL_0111732	CS20230722_SUPT_1162	1162 Astro-TE NN_2														
http://purl.obolibrary.org/obo/PCL_0111733	CS20230722_SUPT_1163	1163 Astro-TE NN_3														
http://purl.obolibrary.org/obo/PCL_0117608	CS20230722_CLUS_5228	1164 Astro-TE NN_4														
http://purl.obolibrary.org/obo/PCL_0111735	CS20230722_SUPT_1165	1165 Astro-TE NN_5														
http://purl.obolibrary.org/obo/PCL_0111736	CS20230722_SUPT_1166	1166 Astro-OLF NN_1														
http://purl.obolibrary.org/obo/PCL_0111737	CS20230722_SUPT_1167	1167 Astro-OLF NN_2														
http://purl.obolibrary.org/obo/PCL_0111738	CS20230722_SUPT_1168	1168 Astro-OLF NN_3														
http://purl.obolibrary.org/obo/PCL_0111739	CS20230722_SUPT_1169	1169 Astroependymal NN_1														
http://purl.obolibrary.org/obo/PCL_0117620	CS20230722_CLUS_5240	1170 Astroependymal NN_2														
http://purl.obolibrary.org/obo/PCL_0111741	CS20230722_SUPT_1171	1171 Astroependymal NN_3														
http://purl.obolibrary.org/obo/PCL_0111742	CS20230722_SUPT_1172	1172 Tanycyte NN_1														
http://purl.obolibrary.org/obo/PCL_0111743	CS20230722_SUPT_1173	1173 Tanycyte NN_2														
http://purl.obolibrary.org/obo/PCL_0117630	CS20230722_CLUS_5250	1174 Tanycyte NN_3	beta-2 tanycyte (Mmus)													
http://purl.obolibrary.org/obo/PCL_0111745	CS20230722_SUPT_1175	1175 Ependymal NN_1														
http://purl.obolibrary.org/obo/PCL_0111746	CS20230722_SUPT_1176	1176 Ependymal NN_2														
http://purl.obolibrary.org/obo/CL_4301609	CS20230722_SUPT_1179	1179 OPC NN_1														
http://purl.obolibrary.org/obo/CL_4307091	CS20230722_CLUS_5271	1180 OPC NN_2														
http://purl.obolibrary.org/obo/CL_4301611	CS20230722_SUPT_1181	1181 COP NN_1														
http://purl.obolibrary.org/obo/CL_4301612	CS20230722_SUPT_1182	1182 NFOL NN_2														
http://purl.obolibrary.org/obo/CL_4301613	CS20230722_SUPT_1183	1183 MFOL NN_3														
http://purl.obolibrary.org/obo/CL_4301614	CS20230722_SUPT_1184	1184 MOL NN_4														
http://purl.obolibrary.org/obo/PCL_0111757	CS20230722_SUPT_1187	1187 VLMC NN_1														
http://purl.obolibrary.org/obo/PCL_0111758	CS20230722_SUPT_1188	1188 VLMC NN_2														
http://purl.obolibrary.org/obo/PCL_0117682	CS20230722_CLUS_5302	1189 VLMC NN_3														
http://purl.obolibrary.org/obo/PCL_0117683	CS20230722_CLUS_5303	1190 VLMC NN_4														
http://purl.obolibrary.org/obo/PCL_0117699	CS20230722_CLUS_5319	1198 B cells NN_1	TRUE													
http://purl.obolibrary.org/obo/PCL_0117700	CS20230722_CLUS_5320	1199 ILC NN_2	TRUE													
http://purl.obolibrary.org/obo/PCL_0117701	CS20230722_CLUS_5321	1200 NK cells NN_3	TRUE													
http://purl.obolibrary.org/obo/PCL_0117702	CS20230722_CLUS_5322	1201 T cells NN_4	TRUE													
http://purl.obolibrary.org/obo/PCL_0112381	CS20230722_CLUS_0001	0001 CLA-EPd-CTX Car3 Glut_1														
http://purl.obolibrary.org/obo/PCL_0112382	CS20230722_CLUS_0002	0002 CLA-EPd-CTX Car3 Glut_1														
http://purl.obolibrary.org/obo/PCL_0112383	CS20230722_CLUS_0003	0003 CLA-EPd-CTX Car3 Glut_1														
http://purl.obolibrary.org/obo/PCL_0112384	CS20230722_CLUS_0004	0004 CLA-EPd-CTX Car3 Glut_1														
http://purl.obolibrary.org/obo/PCL_0112386	CS20230722_CLUS_0006	0006 IT EP-CLA Glut_1														
http://purl.obolibrary.org/obo/PCL_0112387	CS20230722_CLUS_0007	0007 IT EP-CLA Glut_1														
http://purl.obolibrary.org/obo/PCL_0112388	CS20230722_CLUS_0008	0008 IT EP-CLA Glut_1														
http://purl.obolibrary.org/obo/PCL_0112389	CS20230722_CLUS_0009	0009 IT EP-CLA Glut_1														
http://purl.obolibrary.org/obo/PCL_0112390	CS20230722_CLUS_0010	0010 IT EP-CLA Glut_1														
http://purl.obolibrary.org/obo/PCL_0112391	CS20230722_CLUS_0011	0011 IT EP-CLA Glut_1														
http://purl.obolibrary.org/obo/PCL_0112392	CS20230722_CLUS_0012	0012 IT EP-CLA Glut_1														
http://purl.obolibrary.org/obo/PCL_0112393	CS20230722_CLUS_0013	0013 IT EP-CLA Glut_2														
http://purl.obolibrary.org/obo/PCL_0112394	CS20230722_CLUS_0014	0014 IT EP-CLA Glut_2														
http://purl.obolibrary.org/obo/PCL_0112395	CS20230722_CLUS_0015	0015 IT EP-CLA Glut_2														
http://purl.obolibrary.org/obo/PCL_0112396	CS20230722_CLUS_0016	0016 IT EP-CLA Glut_2														
http://purl.obolibrary.org/obo/PCL_0112397	CS20230722_CLUS_0017	0017 IT EP-CLA Glut_2														
http://purl.obolibrary.org/obo/PCL_0112398	CS20230722_CLUS_0018	0018 IT EP-CLA Glut_3														
http://purl.obolibrary.org/obo/PCL_0112399	CS20230722_CLUS_0019	0019 IT EP-CLA Glut_3														
http://purl.obolibrary.org/obo/PCL_0112400	CS20230722_CLUS_0020	0020 IT EP-CLA Glut_3														
http://purl.obolibrary.org/obo/PCL_0112401	CS20230722_CLUS_0021	0021 IT EP-CLA Glut_4														
http://purl.obolibrary.org/obo/PCL_0112402	CS20230722_CLUS_0022	0022 IT EP-CLA Glut_4														
http://purl.obolibrary.org/obo/PCL_0112403	CS20230722_CLUS_0023	0023 L5/6 IT TPE-ENT Glut_1														
http://purl.obolibrary.org/obo/PCL_0112404	CS20230722_CLUS_0024	0024 L5/6 IT TPE-ENT Glut_1														
http://purl.obolibrary.org/obo/PCL_0112405	CS20230722_CLUS_0025	0025 L5/6 IT TPE-ENT Glut_1														
http://purl.obolibrary.org/obo/PCL_0112406	CS20230722_CLUS_0026	0026 L5/6 IT TPE-ENT Glut_2														
http://purl.obolibrary.org/obo/PCL_0112407	CS20230722_CLUS_0027	0027 L5/6 IT TPE-ENT Glut_2														
http://purl.obolibrary.org/obo/PCL_0112408	CS20230722_CLUS_0028	0028 L5/6 IT TPE-ENT Glut_2														
http://purl.obolibrary.org/obo/PCL_0112413	CS20230722_CLUS_0033	0033 L6 IT CTX Glut_1														
http://purl.obolibrary.org/obo/PCL_0112414	CS20230722_CLUS_0034	0034 L6 IT CTX Glut_1														
http://purl.obolibrary.org/obo/PCL_0112415	CS20230722_CLUS_0035	0035 L6 IT CTX Glut_1														
http://purl.obolibrary.org/obo/PCL_0112416	CS20230722_CLUS_0036	0036 L6 IT CTX Glut_1														
http://purl.obolibrary.org/obo/PCL_0112417	CS20230722_CLUS_0037	0037 L6 IT CTX Glut_1														
http://purl.obolibrary.org/obo/PCL_0112418	CS20230722_CLUS_0038	0038 L6 IT CTX Glut_2														
http://purl.obolibrary.org/obo/PCL_0112419	CS20230722_CLUS_0039	0039 L6 IT CTX Glut_2														
http://purl.obolibrary.org/obo/PCL_0112420	CS20230722_CLUS_0040	0040 L6 IT CTX Glut_2														
http://purl.obolibrary.org/obo/PCL_0112421	CS20230722_CLUS_0041	0041 L6 IT CTX Glut_2														
http://purl.obolibrary.org/obo/PCL_0112422	CS20230722_CLUS_0042	0042 L6 IT CTX Glut_2														
http://purl.obolibrary.org/obo/PCL_0112423	CS20230722_CLUS_0043	0043 L6 IT CTX Glut_2														
http://purl.obolibrary.org/obo/PCL_0112424	CS20230722_CLUS_0044	0044 L6 IT CTX Glut_3														
http://purl.obolibrary.org/obo/PCL_0112425	CS20230722_CLUS_0045	0045 L6 IT CTX Glut_3														
http://purl.obolibrary.org/obo/PCL_0112426	CS20230722_CLUS_0046	0046 L6 IT CTX Glut_3														
http://purl.obolibrary.org/obo/PCL_0112427	CS20230722_CLUS_0047	0047 L6 IT CTX Glut_3														
http://purl.obolibrary.org/obo/PCL_0112428	CS20230722_CLUS_0048	0048 L6 IT CTX Glut_3														
http://purl.obolibrary.org/obo/PCL_0112429	CS20230722_CLUS_0049	0049 L6 IT CTX Glut_4														
http://purl.obolibrary.org/obo/PCL_0112430	CS20230722_CLUS_0050	0050 L6 IT CTX Glut_4														
http://purl.obolibrary.org/obo/PCL_0112431	CS20230722_CLUS_0051	0051 L6 IT CTX Glut_4														
http://purl.obolibrary.org/obo/PCL_0112432	CS20230722_CLUS_0052	0052 L6 IT CTX Glut_4														
http://purl.obolibrary.org/obo/PCL_0112433	CS20230722_CLUS_0053	0053 L6 IT CTX Glut_5														
http://purl.obolibrary.org/obo/PCL_0112434	CS20230722_CLUS_0054	0054 L6 IT CTX Glut_5														
http://purl.obolibrary.org/obo/PCL_0112435	CS20230722_CLUS_0055	0055 L5 IT CTX Glut_1														
http://purl.obolibrary.org/obo/PCL_0112436	CS20230722_CLUS_0056	0056 L5 IT CTX Glut_1														
http://purl.obolibrary.org/obo/PCL_0112437	CS20230722_CLUS_0057	0057 L5 IT CTX Glut_1														
http://purl.obolibrary.org/obo/PCL_0112438	CS20230722_CLUS_0058	0058 L5 IT CTX Glut_2														
http://purl.obolibrary.org/obo/PCL_0112439	CS20230722_CLUS_0059	0059 L5 IT CTX Glut_2														
http://purl.obolibrary.org/obo/PCL_0112440	CS20230722_CLUS_0060	0060 L5 IT CTX Glut_2														
http://purl.obolibrary.org/obo/PCL_0112441	CS20230722_CLUS_0061	0061 L5 IT CTX Glut_3														
http://purl.obolibrary.org/obo/PCL_0112442	CS20230722_CLUS_0062	0062 L5 IT CTX Glut_3														
http://purl.obolibrary.org/obo/PCL_0112443	CS20230722_CLUS_0063	0063 L5 IT CTX Glut_4														
http://purl.obolibrary.org/obo/PCL_0112444	CS20230722_CLUS_0064	0064 L5 IT CTX Glut_4														
http://purl.obolibrary.org/obo/PCL_0112446	CS20230722_CLUS_0066	0066 L4/5 IT CTX Glut_1														
http://purl.obolibrary.org/obo/PCL_0112447	CS20230722_CLUS_0067	0067 L4/5 IT CTX Glut_1														
http://purl.obolibrary.org/obo/PCL_0112448	CS20230722_CLUS_0068	0068 L4/5 IT CTX Glut_1														
http://purl.obolibrary.org/obo/PCL_0112449	CS20230722_CLUS_0069	0069 L4/5 IT CTX Glut_1														
http://purl.obolibrary.org/obo/PCL_0112450	CS20230722_CLUS_0070	0070 L4/5 IT CTX Glut_1														
http://purl.obolibrary.org/obo/PCL_0112451	CS20230722_CLUS_0071	0071 L4/5 IT CTX Glut_1														
http://purl.obolibrary.org/obo/PCL_0112452	CS20230722_CLUS_0072	0072 L4/5 IT CTX Glut_1														
http://purl.obolibrary.org/obo/PCL_0112453	CS20230722_CLUS_0073	0073 L4/5 IT CTX Glut_1														
http://purl.obolibrary.org/obo/PCL_0112454	CS20230722_CLUS_0074	0074 L4/5 IT CTX Glut_1														
http://purl.obolibrary.org/obo/PCL_0112455	CS20230722_CLUS_0075	0075 L4/5 IT CTX Glut_2														
http://purl.obolibrary.org/obo/PCL_0112456	CS20230722_CLUS_0076	0076 L4/5 IT CTX Glut_2														
http://purl.obolibrary.org/obo/PCL_0112457	CS20230722_CLUS_0077	0077 L4/5 IT CTX Glut_2														
http://purl.obolibrary.org/obo/PCL_0112458	CS20230722_CLUS_0078	0078 L4/5 IT CTX Glut_2														
http://purl.obolibrary.org/obo/PCL_0112459	CS20230722_CLUS_0079	0079 L4/5 IT CTX Glut_2														
http://purl.obolibrary.org/obo/PCL_0112460	CS20230722_CLUS_0080	0080 L4/5 IT CTX Glut_2														
http://purl.obolibrary.org/obo/PCL_0112461	CS20230722_CLUS_0081	0081 L4/5 IT CTX Glut_2														
http://purl.obolibrary.org/obo/PCL_0112462	CS20230722_CLUS_0082	0082 L4/5 IT CTX Glut_2														
http://purl.obolibrary.org/obo/PCL_0112463	CS20230722_CLUS_0083	0083 L4/5 IT CTX Glut_3														
http://purl.obolibrary.org/obo/PCL_0112464	CS20230722_CLUS_0084	0084 L4/5 IT CTX Glut_3														
http://purl.obolibrary.org/obo/PCL_0112465	CS20230722_CLUS_0085	0085 L4/5 IT CTX Glut_3														
http://purl.obolibrary.org/obo/PCL_0112466	CS20230722_CLUS_0086	0086 L4/5 IT CTX Glut_3														
http://purl.obolibrary.org/obo/PCL_0112467	CS20230722_CLUS_0087	0087 L4/5 IT CTX Glut_3														
http://purl.obolibrary.org/obo/PCL_0112468	CS20230722_CLUS_0088	0088 L4/5 IT CTX Glut_3														
http://purl.obolibrary.org/obo/PCL_0112469	CS20230722_CLUS_0089	0089 L4/5 IT CTX Glut_4														
http://purl.obolibrary.org/obo/PCL_0112470	CS20230722_CLUS_0090	0090 L4/5 IT CTX Glut_4														
http://purl.obolibrary.org/obo/PCL_0112471	CS20230722_CLUS_0091	0091 L4/5 IT CTX Glut_4														
http://purl.obolibrary.org/obo/PCL_0112472	CS20230722_CLUS_0092	0092 L4/5 IT CTX Glut_4														
http://purl.obolibrary.org/obo/PCL_0112473	CS20230722_CLUS_0093	0093 L4/5 IT CTX Glut_4														
http://purl.obolibrary.org/obo/PCL_0112474	CS20230722_CLUS_0094	0094 L4/5 IT CTX Glut_4														
http://purl.obolibrary.org/obo/PCL_0112475	CS20230722_CLUS_0095	0095 L4/5 IT CTX Glut_5														
http://purl.obolibrary.org/obo/PCL_0112476	CS20230722_CLUS_0096	0096 L4/5 IT CTX Glut_5														
http://purl.obolibrary.org/obo/PCL_0112477	CS20230722_CLUS_0097	0097 L4/5 IT CTX Glut_5														
http://purl.obolibrary.org/obo/PCL_0112478	CS20230722_CLUS_0098	0098 L4/5 IT CTX Glut_5														
http://purl.obolibrary.org/obo/PCL_0112479	CS20230722_CLUS_0099	0099 L4/5 IT CTX Glut_6														
http://purl.obolibrary.org/obo/PCL_0112480	CS20230722_CLUS_0100	0100 L4/5 IT CTX Glut_6														
http://purl.obolibrary.org/obo/PCL_0112481	CS20230722_CLUS_0101	0101 L4/5 IT CTX Glut_6														
http://purl.obolibrary.org/obo/PCL_0112482	CS20230722_CLUS_0102	0102 L4/5 IT CTX Glut_6														
http://purl.obolibrary.org/obo/PCL_0112483	CS20230722_CLUS_0103	0103 L2/3 IT CTX Glut_1														
http://purl.obolibrary.org/obo/PCL_0112484	CS20230722_CLUS_0104	0104 L2/3 IT CTX Glut_1														
http://purl.obolibrary.org/obo/PCL_0112485	CS20230722_CLUS_0105	0105 L2/3 IT CTX Glut_1														
http://purl.obolibrary.org/obo/PCL_0112486	CS20230722_CLUS_0106	0106 L2/3 IT CTX Glut_1														
http://purl.obolibrary.org/obo/PCL_0112487	CS20230722_CLUS_0107	0107 L2/3 IT CTX Glut_1														
http://purl.obolibrary.org/obo/PCL_0112488	CS20230722_CLUS_0108	0108 L2/3 IT CTX Glut_2														
http://purl.obolibrary.org/obo/PCL_0112489	CS20230722_CLUS_0109	0109 L2/3 IT CTX Glut_2														
http://purl.obolibrary.org/obo/PCL_0112490	CS20230722_CLUS_0110	0110 L2/3 IT CTX Glut_2														
http://purl.obolibrary.org/obo/PCL_0112491	CS20230722_CLUS_0111	0111 L2/3 IT CTX Glut_2														
http://purl.obolibrary.org/obo/PCL_0112492	CS20230722_CLUS_0112	0112 L2/3 IT CTX Glut_2														
http://purl.obolibrary.org/obo/PCL_0112493	CS20230722_CLUS_0113	0113 L2/3 IT CTX Glut_3														
http://purl.obolibrary.org/obo/PCL_0112494	CS20230722_CLUS_0114	0114 L2/3 IT CTX Glut_3														
http://purl.obolibrary.org/obo/PCL_0112495	CS20230722_CLUS_0115	0115 L2/3 IT CTX Glut_3														
http://purl.obolibrary.org/obo/PCL_0112496	CS20230722_CLUS_0116	0116 L2/3 IT CTX Glut_3														
http://purl.obolibrary.org/obo/PCL_0112497	CS20230722_CLUS_0117	0117 L2/3 IT CTX Glut_4														
http://purl.obolibrary.org/obo/PCL_0112498	CS20230722_CLUS_0118	0118 L2/3 IT CTX Glut_4														
http://purl.obolibrary.org/obo/PCL_0112499	CS20230722_CLUS_0119	0119 L2/3 IT CTX Glut_4														
http://purl.obolibrary.org/obo/PCL_0112500	CS20230722_CLUS_0120	0120 L2/3 IT CTX Glut_4														
http://purl.obolibrary.org/obo/PCL_0112501	CS20230722_CLUS_0121	0121 L2/3 IT ENT Glut_1														
http://purl.obolibrary.org/obo/PCL_0112502	CS20230722_CLUS_0122	0122 L2/3 IT ENT Glut_1														
http://purl.obolibrary.org/obo/PCL_0112503	CS20230722_CLUS_0123	0123 L2/3 IT ENT Glut_1														
http://purl.obolibrary.org/obo/PCL_0112504	CS20230722_CLUS_0124	0124 L2/3 IT ENT Glut_2														
http://purl.obolibrary.org/obo/PCL_0112505	CS20230722_CLUS_0125	0125 L2/3 IT ENT Glut_2														
http://purl.obolibrary.org/obo/PCL_0112506	CS20230722_CLUS_0126	0126 L2/3 IT ENT Glut_2														
http://purl.obolibrary.org/obo/PCL_0112507	CS20230722_CLUS_0127	0127 L2/3 IT ENT Glut_3														
http://purl.obolibrary.org/obo/PCL_0112508	CS20230722_CLUS_0128	0128 L2/3 IT ENT Glut_3														
http://purl.obolibrary.org/obo/PCL_0112509	CS20230722_CLUS_0129	0129 L2/3 IT ENT Glut_3														
http://purl.obolibrary.org/obo/PCL_0112510	CS20230722_CLUS_0130	0130 L2/3 IT ENT Glut_4														
http://purl.obolibrary.org/obo/PCL_0112511	CS20230722_CLUS_0131	0131 L2/3 IT ENT Glut_4														
http://purl.obolibrary.org/obo/PCL_0112512	CS20230722_CLUS_0132	0132 L2/3 IT ENT Glut_4														
http://purl.obolibrary.org/obo/PCL_0112513	CS20230722_CLUS_0133	0133 L2/3 IT ENT Glut_5														
http://purl.obolibrary.org/obo/PCL_0112514	CS20230722_CLUS_0134	0134 L2/3 IT ENT Glut_5														
http://purl.obolibrary.org/obo/PCL_0112515	CS20230722_CLUS_0135	0135 L2/3 IT ENT Glut_5														
http://purl.obolibrary.org/obo/PCL_0112516	CS20230722_CLUS_0136	0136 L2/3 IT ENT Glut_6														
http://purl.obolibrary.org/obo/PCL_0112517	CS20230722_CLUS_0137	0137 L2/3 IT ENT Glut_6														
http://purl.obolibrary.org/obo/PCL_0112518	CS20230722_CLUS_0138	0138 L2/3 IT PIR-ENTl Glut_1														
http://purl.obolibrary.org/obo/PCL_0112519	CS20230722_CLUS_0139	0139 L2/3 IT PIR-ENTl Glut_1														
http://purl.obolibrary.org/obo/PCL_0112520	CS20230722_CLUS_0140	0140 L2/3 IT PIR-ENTl Glut_1														
http://purl.obolibrary.org/obo/PCL_0112521	CS20230722_CLUS_0141	0141 L2/3 IT PIR-ENTl Glut_1														
http://purl.obolibrary.org/obo/PCL_0112522	CS20230722_CLUS_0142	0142 L2/3 IT PIR-ENTl Glut_1														
http://purl.obolibrary.org/obo/PCL_0112523	CS20230722_CLUS_0143	0143 L2/3 IT PIR-ENTl Glut_1														
http://purl.obolibrary.org/obo/PCL_0112524	CS20230722_CLUS_0144	0144 L2/3 IT PIR-ENTl Glut_2														
http://purl.obolibrary.org/obo/PCL_0112525	CS20230722_CLUS_0145	0145 L2/3 IT PIR-ENTl Glut_2														
http://purl.obolibrary.org/obo/PCL_0112526	CS20230722_CLUS_0146	0146 L2/3 IT PIR-ENTl Glut_2														
http://purl.obolibrary.org/obo/PCL_0112527	CS20230722_CLUS_0147	0147 L2/3 IT PIR-ENTl Glut_2														
http://purl.obolibrary.org/obo/PCL_0112528	CS20230722_CLUS_0148	0148 L2/3 IT PIR-ENTl Glut_2														
http://purl.obolibrary.org/obo/PCL_0112529	CS20230722_CLUS_0149	0149 L2/3 IT PIR-ENTl Glut_3														
http://purl.obolibrary.org/obo/PCL_0112530	CS20230722_CLUS_0150	0150 L2/3 IT PIR-ENTl Glut_3														
http://purl.obolibrary.org/obo/PCL_0112531	CS20230722_CLUS_0151	0151 L2/3 IT PIR-ENTl Glut_3														
http://purl.obolibrary.org/obo/PCL_0112532	CS20230722_CLUS_0152	0152 L2/3 IT PIR-ENTl Glut_3														
http://purl.obolibrary.org/obo/PCL_0112533	CS20230722_CLUS_0153	0153 L2/3 IT PIR-ENTl Glut_3														
http://purl.obolibrary.org/obo/PCL_0112534	CS20230722_CLUS_0154	0154 L2/3 IT PIR-ENTl Glut_3														
http://purl.obolibrary.org/obo/PCL_0112535	CS20230722_CLUS_0155	0155 L2/3 IT PIR-ENTl Glut_4														
http://purl.obolibrary.org/obo/PCL_0112536	CS20230722_CLUS_0156	0156 L2/3 IT PIR-ENTl Glut_4														
http://purl.obolibrary.org/obo/PCL_0112537	CS20230722_CLUS_0157	0157 L2/3 IT PIR-ENTl Glut_4														
http://purl.obolibrary.org/obo/PCL_0112538	CS20230722_CLUS_0158	0158 L2/3 IT PIR-ENTl Glut_4														
http://purl.obolibrary.org/obo/PCL_0112539	CS20230722_CLUS_0159	0159 L2/3 IT PIR-ENTl Glut_4														
http://purl.obolibrary.org/obo/PCL_0112540	CS20230722_CLUS_0160	0160 L2/3 IT PIR-ENTl Glut_4														
http://purl.obolibrary.org/obo/PCL_0112542	CS20230722_CLUS_0162	0162 L2/3 IT PIR-ENTl Glut_6														
http://purl.obolibrary.org/obo/PCL_0112543	CS20230722_CLUS_0163	0163 L2/3 IT PIR-ENTl Glut_6														
http://purl.obolibrary.org/obo/PCL_0112544	CS20230722_CLUS_0164	0164 L2/3 IT PIR-ENTl Glut_7														
http://purl.obolibrary.org/obo/PCL_0112545	CS20230722_CLUS_0165	0165 L2/3 IT PIR-ENTl Glut_7														
http://purl.obolibrary.org/obo/PCL_0112546	CS20230722_CLUS_0166	0166 IT AON-TT-DP Glut_1														
http://purl.obolibrary.org/obo/PCL_0112547	CS20230722_CLUS_0167	0167 IT AON-TT-DP Glut_1														
http://purl.obolibrary.org/obo/PCL_0112548	CS20230722_CLUS_0168	0168 IT AON-TT-DP Glut_1														
http://purl.obolibrary.org/obo/PCL_0112549	CS20230722_CLUS_0169	0169 IT AON-TT-DP Glut_1														
http://purl.obolibrary.org/obo/PCL_0112550	CS20230722_CLUS_0170	0170 IT AON-TT-DP Glut_1														
http://purl.obolibrary.org/obo/PCL_0112551	CS20230722_CLUS_0171	0171 IT AON-TT-DP Glut_2														
http://purl.obolibrary.org/obo/PCL_0112552	CS20230722_CLUS_0172	0172 IT AON-TT-DP Glut_2														
http://purl.obolibrary.org/obo/PCL_0112553	CS20230722_CLUS_0173	0173 IT AON-TT-DP Glut_2														
http://purl.obolibrary.org/obo/PCL_0112554	CS20230722_CLUS_0174	0174 IT AON-TT-DP Glut_2														
http://purl.obolibrary.org/obo/PCL_0112555	CS20230722_CLUS_0175	0175 IT AON-TT-DP Glut_3														
http://purl.obolibrary.org/obo/PCL_0112556	CS20230722_CLUS_0176	0176 IT AON-TT-DP Glut_3														
http://purl.obolibrary.org/obo/PCL_0112557	CS20230722_CLUS_0177	0177 IT AON-TT-DP Glut_3														
http://purl.obolibrary.org/obo/PCL_0112558	CS20230722_CLUS_0178	0178 IT AON-TT-DP Glut_3														
http://purl.obolibrary.org/obo/PCL_0112559	CS20230722_CLUS_0179	0179 IT AON-TT-DP Glut_4														
http://purl.obolibrary.org/obo/PCL_0112560	CS20230722_CLUS_0180	0180 IT AON-TT-DP Glut_4														
http://purl.obolibrary.org/obo/PCL_0112561	CS20230722_CLUS_0181	0181 IT AON-TT-DP Glut_4														
http://purl.obolibrary.org/obo/PCL_0112562	CS20230722_CLUS_0182	0182 IT AON-TT-DP Glut_5														
http://purl.obolibrary.org/obo/PCL_0112563	CS20230722_CLUS_0183	0183 IT AON-TT-DP Glut_5														
http://purl.obolibrary.org/obo/PCL_0112564	CS20230722_CLUS_0184	0184 IT AON-TT-DP Glut_5														
http://purl.obolibrary.org/obo/PCL_0112565	CS20230722_CLUS_0185	0185 IT AON-TT-DP Glut_5														
http://purl.obolibrary.org/obo/PCL_0112566	CS20230722_CLUS_0186	0186 L2 IT ENT-po Glut_1														
http://purl.obolibrary.org/obo/PCL_0112567	CS20230722_CLUS_0187	0187 L2 IT ENT-po Glut_1														
http://purl.obolibrary.org/obo/PCL_0112568	CS20230722_CLUS_0188	0188 L2 IT ENT-po Glut_2														
http://purl.obolibrary.org/obo/PCL_0112569	CS20230722_CLUS_0189	0189 L2 IT ENT-po Glut_2														
http://purl.obolibrary.org/obo/PCL_0112572	CS20230722_CLUS_0192	0192 MEA Slc17a7 Glut_1														
http://purl.obolibrary.org/obo/PCL_0112573	CS20230722_CLUS_0193	0193 MEA Slc17a7 Glut_1														
http://purl.obolibrary.org/obo/PCL_0112574	CS20230722_CLUS_0194	0194 MEA Slc17a7 Glut_1														
http://purl.obolibrary.org/obo/PCL_0112575	CS20230722_CLUS_0195	0195 MEA Slc17a7 Glut_1														
http://purl.obolibrary.org/obo/PCL_0112576	CS20230722_CLUS_0196	0196 MEA Slc17a7 Glut_1														
http://purl.obolibrary.org/obo/PCL_0112577	CS20230722_CLUS_0197	0197 MEA Slc17a7 Glut_1														
http://purl.obolibrary.org/obo/PCL_0112578	CS20230722_CLUS_0198	0198 MEA Slc17a7 Glut_1														
http://purl.obolibrary.org/obo/PCL_0112579	CS20230722_CLUS_0199	0199 MEA Slc17a7 Glut_1														
http://purl.obolibrary.org/obo/PCL_0112580	CS20230722_CLUS_0200	0200 MEA Slc17a7 Glut_1														
http://purl.obolibrary.org/obo/PCL_0112581	CS20230722_CLUS_0201	0201 MEA Slc17a7 Glut_2														
http://purl.obolibrary.org/obo/PCL_0112582	CS20230722_CLUS_0202	0202 MEA Slc17a7 Glut_2														
http://purl.obolibrary.org/obo/PCL_0112583	CS20230722_CLUS_0203	0203 MEA Slc17a7 Glut_2														
http://purl.obolibrary.org/obo/PCL_0112584	CS20230722_CLUS_0204	0204 MEA Slc17a7 Glut_2														
http://purl.obolibrary.org/obo/PCL_0112585	CS20230722_CLUS_0205	0205 MEA Slc17a7 Glut_2														
http://purl.obolibrary.org/obo/PCL_0112586	CS20230722_CLUS_0206	0206 MEA Slc17a7 Glut_2														
http://purl.obolibrary.org/obo/PCL_0112587	CS20230722_CLUS_0207	0207 MEA Slc17a7 Glut_2														
http://purl.obolibrary.org/obo/PCL_0112588	CS20230722_CLUS_0208	0208 MEA Slc17a7 Glut_2														
http://purl.obolibrary.org/obo/PCL_0112589	CS20230722_CLUS_0209	0209 MEA Slc17a7 Glut_2														
http://purl.obolibrary.org/obo/PCL_0112590	CS20230722_CLUS_0210	0210 MEA Slc17a7 Glut_2														
http://purl.obolibrary.org/obo/PCL_0112591	CS20230722_CLUS_0211	0211 MEA Slc17a7 Glut_2														
http://purl.obolibrary.org/obo/PCL_0112592	CS20230722_CLUS_0212	0212 MEA Slc17a7 Glut_2														
http://purl.obolibrary.org/obo/PCL_0112593	CS20230722_CLUS_0213	0213 MEA Slc17a7 Glut_3														
http://purl.obolibrary.org/obo/PCL_0112594	CS20230722_CLUS_0214	0214 MEA Slc17a7 Glut_3														
http://purl.obolibrary.org/obo/PCL_0112596	CS20230722_CLUS_0216	0216 COAp Grxcr2 Glut_2														
http://purl.obolibrary.org/obo/PCL_0112597	CS20230722_CLUS_0217	0217 COAp Grxcr2 Glut_2														
http://purl.obolibrary.org/obo/PCL_0112598	CS20230722_CLUS_0218	0218 COAp Grxcr2 Glut_2														
http://purl.obolibrary.org/obo/PCL_0112599	CS20230722_CLUS_0219	0219 COAp Grxcr2 Glut_2														
http://purl.obolibrary.org/obo/PCL_0112600	CS20230722_CLUS_0220	0220 COAp Grxcr2 Glut_2														
http://purl.obolibrary.org/obo/PCL_0112601	CS20230722_CLUS_0221	0221 LA-BLA-BMA-PA Glut_1														
http://purl.obolibrary.org/obo/PCL_0112602	CS20230722_CLUS_0222	0222 LA-BLA-BMA-PA Glut_1														
http://purl.obolibrary.org/obo/PCL_0112603	CS20230722_CLUS_0223	0223 LA-BLA-BMA-PA Glut_1														
http://purl.obolibrary.org/obo/PCL_0112604	CS20230722_CLUS_0224	0224 LA-BLA-BMA-PA Glut_1														
http://purl.obolibrary.org/obo/PCL_0112605	CS20230722_CLUS_0225	0225 LA-BLA-BMA-PA Glut_1														
http://purl.obolibrary.org/obo/PCL_0112606	CS20230722_CLUS_0226	0226 LA-BLA-BMA-PA Glut_1														
http://purl.obolibrary.org/obo/PCL_0112607	CS20230722_CLUS_0227	0227 LA-BLA-BMA-PA Glut_1														
http://purl.obolibrary.org/obo/PCL_0112608	CS20230722_CLUS_0228	0228 LA-BLA-BMA-PA Glut_1														
http://purl.obolibrary.org/obo/PCL_0112609	CS20230722_CLUS_0229	0229 LA-BLA-BMA-PA Glut_1														
http://purl.obolibrary.org/obo/PCL_0112610	CS20230722_CLUS_0230	0230 LA-BLA-BMA-PA Glut_2														
http://purl.obolibrary.org/obo/PCL_0112611	CS20230722_CLUS_0231	0231 LA-BLA-BMA-PA Glut_2														
http://purl.obolibrary.org/obo/PCL_0112612	CS20230722_CLUS_0232	0232 LA-BLA-BMA-PA Glut_2														
http://purl.obolibrary.org/obo/PCL_0112613	CS20230722_CLUS_0233	0233 LA-BLA-BMA-PA Glut_2														
http://purl.obolibrary.org/obo/PCL_0112614	CS20230722_CLUS_0234	0234 LA-BLA-BMA-PA Glut_2														
http://purl.obolibrary.org/obo/PCL_0112615	CS20230722_CLUS_0235	0235 LA-BLA-BMA-PA Glut_2														
http://purl.obolibrary.org/obo/PCL_0112616	CS20230722_CLUS_0236	0236 LA-BLA-BMA-PA Glut_3														
http://purl.obolibrary.org/obo/PCL_0112617	CS20230722_CLUS_0237	0237 LA-BLA-BMA-PA Glut_3														
http://purl.obolibrary.org/obo/PCL_0112618	CS20230722_CLUS_0238	0238 LA-BLA-BMA-PA Glut_3														
http://purl.obolibrary.org/obo/PCL_0112619	CS20230722_CLUS_0239	0239 LA-BLA-BMA-PA Glut_3														
http://purl.obolibrary.org/obo/PCL_0112620	CS20230722_CLUS_0240	0240 LA-BLA-BMA-PA Glut_3														
http://purl.obolibrary.org/obo/PCL_0112621	CS20230722_CLUS_0241	0241 LA-BLA-BMA-PA Glut_4														
http://purl.obolibrary.org/obo/PCL_0112622	CS20230722_CLUS_0242	0242 LA-BLA-BMA-PA Glut_4														
http://purl.obolibrary.org/obo/PCL_0112623	CS20230722_CLUS_0243	0243 LA-BLA-BMA-PA Glut_4														
http://purl.obolibrary.org/obo/PCL_0112624	CS20230722_CLUS_0244	0244 LA-BLA-BMA-PA Glut_4														
http://purl.obolibrary.org/obo/PCL_0112625	CS20230722_CLUS_0245	0245 LA-BLA-BMA-PA Glut_5														
http://purl.obolibrary.org/obo/PCL_0112626	CS20230722_CLUS_0246	0246 LA-BLA-BMA-PA Glut_5														
http://purl.obolibrary.org/obo/PCL_0112627	CS20230722_CLUS_0247	0247 LA-BLA-BMA-PA Glut_5														
http://purl.obolibrary.org/obo/PCL_0112628	CS20230722_CLUS_0248	0248 LA-BLA-BMA-PA Glut_5														
http://purl.obolibrary.org/obo/PCL_0112629	CS20230722_CLUS_0249	0249 LA-BLA-BMA-PA Glut_6														
http://purl.obolibrary.org/obo/PCL_0112630	CS20230722_CLUS_0250	0250 LA-BLA-BMA-PA Glut_6														
http://purl.obolibrary.org/obo/PCL_0112631	CS20230722_CLUS_0251	0251 LA-BLA-BMA-PA Glut_6														
http://purl.obolibrary.org/obo/PCL_0112632	CS20230722_CLUS_0252	0252 ENTmv-PA-COAp Glut_1														
http://purl.obolibrary.org/obo/PCL_0112633	CS20230722_CLUS_0253	0253 ENTmv-PA-COAp Glut_1														
http://purl.obolibrary.org/obo/PCL_0112634	CS20230722_CLUS_0254	0254 ENTmv-PA-COAp Glut_1														
http://purl.obolibrary.org/obo/PCL_0112635	CS20230722_CLUS_0255	0255 ENTmv-PA-COAp Glut_1														
http://purl.obolibrary.org/obo/PCL_0112636	CS20230722_CLUS_0256	0256 ENTmv-PA-COAp Glut_2														
http://purl.obolibrary.org/obo/PCL_0112637	CS20230722_CLUS_0257	0257 ENTmv-PA-COAp Glut_2														
http://purl.obolibrary.org/obo/PCL_0112638	CS20230722_CLUS_0258	0258 ENTmv-PA-COAp Glut_2														
http://purl.obolibrary.org/obo/PCL_0112639	CS20230722_CLUS_0259	0259 ENTmv-PA-COAp Glut_3														
http://purl.obolibrary.org/obo/PCL_0112640	CS20230722_CLUS_0260	0260 ENTmv-PA-COAp Glut_3														
http://purl.obolibrary.org/obo/PCL_0112641	CS20230722_CLUS_0261	0261 CA1-ProS Glut_1														
http://purl.obolibrary.org/obo/PCL_0112642	CS20230722_CLUS_0262	0262 CA1-ProS Glut_1														
http://purl.obolibrary.org/obo/PCL_0112643	CS20230722_CLUS_0263	0263 CA1-ProS Glut_1														
http://purl.obolibrary.org/obo/PCL_0112644	CS20230722_CLUS_0264	0264 CA1-ProS Glut_1														
http://purl.obolibrary.org/obo/PCL_0112645	CS20230722_CLUS_0265	0265 CA1-ProS Glut_1														
http://purl.obolibrary.org/obo/PCL_0112646	CS20230722_CLUS_0266	0266 CA1-ProS Glut_1														
http://purl.obolibrary.org/obo/PCL_0112647	CS20230722_CLUS_0267	0267 CA1-ProS Glut_1														
http://purl.obolibrary.org/obo/PCL_0112648	CS20230722_CLUS_0268	0268 CA1-ProS Glut_1														
http://purl.obolibrary.org/obo/PCL_0112649	CS20230722_CLUS_0269	0269 CA1-ProS Glut_1														
http://purl.obolibrary.org/obo/PCL_0112650	CS20230722_CLUS_0270	0270 CA1-ProS Glut_1														
http://purl.obolibrary.org/obo/PCL_0112651	CS20230722_CLUS_0271	0271 CA1-ProS Glut_2														
http://purl.obolibrary.org/obo/PCL_0112652	CS20230722_CLUS_0272	0272 CA1-ProS Glut_2														
http://purl.obolibrary.org/obo/PCL_0112653	CS20230722_CLUS_0273	0273 CA1-ProS Glut_2														
http://purl.obolibrary.org/obo/PCL_0112654	CS20230722_CLUS_0274	0274 CA1-ProS Glut_2														
http://purl.obolibrary.org/obo/PCL_0112655	CS20230722_CLUS_0275	0275 CA1-ProS Glut_2														
http://purl.obolibrary.org/obo/PCL_0112656	CS20230722_CLUS_0276	0276 CA1-ProS Glut_2														
http://purl.obolibrary.org/obo/PCL_0112657	CS20230722_CLUS_0277	0277 CA1-ProS Glut_2														
http://purl.obolibrary.org/obo/PCL_0112658	CS20230722_CLUS_0278	0278 CA1-ProS Glut_3														
http://purl.obolibrary.org/obo/PCL_0112659	CS20230722_CLUS_0279	0279 CA1-ProS Glut_3														
http://purl.obolibrary.org/obo/PCL_0112660	CS20230722_CLUS_0280	0280 CA1-ProS Glut_3														
http://purl.obolibrary.org/obo/PCL_0112661	CS20230722_CLUS_0281	0281 CA1-ProS Glut_3														
http://purl.obolibrary.org/obo/PCL_0112662	CS20230722_CLUS_0282	0282 CA1-ProS Glut_3														
http://purl.obolibrary.org/obo/PCL_0112663	CS20230722_CLUS_0283	0283 CA1-ProS Glut_3														
http://purl.obolibrary.org/obo/PCL_0112664	CS20230722_CLUS_0284	0284 CA1-ProS Glut_4														
http://purl.obolibrary.org/obo/PCL_0112665	CS20230722_CLUS_0285	0285 CA1-ProS Glut_4														
http://purl.obolibrary.org/obo/PCL_0112666	CS20230722_CLUS_0286	0286 CA1-ProS Glut_4														
http://purl.obolibrary.org/obo/PCL_0112667	CS20230722_CLUS_0287	0287 CA1-ProS Glut_4														
http://purl.obolibrary.org/obo/PCL_0112668	CS20230722_CLUS_0288	0288 CA1-ProS Glut_4														
http://purl.obolibrary.org/obo/PCL_0112669	CS20230722_CLUS_0289	0289 CA1-ProS Glut_5														
http://purl.obolibrary.org/obo/PCL_0112670	CS20230722_CLUS_0290	0290 CA1-ProS Glut_5														
http://purl.obolibrary.org/obo/PCL_0112671	CS20230722_CLUS_0291	0291 CA1-ProS Glut_5														
http://purl.obolibrary.org/obo/PCL_0112672	CS20230722_CLUS_0292	0292 CA1-ProS Glut_5														
http://purl.obolibrary.org/obo/PCL_0112673	CS20230722_CLUS_0293	0293 CA1-ProS Glut_6														
http://purl.obolibrary.org/obo/PCL_0112674	CS20230722_CLUS_0294	0294 CA1-ProS Glut_6														
http://purl.obolibrary.org/obo/PCL_0112675	CS20230722_CLUS_0295	0295 CA1-ProS Glut_6														
http://purl.obolibrary.org/obo/PCL_0112676	CS20230722_CLUS_0296	0296 CA3 Glut_1														
http://purl.obolibrary.org/obo/PCL_0112677	CS20230722_CLUS_0297	0297 CA3 Glut_1														
http://purl.obolibrary.org/obo/PCL_0112678	CS20230722_CLUS_0298	0298 CA3 Glut_1														
http://purl.obolibrary.org/obo/PCL_0112679	CS20230722_CLUS_0299	0299 CA3 Glut_1														
http://purl.obolibrary.org/obo/PCL_0112680	CS20230722_CLUS_0300	0300 CA3 Glut_1														
http://purl.obolibrary.org/obo/PCL_0112681	CS20230722_CLUS_0301	0301 CA3 Glut_1														
http://purl.obolibrary.org/obo/PCL_0112682	CS20230722_CLUS_0302	0302 CA3 Glut_2														
http://purl.obolibrary.org/obo/PCL_0112683	CS20230722_CLUS_0303	0303 CA3 Glut_2														
http://purl.obolibrary.org/obo/PCL_0112684	CS20230722_CLUS_0304	0304 CA3 Glut_2														
http://purl.obolibrary.org/obo/PCL_0112685	CS20230722_CLUS_0305	0305 CA3 Glut_2														
http://purl.obolibrary.org/obo/PCL_0112686	CS20230722_CLUS_0306	0306 CA3 Glut_2														
http://purl.obolibrary.org/obo/PCL_0112687	CS20230722_CLUS_0307	0307 CA3 Glut_3														
http://purl.obolibrary.org/obo/PCL_0112688	CS20230722_CLUS_0308	0308 CA3 Glut_3														
http://purl.obolibrary.org/obo/PCL_0112689	CS20230722_CLUS_0309	0309 CA3 Glut_3														
http://purl.obolibrary.org/obo/PCL_0112690	CS20230722_CLUS_0310	0310 CA3 Glut_3														
http://purl.obolibrary.org/obo/PCL_0112691	CS20230722_CLUS_0311	0311 CA3 Glut_3														
http://purl.obolibrary.org/obo/PCL_0112692	CS20230722_CLUS_0312	0312 CA3 Glut_3														
http://purl.obolibrary.org/obo/PCL_0112693	CS20230722_CLUS_0313	0313 CA3 Glut_4														
http://purl.obolibrary.org/obo/PCL_0112694	CS20230722_CLUS_0314	0314 CA3 Glut_4														
http://purl.obolibrary.org/obo/PCL_0112695	CS20230722_CLUS_0315	0315 CA3 Glut_4														
http://purl.obolibrary.org/obo/PCL_0112696	CS20230722_CLUS_0316	0316 CA3 Glut_5														
http://purl.obolibrary.org/obo/PCL_0112697	CS20230722_CLUS_0317	0317 CA3 Glut_5														
http://purl.obolibrary.org/obo/PCL_0112698	CS20230722_CLUS_0318	0318 L2 IT PPP-APr Glut_1														
http://purl.obolibrary.org/obo/PCL_0112699	CS20230722_CLUS_0319	0319 L2 IT PPP-APr Glut_1														
http://purl.obolibrary.org/obo/PCL_0112700	CS20230722_CLUS_0320	0320 L2 IT PPP-APr Glut_1														
http://purl.obolibrary.org/obo/PCL_0112701	CS20230722_CLUS_0321	0321 L2 IT PPP-APr Glut_1														
http://purl.obolibrary.org/obo/PCL_0112702	CS20230722_CLUS_0322	0322 L2 IT PPP-APr Glut_2														
http://purl.obolibrary.org/obo/PCL_0112703	CS20230722_CLUS_0323	0323 L2 IT PPP-APr Glut_2														
http://purl.obolibrary.org/obo/PCL_0112704	CS20230722_CLUS_0324	0324 L2 IT PPP-APr Glut_2														
http://purl.obolibrary.org/obo/PCL_0112705	CS20230722_CLUS_0325	0325 L2 IT PPP-APr Glut_2														
http://purl.obolibrary.org/obo/PCL_0112706	CS20230722_CLUS_0326	0326 L2 IT PPP-APr Glut_3														
http://purl.obolibrary.org/obo/PCL_0112707	CS20230722_CLUS_0327	0327 L2 IT PPP-APr Glut_3														
http://purl.obolibrary.org/obo/PCL_0112709	CS20230722_CLUS_0329	0329 L2/3 IT PPP Glut_1														
http://purl.obolibrary.org/obo/PCL_0112710	CS20230722_CLUS_0330	0330 L2/3 IT PPP Glut_1														
http://purl.obolibrary.org/obo/PCL_0112711	CS20230722_CLUS_0331	0331 L2/3 IT PPP Glut_1														
http://purl.obolibrary.org/obo/PCL_0112712	CS20230722_CLUS_0332	0332 L2/3 IT PPP Glut_1														
http://purl.obolibrary.org/obo/PCL_0112713	CS20230722_CLUS_0333	0333 L2/3 IT PPP Glut_2														
http://purl.obolibrary.org/obo/PCL_0112714	CS20230722_CLUS_0334	0334 L2/3 IT PPP Glut_2														
http://purl.obolibrary.org/obo/PCL_0112715	CS20230722_CLUS_0335	0335 L2/3 IT PPP Glut_2														
http://purl.obolibrary.org/obo/PCL_0112716	CS20230722_CLUS_0336	0336 L2/3 IT PPP Glut_2														
http://purl.obolibrary.org/obo/PCL_0112717	CS20230722_CLUS_0337	0337 L2/3 IT PPP Glut_3														
http://purl.obolibrary.org/obo/PCL_0112718	CS20230722_CLUS_0338	0338 L2/3 IT PPP Glut_3														
http://purl.obolibrary.org/obo/PCL_0112719	CS20230722_CLUS_0339	0339 L2/3 IT PPP Glut_3														
http://purl.obolibrary.org/obo/PCL_0112720	CS20230722_CLUS_0340	0340 L2/3 IT PPP Glut_3														
http://purl.obolibrary.org/obo/PCL_0112721	CS20230722_CLUS_0341	0341 L2/3 IT PPP Glut_3														
http://purl.obolibrary.org/obo/PCL_0112723	CS20230722_CLUS_0343	0343 L2/3 IT RSP Glut_2														
http://purl.obolibrary.org/obo/PCL_0112724	CS20230722_CLUS_0344	0344 L2/3 IT RSP Glut_2														
http://purl.obolibrary.org/obo/PCL_0112725	CS20230722_CLUS_0345	0345 L2/3 IT RSP Glut_2														
http://purl.obolibrary.org/obo/PCL_0112726	CS20230722_CLUS_0346	0346 L2/3 IT RSP Glut_2														
http://purl.obolibrary.org/obo/PCL_0112727	CS20230722_CLUS_0347	0347 L4 RSP-ACA Glut_1														
http://purl.obolibrary.org/obo/PCL_0112728	CS20230722_CLUS_0348	0348 L4 RSP-ACA Glut_1														
http://purl.obolibrary.org/obo/PCL_0112729	CS20230722_CLUS_0349	0349 L5 ET CTX Glut_1														
http://purl.obolibrary.org/obo/PCL_0112730	CS20230722_CLUS_0350	0350 L5 ET CTX Glut_1														
http://purl.obolibrary.org/obo/PCL_0112731	CS20230722_CLUS_0351	0351 L5 ET CTX Glut_1														
http://purl.obolibrary.org/obo/PCL_0112732	CS20230722_CLUS_0352	0352 L5 ET CTX Glut_1														
http://purl.obolibrary.org/obo/PCL_0112733	CS20230722_CLUS_0353	0353 L5 ET CTX Glut_1														
http://purl.obolibrary.org/obo/PCL_0112734	CS20230722_CLUS_0354	0354 L5 ET CTX Glut_1														
http://purl.obolibrary.org/obo/PCL_0112735	CS20230722_CLUS_0355	0355 L5 ET CTX Glut_1														
http://purl.obolibrary.org/obo/PCL_0112736	CS20230722_CLUS_0356	0356 L5 ET CTX Glut_1														
http://purl.obolibrary.org/obo/PCL_0112737	CS20230722_CLUS_0357	0357 L5 ET CTX Glut_1														
http://purl.obolibrary.org/obo/PCL_0112738	CS20230722_CLUS_0358	0358 L5 ET CTX Glut_1														
http://purl.obolibrary.org/obo/PCL_0112739	CS20230722_CLUS_0359	0359 L5 ET CTX Glut_2														
http://purl.obolibrary.org/obo/PCL_0112740	CS20230722_CLUS_0360	0360 L5 ET CTX Glut_2														
http://purl.obolibrary.org/obo/PCL_0112741	CS20230722_CLUS_0361	0361 L5 ET CTX Glut_2														
http://purl.obolibrary.org/obo/PCL_0112742	CS20230722_CLUS_0362	0362 L5 ET CTX Glut_2														
http://purl.obolibrary.org/obo/PCL_0112743	CS20230722_CLUS_0363	0363 L5 ET CTX Glut_2														
http://purl.obolibrary.org/obo/PCL_0112744	CS20230722_CLUS_0364	0364 L5 ET CTX Glut_2														
http://purl.obolibrary.org/obo/PCL_0112745	CS20230722_CLUS_0365	0365 L5 ET CTX Glut_3														
http://purl.obolibrary.org/obo/PCL_0112746	CS20230722_CLUS_0366	0366 L5 ET CTX Glut_3														
http://purl.obolibrary.org/obo/PCL_0112747	CS20230722_CLUS_0367	0367 L5 ET CTX Glut_3														
http://purl.obolibrary.org/obo/PCL_0112748	CS20230722_CLUS_0368	0368 L5 ET CTX Glut_3														
http://purl.obolibrary.org/obo/PCL_0112749	CS20230722_CLUS_0369	0369 L5 ET CTX Glut_3														
http://purl.obolibrary.org/obo/PCL_0112750	CS20230722_CLUS_0370	0370 L5 ET CTX Glut_4														
http://purl.obolibrary.org/obo/PCL_0112751	CS20230722_CLUS_0371	0371 L5 ET CTX Glut_4														
http://purl.obolibrary.org/obo/PCL_0112752	CS20230722_CLUS_0372	0372 L5 ET CTX Glut_4														
http://purl.obolibrary.org/obo/PCL_0112753	CS20230722_CLUS_0373	0373 L5 ET CTX Glut_4														
http://purl.obolibrary.org/obo/PCL_0112754	CS20230722_CLUS_0374	0374 L5 ET CTX Glut_4														
http://purl.obolibrary.org/obo/PCL_0112755	CS20230722_CLUS_0375	0375 L5 ET CTX Glut_5														
http://purl.obolibrary.org/obo/PCL_0112756	CS20230722_CLUS_0376	0376 L5 ET CTX Glut_5														
http://purl.obolibrary.org/obo/PCL_0112757	CS20230722_CLUS_0377	0377 L5 ET CTX Glut_5														
http://purl.obolibrary.org/obo/PCL_0112758	CS20230722_CLUS_0378	0378 L5 ET CTX Glut_5														
http://purl.obolibrary.org/obo/PCL_0112759	CS20230722_CLUS_0379	0379 L5 ET CTX Glut_6														
http://purl.obolibrary.org/obo/PCL_0112760	CS20230722_CLUS_0380	0380 L5 ET CTX Glut_6														
http://purl.obolibrary.org/obo/PCL_0112761	CS20230722_CLUS_0381	0381 L5 ET CTX Glut_6														
http://purl.obolibrary.org/obo/PCL_0112762	CS20230722_CLUS_0382	0382 L5 ET CTX Glut_6														
http://purl.obolibrary.org/obo/PCL_0112763	CS20230722_CLUS_0383	0383 SUB-ProS Glut_1														
http://purl.obolibrary.org/obo/PCL_0112764	CS20230722_CLUS_0384	0384 SUB-ProS Glut_1														
http://purl.obolibrary.org/obo/PCL_0112765	CS20230722_CLUS_0385	0385 SUB-ProS Glut_1														
http://purl.obolibrary.org/obo/PCL_0112766	CS20230722_CLUS_0386	0386 SUB-ProS Glut_1														
http://purl.obolibrary.org/obo/PCL_0112767	CS20230722_CLUS_0387	0387 SUB-ProS Glut_1														
http://purl.obolibrary.org/obo/PCL_0112768	CS20230722_CLUS_0388	0388 SUB-ProS Glut_2														
http://purl.obolibrary.org/obo/PCL_0112769	CS20230722_CLUS_0389	0389 SUB-ProS Glut_2														
http://purl.obolibrary.org/obo/PCL_0112770	CS20230722_CLUS_0390	0390 SUB-ProS Glut_2														
http://purl.obolibrary.org/obo/PCL_0112771	CS20230722_CLUS_0391	0391 SUB-ProS Glut_2														
http://purl.obolibrary.org/obo/PCL_0112772	CS20230722_CLUS_0392	0392 SUB-ProS Glut_2														
http://purl.obolibrary.org/obo/PCL_0112773	CS20230722_CLUS_0393	0393 SUB-ProS Glut_2														
http://purl.obolibrary.org/obo/PCL_0112774	CS20230722_CLUS_0394	0394 SUB-ProS Glut_3														
http://purl.obolibrary.org/obo/PCL_0112775	CS20230722_CLUS_0395	0395 SUB-ProS Glut_3														
http://purl.obolibrary.org/obo/PCL_0112776	CS20230722_CLUS_0396	0396 SUB-ProS Glut_3														
http://purl.obolibrary.org/obo/PCL_0112777	CS20230722_CLUS_0397	0397 SUB-ProS Glut_3														
http://purl.obolibrary.org/obo/PCL_0112780	CS20230722_CLUS_0400	0400 CA2-FC-IG Glut_2														
http://purl.obolibrary.org/obo/PCL_0112781	CS20230722_CLUS_0401	0401 CA2-FC-IG Glut_2														
http://purl.obolibrary.org/obo/PCL_0112783	CS20230722_CLUS_0403	0403 L6b EPd Glut_1														
http://purl.obolibrary.org/obo/PCL_0112784	CS20230722_CLUS_0404	0404 L6b EPd Glut_1														
http://purl.obolibrary.org/obo/PCL_0112785	CS20230722_CLUS_0405	0405 L6b EPd Glut_2														
http://purl.obolibrary.org/obo/PCL_0112786	CS20230722_CLUS_0406	0406 L6b EPd Glut_2														
http://purl.obolibrary.org/obo/PCL_0112787	CS20230722_CLUS_0407	0407 L6b EPd Glut_3														
http://purl.obolibrary.org/obo/PCL_0112788	CS20230722_CLUS_0408	0408 L6b EPd Glut_3														
http://purl.obolibrary.org/obo/PCL_0112789	CS20230722_CLUS_0409	0409 L6b EPd Glut_3														
http://purl.obolibrary.org/obo/PCL_0112790	CS20230722_CLUS_0410	0410 L6b/CT ENT Glut_1														
http://purl.obolibrary.org/obo/PCL_0112791	CS20230722_CLUS_0411	0411 L6b/CT ENT Glut_1														
http://purl.obolibrary.org/obo/PCL_0112792	CS20230722_CLUS_0412	0412 L6b/CT ENT Glut_1														
http://purl.obolibrary.org/obo/PCL_0112793	CS20230722_CLUS_0413	0413 L6b/CT ENT Glut_1														
http://purl.obolibrary.org/obo/PCL_0112794	CS20230722_CLUS_0414	0414 L6b/CT ENT Glut_2														
http://purl.obolibrary.org/obo/PCL_0112795	CS20230722_CLUS_0415	0415 L6b/CT ENT Glut_2														
http://purl.obolibrary.org/obo/PCL_0112796	CS20230722_CLUS_0416	0416 L6b/CT ENT Glut_2														
http://purl.obolibrary.org/obo/PCL_0112797	CS20230722_CLUS_0417	0417 L6b/CT ENT Glut_2														
http://purl.obolibrary.org/obo/PCL_0112798	CS20230722_CLUS_0418	0418 L6b/CT ENT Glut_3														
http://purl.obolibrary.org/obo/PCL_0112799	CS20230722_CLUS_0419	0419 L6b/CT ENT Glut_3														
http://purl.obolibrary.org/obo/PCL_0112800	CS20230722_CLUS_0420	0420 L6b/CT ENT Glut_3														
http://purl.obolibrary.org/obo/PCL_0112801	CS20230722_CLUS_0421	0421 L6b/CT ENT Glut_4														
http://purl.obolibrary.org/obo/PCL_0112802	CS20230722_CLUS_0422	0422 L6b/CT ENT Glut_4														
http://purl.obolibrary.org/obo/PCL_0112803	CS20230722_CLUS_0423	0423 L6b/CT ENT Glut_4														
http://purl.obolibrary.org/obo/PCL_0112804	CS20230722_CLUS_0424	0424 L6b CTX Glut_1														
http://purl.obolibrary.org/obo/PCL_0112805	CS20230722_CLUS_0425	0425 L6b CTX Glut_1														
http://purl.obolibrary.org/obo/PCL_0112806	CS20230722_CLUS_0426	0426 L6b CTX Glut_1														
http://purl.obolibrary.org/obo/PCL_0112807	CS20230722_CLUS_0427	0427 L6b CTX Glut_2														
http://purl.obolibrary.org/obo/PCL_0112808	CS20230722_CLUS_0428	0428 L6b CTX Glut_2														
http://purl.obolibrary.org/obo/PCL_0112809	CS20230722_CLUS_0429	0429 L6b CTX Glut_2														
http://purl.obolibrary.org/obo/PCL_0112810	CS20230722_CLUS_0430	0430 L6b CTX Glut_2														
http://purl.obolibrary.org/obo/PCL_0112811	CS20230722_CLUS_0431	0431 L6b CTX Glut_3														
http://purl.obolibrary.org/obo/PCL_0112812	CS20230722_CLUS_0432	0432 L6b CTX Glut_3														
http://purl.obolibrary.org/obo/PCL_0112813	CS20230722_CLUS_0433	0433 L6b CTX Glut_3														
http://purl.obolibrary.org/obo/PCL_0112814	CS20230722_CLUS_0434	0434 L6b CTX Glut_3														
http://purl.obolibrary.org/obo/PCL_0112816	CS20230722_CLUS_0436	0436 L6 CT CTX Glut_1														
http://purl.obolibrary.org/obo/PCL_0112817	CS20230722_CLUS_0437	0437 L6 CT CTX Glut_1														
http://purl.obolibrary.org/obo/PCL_0112818	CS20230722_CLUS_0438	0438 L6 CT CTX Glut_1														
http://purl.obolibrary.org/obo/PCL_0112819	CS20230722_CLUS_0439	0439 L6 CT CTX Glut_1														
http://purl.obolibrary.org/obo/PCL_0112820	CS20230722_CLUS_0440	0440 L6 CT CTX Glut_1														
http://purl.obolibrary.org/obo/PCL_0112821	CS20230722_CLUS_0441	0441 L6 CT CTX Glut_2														
http://purl.obolibrary.org/obo/PCL_0112822	CS20230722_CLUS_0442	0442 L6 CT CTX Glut_2														
http://purl.obolibrary.org/obo/PCL_0112823	CS20230722_CLUS_0443	0443 L6 CT CTX Glut_2														
http://purl.obolibrary.org/obo/PCL_0112824	CS20230722_CLUS_0444	0444 L6 CT CTX Glut_2														
http://purl.obolibrary.org/obo/PCL_0112825	CS20230722_CLUS_0445	0445 L6 CT CTX Glut_3														
http://purl.obolibrary.org/obo/PCL_0112826	CS20230722_CLUS_0446	0446 L6 CT CTX Glut_3														
http://purl.obolibrary.org/obo/PCL_0112827	CS20230722_CLUS_0447	0447 L6 CT CTX Glut_3														
http://purl.obolibrary.org/obo/PCL_0112828	CS20230722_CLUS_0448	0448 L6 CT CTX Glut_3														
http://purl.obolibrary.org/obo/PCL_0112829	CS20230722_CLUS_0449	0449 L6 CT CTX Glut_3														
http://purl.obolibrary.org/obo/PCL_0112831	CS20230722_CLUS_0451	0451 L6 CT CTX Glut_5														
http://purl.obolibrary.org/obo/PCL_0112832	CS20230722_CLUS_0452	0452 L6 CT CTX Glut_5														
http://purl.obolibrary.org/obo/PCL_0112833	CS20230722_CLUS_0453	0453 L6 CT CTX Glut_5														
http://purl.obolibrary.org/obo/PCL_0112834	CS20230722_CLUS_0454	0454 L6 CT CTX Glut_5														
http://purl.obolibrary.org/obo/PCL_0112835	CS20230722_CLUS_0455	0455 L6 CT CTX Glut_5														
http://purl.obolibrary.org/obo/PCL_0112836	CS20230722_CLUS_0456	0456 L6 CT CTX Glut_5														
http://purl.obolibrary.org/obo/PCL_0112839	CS20230722_CLUS_0459	0459 CT SUB Glut_2														
http://purl.obolibrary.org/obo/PCL_0112840	CS20230722_CLUS_0460	0460 CT SUB Glut_2														
http://purl.obolibrary.org/obo/PCL_0112841	CS20230722_CLUS_0461	0461 L5 NP CTX Glut_1														
http://purl.obolibrary.org/obo/PCL_0112842	CS20230722_CLUS_0462	0462 L5 NP CTX Glut_1														
http://purl.obolibrary.org/obo/PCL_0112843	CS20230722_CLUS_0463	0463 L5 NP CTX Glut_1														
http://purl.obolibrary.org/obo/PCL_0112844	CS20230722_CLUS_0464	0464 L5 NP CTX Glut_2														
http://purl.obolibrary.org/obo/PCL_0112845	CS20230722_CLUS_0465	0465 L5 NP CTX Glut_2														
http://purl.obolibrary.org/obo/PCL_0112846	CS20230722_CLUS_0466	0466 L5 NP CTX Glut_2														
http://purl.obolibrary.org/obo/PCL_0112847	CS20230722_CLUS_0467	0467 L5 NP CTX Glut_2														
http://purl.obolibrary.org/obo/PCL_0112848	CS20230722_CLUS_0468	0468 L5 NP CTX Glut_3														
http://purl.obolibrary.org/obo/PCL_0112849	CS20230722_CLUS_0469	0469 L5 NP CTX Glut_3														
http://purl.obolibrary.org/obo/PCL_0112850	CS20230722_CLUS_0470	0470 L5 NP CTX Glut_3														
http://purl.obolibrary.org/obo/PCL_0112851	CS20230722_CLUS_0471	0471 L5 NP CTX Glut_3														
http://purl.obolibrary.org/obo/PCL_0112852	CS20230722_CLUS_0472	0472 L5 NP CTX Glut_4														
http://purl.obolibrary.org/obo/PCL_0112853	CS20230722_CLUS_0473	0473 L5 NP CTX Glut_4														
http://purl.obolibrary.org/obo/PCL_0112854	CS20230722_CLUS_0474	0474 L5 NP CTX Glut_4														
http://purl.obolibrary.org/obo/PCL_0112855	CS20230722_CLUS_0475	0475 L5 NP CTX Glut_5														
http://purl.obolibrary.org/obo/PCL_0112856	CS20230722_CLUS_0476	0476 L5 NP CTX Glut_5														
http://purl.obolibrary.org/obo/PCL_0112857	CS20230722_CLUS_0477	0477 NP SUB Glut_1														
http://purl.obolibrary.org/obo/PCL_0112858	CS20230722_CLUS_0478	0478 NP SUB Glut_1														
http://purl.obolibrary.org/obo/PCL_0112859	CS20230722_CLUS_0479	0479 NP SUB Glut_2														
http://purl.obolibrary.org/obo/PCL_0112860	CS20230722_CLUS_0480	0480 NP SUB Glut_2														
http://purl.obolibrary.org/obo/PCL_0112861	CS20230722_CLUS_0481	0481 NP SUB Glut_2														
http://purl.obolibrary.org/obo/PCL_0112862	CS20230722_CLUS_0482	0482 NP SUB Glut_2														
http://purl.obolibrary.org/obo/PCL_0112863	CS20230722_CLUS_0483	0483 NP PPP Glut_1														
http://purl.obolibrary.org/obo/PCL_0112864	CS20230722_CLUS_0484	0484 NP PPP Glut_1														
http://purl.obolibrary.org/obo/PCL_0112865	CS20230722_CLUS_0485	0485 NP PPP Glut_1														
http://purl.obolibrary.org/obo/PCL_0112866	CS20230722_CLUS_0486	0486 OB Eomes Ms4a15 Glut_1														
http://purl.obolibrary.org/obo/PCL_0112867	CS20230722_CLUS_0487	0487 OB Eomes Ms4a15 Glut_1														
http://purl.obolibrary.org/obo/PCL_0112868	CS20230722_CLUS_0488	0488 OB Eomes Ms4a15 Glut_2														
http://purl.obolibrary.org/obo/PCL_0112869	CS20230722_CLUS_0489	0489 OB Eomes Ms4a15 Glut_2														
http://purl.obolibrary.org/obo/PCL_0112870	CS20230722_CLUS_0490	0490 OB Eomes Ms4a15 Glut_2														
http://purl.obolibrary.org/obo/PCL_0112871	CS20230722_CLUS_0491	0491 OB Eomes Ms4a15 Glut_2														
http://purl.obolibrary.org/obo/PCL_0112872	CS20230722_CLUS_0492	0492 OB Eomes Ms4a15 Glut_3														
http://purl.obolibrary.org/obo/PCL_0112873	CS20230722_CLUS_0493	0493 OB Eomes Ms4a15 Glut_3														
http://purl.obolibrary.org/obo/PCL_0112875	CS20230722_CLUS_0495	0495 OB Eomes Ms4a15 Glut_5														
http://purl.obolibrary.org/obo/PCL_0112876	CS20230722_CLUS_0496	0496 OB Eomes Ms4a15 Glut_5														
http://purl.obolibrary.org/obo/PCL_0112877	CS20230722_CLUS_0497	0497 HPF CR Glut_1														
http://purl.obolibrary.org/obo/PCL_0112878	CS20230722_CLUS_0498	0498 HPF CR Glut_1														
http://purl.obolibrary.org/obo/PCL_0112879	CS20230722_CLUS_0499	0499 HPF CR Glut_1														
http://purl.obolibrary.org/obo/PCL_0112880	CS20230722_CLUS_0500	0500 HPF CR Glut_1														
http://purl.obolibrary.org/obo/PCL_0112881	CS20230722_CLUS_0501	0501 HPF CR Glut_1														
http://purl.obolibrary.org/obo/PCL_0112882	CS20230722_CLUS_0502	0502 DG Glut_1														
http://purl.obolibrary.org/obo/PCL_0112883	CS20230722_CLUS_0503	0503 DG Glut_1														
http://purl.obolibrary.org/obo/PCL_0112884	CS20230722_CLUS_0504	0504 DG Glut_1														
http://purl.obolibrary.org/obo/PCL_0112885	CS20230722_CLUS_0505	0505 DG Glut_2														
http://purl.obolibrary.org/obo/PCL_0112886	CS20230722_CLUS_0506	0506 DG Glut_2														
http://purl.obolibrary.org/obo/PCL_0112887	CS20230722_CLUS_0507	0507 DG Glut_2														
http://purl.obolibrary.org/obo/PCL_0112888	CS20230722_CLUS_0508	0508 DG Glut_3														
http://purl.obolibrary.org/obo/PCL_0112889	CS20230722_CLUS_0509	0509 DG Glut_3														
http://purl.obolibrary.org/obo/PCL_0112892	CS20230722_CLUS_0512	0512 DG-PIR Ex IMN_2														
http://purl.obolibrary.org/obo/PCL_0112893	CS20230722_CLUS_0513	0513 DG-PIR Ex IMN_2														
http://purl.obolibrary.org/obo/PCL_0112894	CS20230722_CLUS_0514	0514 DG-PIR Ex IMN_2														
http://purl.obolibrary.org/obo/PCL_0112895	CS20230722_CLUS_0515	0515 DG-PIR Ex IMN_2														
http://purl.obolibrary.org/obo/PCL_0112896	CS20230722_CLUS_0516	0516 DG-PIR Ex IMN_3														
http://purl.obolibrary.org/obo/PCL_0112897	CS20230722_CLUS_0517	0517 DG-PIR Ex IMN_3														
http://purl.obolibrary.org/obo/PCL_0112898	CS20230722_CLUS_0518	0518 OB Meis2 Thsd7b Gaba_1														
http://purl.obolibrary.org/obo/PCL_0112899	CS20230722_CLUS_0519	0519 OB Meis2 Thsd7b Gaba_1														
http://purl.obolibrary.org/obo/PCL_0112900	CS20230722_CLUS_0520	0520 OB Meis2 Thsd7b Gaba_1														
http://purl.obolibrary.org/obo/PCL_0112901	CS20230722_CLUS_0521	0521 OB Meis2 Thsd7b Gaba_2														
http://purl.obolibrary.org/obo/PCL_0112902	CS20230722_CLUS_0522	0522 OB Meis2 Thsd7b Gaba_2														
http://purl.obolibrary.org/obo/PCL_0112903	CS20230722_CLUS_0523	0523 OB Meis2 Thsd7b Gaba_2														
http://purl.obolibrary.org/obo/PCL_0112904	CS20230722_CLUS_0524	0524 OB Meis2 Thsd7b Gaba_2														
http://purl.obolibrary.org/obo/PCL_0112907	CS20230722_CLUS_0527	0527 OB Meis2 Thsd7b Gaba_5														
http://purl.obolibrary.org/obo/PCL_0112908	CS20230722_CLUS_0528	0528 OB Meis2 Thsd7b Gaba_5														
http://purl.obolibrary.org/obo/PCL_0112910	CS20230722_CLUS_0530	0530 OB Trdn Gaba_2														
http://purl.obolibrary.org/obo/PCL_0112911	CS20230722_CLUS_0531	0531 OB Trdn Gaba_2														
http://purl.obolibrary.org/obo/PCL_0112912	CS20230722_CLUS_0532	0532 OB-in Frmd7 Gaba_1														
http://purl.obolibrary.org/obo/PCL_0112913	CS20230722_CLUS_0533	0533 OB-in Frmd7 Gaba_1														
http://purl.obolibrary.org/obo/PCL_0112914	CS20230722_CLUS_0534	0534 OB-in Frmd7 Gaba_1														
http://purl.obolibrary.org/obo/PCL_0112915	CS20230722_CLUS_0535	0535 OB-in Frmd7 Gaba_1														
http://purl.obolibrary.org/obo/PCL_0112916	CS20230722_CLUS_0536	0536 OB-in Frmd7 Gaba_1														
http://purl.obolibrary.org/obo/PCL_0112917	CS20230722_CLUS_0537	0537 OB-in Frmd7 Gaba_1														
http://purl.obolibrary.org/obo/PCL_0112918	CS20230722_CLUS_0538	0538 OB-in Frmd7 Gaba_1														
http://purl.obolibrary.org/obo/PCL_0112919	CS20230722_CLUS_0539	0539 OB-in Frmd7 Gaba_1														
http://purl.obolibrary.org/obo/PCL_0112920	CS20230722_CLUS_0540	0540 OB-in Frmd7 Gaba_1														
http://purl.obolibrary.org/obo/PCL_0112921	CS20230722_CLUS_0541	0541 OB-in Frmd7 Gaba_1														
http://purl.obolibrary.org/obo/PCL_0112922	CS20230722_CLUS_0542	0542 OB-in Frmd7 Gaba_2														
http://purl.obolibrary.org/obo/PCL_0112923	CS20230722_CLUS_0543	0543 OB-in Frmd7 Gaba_2														
http://purl.obolibrary.org/obo/PCL_0112924	CS20230722_CLUS_0544	0544 OB-in Frmd7 Gaba_2														
http://purl.obolibrary.org/obo/PCL_0112925	CS20230722_CLUS_0545	0545 OB-in Frmd7 Gaba_2														
http://purl.obolibrary.org/obo/PCL_0112926	CS20230722_CLUS_0546	0546 OB-in Frmd7 Gaba_2														
http://purl.obolibrary.org/obo/PCL_0112927	CS20230722_CLUS_0547	0547 OB-in Frmd7 Gaba_2														
http://purl.obolibrary.org/obo/PCL_0112928	CS20230722_CLUS_0548	0548 OB-in Frmd7 Gaba_2														
http://purl.obolibrary.org/obo/PCL_0112929	CS20230722_CLUS_0549	0549 OB-in Frmd7 Gaba_2														
http://purl.obolibrary.org/obo/PCL_0112930	CS20230722_CLUS_0550	0550 OB-in Frmd7 Gaba_3														
http://purl.obolibrary.org/obo/PCL_0112931	CS20230722_CLUS_0551	0551 OB-in Frmd7 Gaba_3														
http://purl.obolibrary.org/obo/PCL_0112932	CS20230722_CLUS_0552	0552 OB-in Frmd7 Gaba_3														
http://purl.obolibrary.org/obo/PCL_0112933	CS20230722_CLUS_0553	0553 OB-in Frmd7 Gaba_3														
http://purl.obolibrary.org/obo/PCL_0112934	CS20230722_CLUS_0554	0554 OB-in Frmd7 Gaba_3														
http://purl.obolibrary.org/obo/PCL_0112935	CS20230722_CLUS_0555	0555 OB-in Frmd7 Gaba_4														
http://purl.obolibrary.org/obo/PCL_0112936	CS20230722_CLUS_0556	0556 OB-in Frmd7 Gaba_4														
http://purl.obolibrary.org/obo/PCL_0112937	CS20230722_CLUS_0557	0557 OB-in Frmd7 Gaba_4														
http://purl.obolibrary.org/obo/PCL_0112938	CS20230722_CLUS_0558	0558 OB-in Frmd7 Gaba_4														
http://purl.obolibrary.org/obo/PCL_0112939	CS20230722_CLUS_0559	0559 OB-in Frmd7 Gaba_5														
http://purl.obolibrary.org/obo/PCL_0112940	CS20230722_CLUS_0560	0560 OB-in Frmd7 Gaba_5														
http://purl.obolibrary.org/obo/PCL_0112941	CS20230722_CLUS_0561	0561 OB-in Frmd7 Gaba_5														
http://purl.obolibrary.org/obo/PCL_0112942	CS20230722_CLUS_0562	0562 OB-in Frmd7 Gaba_5														
http://purl.obolibrary.org/obo/PCL_0112943	CS20230722_CLUS_0563	0563 OB-in Frmd7 Gaba_5														
http://purl.obolibrary.org/obo/PCL_0112944	CS20230722_CLUS_0564	0564 OB-in Frmd7 Gaba_5														
http://purl.obolibrary.org/obo/PCL_0112948	CS20230722_CLUS_0568	0568 OB-out Frmd7 Gaba_1														
http://purl.obolibrary.org/obo/PCL_0112949	CS20230722_CLUS_0569	0569 OB-out Frmd7 Gaba_1														
http://purl.obolibrary.org/obo/PCL_0112950	CS20230722_CLUS_0570	0570 OB-out Frmd7 Gaba_1														
http://purl.obolibrary.org/obo/PCL_0112951	CS20230722_CLUS_0571	0571 OB-out Frmd7 Gaba_1														
http://purl.obolibrary.org/obo/PCL_0112952	CS20230722_CLUS_0572	0572 OB-out Frmd7 Gaba_1														
http://purl.obolibrary.org/obo/PCL_0112953	CS20230722_CLUS_0573	0573 OB-out Frmd7 Gaba_1														
http://purl.obolibrary.org/obo/PCL_0112954	CS20230722_CLUS_0574	0574 OB-out Frmd7 Gaba_1														
http://purl.obolibrary.org/obo/PCL_0112955	CS20230722_CLUS_0575	0575 OB-out Frmd7 Gaba_2														
http://purl.obolibrary.org/obo/PCL_0112956	CS20230722_CLUS_0576	0576 OB-out Frmd7 Gaba_2														
http://purl.obolibrary.org/obo/PCL_0112957	CS20230722_CLUS_0577	0577 OB-out Frmd7 Gaba_2														
http://purl.obolibrary.org/obo/PCL_0112959	CS20230722_CLUS_0579	0579 OB-mi Frmd7 Gaba_1														
http://purl.obolibrary.org/obo/PCL_0112960	CS20230722_CLUS_0580	0580 OB-mi Frmd7 Gaba_1														
http://purl.obolibrary.org/obo/PCL_0112961	CS20230722_CLUS_0581	0581 OB-mi Frmd7 Gaba_1														
http://purl.obolibrary.org/obo/PCL_0112962	CS20230722_CLUS_0582	0582 OB Dopa-Gaba_1														
http://purl.obolibrary.org/obo/PCL_0112963	CS20230722_CLUS_0583	0583 OB Dopa-Gaba_1														
http://purl.obolibrary.org/obo/PCL_0112964	CS20230722_CLUS_0584	0584 OB Dopa-Gaba_1														
http://purl.obolibrary.org/obo/PCL_0112965	CS20230722_CLUS_0585	0585 OB Dopa-Gaba_1														
http://purl.obolibrary.org/obo/PCL_0112966	CS20230722_CLUS_0586	0586 OB Dopa-Gaba_1														
http://purl.obolibrary.org/obo/PCL_0112967	CS20230722_CLUS_0587	0587 OB Dopa-Gaba_1														
http://purl.obolibrary.org/obo/PCL_0112968	CS20230722_CLUS_0588	0588 OB Dopa-Gaba_1														
http://purl.obolibrary.org/obo/PCL_0112969	CS20230722_CLUS_0589	0589 OB Dopa-Gaba_1														
http://purl.obolibrary.org/obo/PCL_0112973	CS20230722_CLUS_0593	0593 OB-STR-CTX Inh IMN_1														
http://purl.obolibrary.org/obo/PCL_0112974	CS20230722_CLUS_0594	0594 OB-STR-CTX Inh IMN_1														
http://purl.obolibrary.org/obo/PCL_0112975	CS20230722_CLUS_0595	0595 OB-STR-CTX Inh IMN_1														
http://purl.obolibrary.org/obo/PCL_0112976	CS20230722_CLUS_0596	0596 OB-STR-CTX Inh IMN_1														
http://purl.obolibrary.org/obo/PCL_0112977	CS20230722_CLUS_0597	0597 OB-STR-CTX Inh IMN_1														
http://purl.obolibrary.org/obo/PCL_0112978	CS20230722_CLUS_0598	0598 OB-STR-CTX Inh IMN_1														
http://purl.obolibrary.org/obo/PCL_0112979	CS20230722_CLUS_0599	0599 OB-STR-CTX Inh IMN_1														
http://purl.obolibrary.org/obo/PCL_0112980	CS20230722_CLUS_0600	0600 OB-STR-CTX Inh IMN_1														
http://purl.obolibrary.org/obo/PCL_0112981	CS20230722_CLUS_0601	0601 OB-STR-CTX Inh IMN_2														
http://purl.obolibrary.org/obo/PCL_0112982	CS20230722_CLUS_0602	0602 OB-STR-CTX Inh IMN_2														
http://purl.obolibrary.org/obo/PCL_0112983	CS20230722_CLUS_0603	0603 OB-STR-CTX Inh IMN_2														
http://purl.obolibrary.org/obo/PCL_0112984	CS20230722_CLUS_0604	0604 OB-STR-CTX Inh IMN_2														
http://purl.obolibrary.org/obo/PCL_0112985	CS20230722_CLUS_0605	0605 OB-STR-CTX Inh IMN_2														
http://purl.obolibrary.org/obo/PCL_0112986	CS20230722_CLUS_0606	0606 OB-STR-CTX Inh IMN_2														
http://purl.obolibrary.org/obo/PCL_0112987	CS20230722_CLUS_0607	0607 OB-STR-CTX Inh IMN_2														
http://purl.obolibrary.org/obo/PCL_0112988	CS20230722_CLUS_0608	0608 OB-STR-CTX Inh IMN_3														
http://purl.obolibrary.org/obo/PCL_0112989	CS20230722_CLUS_0609	0609 OB-STR-CTX Inh IMN_3														
http://purl.obolibrary.org/obo/PCL_0112990	CS20230722_CLUS_0610	0610 OB-STR-CTX Inh IMN_3														
http://purl.obolibrary.org/obo/PCL_0112991	CS20230722_CLUS_0611	0611 OB-STR-CTX Inh IMN_4														
http://purl.obolibrary.org/obo/PCL_0112992	CS20230722_CLUS_0612	0612 OB-STR-CTX Inh IMN_4														
http://purl.obolibrary.org/obo/PCL_0112993	CS20230722_CLUS_0613	0613 OB-STR-CTX Inh IMN_4														
http://purl.obolibrary.org/obo/PCL_0112994	CS20230722_CLUS_0614	0614 OB-STR-CTX Inh IMN_4														
http://purl.obolibrary.org/obo/PCL_0112995	CS20230722_CLUS_0615	0615 OB-STR-CTX Inh IMN_4														
http://purl.obolibrary.org/obo/PCL_0112996	CS20230722_CLUS_0616	0616 OB-STR-CTX Inh IMN_5														
http://purl.obolibrary.org/obo/PCL_0112997	CS20230722_CLUS_0617	0617 OB-STR-CTX Inh IMN_5														
http://purl.obolibrary.org/obo/PCL_0112998	CS20230722_CLUS_0618	0618 OB-STR-CTX Inh IMN_5														
http://purl.obolibrary.org/obo/PCL_0112999	CS20230722_CLUS_0619	0619 OB-STR-CTX Inh IMN_5														
http://purl.obolibrary.org/obo/PCL_0113000	CS20230722_CLUS_0620	0620 OB-STR-CTX Inh IMN_5														
http://purl.obolibrary.org/obo/PCL_0113003	CS20230722_CLUS_0623	0623 Vip Gaba_1														
http://purl.obolibrary.org/obo/PCL_0113004	CS20230722_CLUS_0624	0624 Vip Gaba_1														
http://purl.obolibrary.org/obo/PCL_0113005	CS20230722_CLUS_0625	0625 Vip Gaba_1														
http://purl.obolibrary.org/obo/PCL_0113006	CS20230722_CLUS_0626	0626 Vip Gaba_1														
http://purl.obolibrary.org/obo/PCL_0113007	CS20230722_CLUS_0627	0627 Vip Gaba_2														
http://purl.obolibrary.org/obo/PCL_0113008	CS20230722_CLUS_0628	0628 Vip Gaba_2														
http://purl.obolibrary.org/obo/PCL_0113009	CS20230722_CLUS_0629	0629 Vip Gaba_2														
http://purl.obolibrary.org/obo/PCL_0113010	CS20230722_CLUS_0630	0630 Vip Gaba_2														
http://purl.obolibrary.org/obo/PCL_0113011	CS20230722_CLUS_0631	0631 Vip Gaba_2														
http://purl.obolibrary.org/obo/PCL_0113012	CS20230722_CLUS_0632	0632 Vip Gaba_3														
http://purl.obolibrary.org/obo/PCL_0113013	CS20230722_CLUS_0633	0633 Vip Gaba_3														
http://purl.obolibrary.org/obo/PCL_0113014	CS20230722_CLUS_0634	0634 Vip Gaba_3														
http://purl.obolibrary.org/obo/PCL_0113015	CS20230722_CLUS_0635	0635 Vip Gaba_3														
http://purl.obolibrary.org/obo/PCL_0113016	CS20230722_CLUS_0636	0636 Vip Gaba_4														
http://purl.obolibrary.org/obo/PCL_0113017	CS20230722_CLUS_0637	0637 Vip Gaba_4														
http://purl.obolibrary.org/obo/PCL_0113018	CS20230722_CLUS_0638	0638 Vip Gaba_4														
http://purl.obolibrary.org/obo/PCL_0113019	CS20230722_CLUS_0639	0639 Vip Gaba_4														
http://purl.obolibrary.org/obo/PCL_0113020	CS20230722_CLUS_0640	0640 Vip Gaba_5														
http://purl.obolibrary.org/obo/PCL_0113021	CS20230722_CLUS_0641	0641 Vip Gaba_5														
http://purl.obolibrary.org/obo/PCL_0113022	CS20230722_CLUS_0642	0642 Vip Gaba_5														
http://purl.obolibrary.org/obo/PCL_0113023	CS20230722_CLUS_0643	0643 Vip Gaba_5														
http://purl.obolibrary.org/obo/PCL_0113024	CS20230722_CLUS_0644	0644 Vip Gaba_5														
http://purl.obolibrary.org/obo/PCL_0113025	CS20230722_CLUS_0645	0645 Vip Gaba_6														
http://purl.obolibrary.org/obo/PCL_0113026	CS20230722_CLUS_0646	0646 Vip Gaba_6														
http://purl.obolibrary.org/obo/PCL_0113027	CS20230722_CLUS_0647	0647 Vip Gaba_6														
http://purl.obolibrary.org/obo/PCL_0113028	CS20230722_CLUS_0648	0648 Vip Gaba_6														
http://purl.obolibrary.org/obo/PCL_0113029	CS20230722_CLUS_0649	0649 Vip Gaba_7														
http://purl.obolibrary.org/obo/PCL_0113030	CS20230722_CLUS_0650	0650 Vip Gaba_7														
http://purl.obolibrary.org/obo/PCL_0113031	CS20230722_CLUS_0651	0651 Vip Gaba_7														
http://purl.obolibrary.org/obo/PCL_0113032	CS20230722_CLUS_0652	0652 Vip Gaba_8														
http://purl.obolibrary.org/obo/PCL_0113033	CS20230722_CLUS_0653	0653 Vip Gaba_8														
http://purl.obolibrary.org/obo/PCL_0113034	CS20230722_CLUS_0654	0654 Vip Gaba_9														
http://purl.obolibrary.org/obo/PCL_0113035	CS20230722_CLUS_0655	0655 Vip Gaba_9														
http://purl.obolibrary.org/obo/PCL_0113036	CS20230722_CLUS_0656	0656 Vip Gaba_9														
http://purl.obolibrary.org/obo/PCL_0113037	CS20230722_CLUS_0657	0657 Vip Gaba_9														
http://purl.obolibrary.org/obo/PCL_0113038	CS20230722_CLUS_0658	0658 Vip Gaba_10														
http://purl.obolibrary.org/obo/PCL_0113039	CS20230722_CLUS_0659	0659 Vip Gaba_10														
http://purl.obolibrary.org/obo/PCL_0113040	CS20230722_CLUS_0660	0660 Vip Gaba_11														
http://purl.obolibrary.org/obo/PCL_0113041	CS20230722_CLUS_0661	0661 Vip Gaba_11														
http://purl.obolibrary.org/obo/PCL_0113042	CS20230722_CLUS_0662	0662 Vip Gaba_12														
http://purl.obolibrary.org/obo/PCL_0113043	CS20230722_CLUS_0663	0663 Vip Gaba_12														
http://purl.obolibrary.org/obo/PCL_0113044	CS20230722_CLUS_0664	0664 Sncg Gaba_1														
http://purl.obolibrary.org/obo/PCL_0113045	CS20230722_CLUS_0665	0665 Sncg Gaba_1														
http://purl.obolibrary.org/obo/PCL_0113046	CS20230722_CLUS_0666	0666 Sncg Gaba_1														
http://purl.obolibrary.org/obo/PCL_0113047	CS20230722_CLUS_0667	0667 Sncg Gaba_1														
http://purl.obolibrary.org/obo/PCL_0113048	CS20230722_CLUS_0668	0668 Sncg Gaba_1														
http://purl.obolibrary.org/obo/PCL_0113049	CS20230722_CLUS_0669	0669 Sncg Gaba_2														
http://purl.obolibrary.org/obo/PCL_0113050	CS20230722_CLUS_0670	0670 Sncg Gaba_2														
http://purl.obolibrary.org/obo/PCL_0113051	CS20230722_CLUS_0671	0671 Sncg Gaba_2														
http://purl.obolibrary.org/obo/PCL_0113052	CS20230722_CLUS_0672	0672 Sncg Gaba_3														
http://purl.obolibrary.org/obo/PCL_0113053	CS20230722_CLUS_0673	0673 Sncg Gaba_3														
http://purl.obolibrary.org/obo/PCL_0113054	CS20230722_CLUS_0674	0674 Sncg Gaba_3														
http://purl.obolibrary.org/obo/PCL_0113055	CS20230722_CLUS_0675	0675 Sncg Gaba_3														
http://purl.obolibrary.org/obo/PCL_0113056	CS20230722_CLUS_0676	0676 Sncg Gaba_3														
http://purl.obolibrary.org/obo/PCL_0113057	CS20230722_CLUS_0677	0677 Sncg Gaba_3														
http://purl.obolibrary.org/obo/PCL_0113059	CS20230722_CLUS_0679	0679 Sncg Gaba_5														
http://purl.obolibrary.org/obo/PCL_0113060	CS20230722_CLUS_0680	0680 Sncg Gaba_5														
http://purl.obolibrary.org/obo/PCL_0113061	CS20230722_CLUS_0681	0681 Sncg Gaba_5														
http://purl.obolibrary.org/obo/PCL_0113064	CS20230722_CLUS_0684	0684 Sncg Gaba_8														
http://purl.obolibrary.org/obo/PCL_0113065	CS20230722_CLUS_0685	0685 Sncg Gaba_8														
http://purl.obolibrary.org/obo/PCL_0113066	CS20230722_CLUS_0686	0686 RHP-COA Ndnf Gaba_1														
http://purl.obolibrary.org/obo/PCL_0113067	CS20230722_CLUS_0687	0687 RHP-COA Ndnf Gaba_1														
http://purl.obolibrary.org/obo/PCL_0113068	CS20230722_CLUS_0688	0688 RHP-COA Ndnf Gaba_1														
http://purl.obolibrary.org/obo/PCL_0113069	CS20230722_CLUS_0689	0689 RHP-COA Ndnf Gaba_1														
http://purl.obolibrary.org/obo/PCL_0113070	CS20230722_CLUS_0690	0690 RHP-COA Ndnf Gaba_2														
http://purl.obolibrary.org/obo/PCL_0113071	CS20230722_CLUS_0691	0691 RHP-COA Ndnf Gaba_2														
http://purl.obolibrary.org/obo/PCL_0113072	CS20230722_CLUS_0692	0692 RHP-COA Ndnf Gaba_2														
http://purl.obolibrary.org/obo/PCL_0113073	CS20230722_CLUS_0693	0693 RHP-COA Ndnf Gaba_3														
http://purl.obolibrary.org/obo/PCL_0113074	CS20230722_CLUS_0694	0694 RHP-COA Ndnf Gaba_3														
http://purl.obolibrary.org/obo/PCL_0113075	CS20230722_CLUS_0695	0695 RHP-COA Ndnf Gaba_3														
http://purl.obolibrary.org/obo/PCL_0113076	CS20230722_CLUS_0696	0696 RHP-COA Ndnf Gaba_3														
http://purl.obolibrary.org/obo/PCL_0113077	CS20230722_CLUS_0697	0697 RHP-COA Ndnf Gaba_4														
http://purl.obolibrary.org/obo/PCL_0113078	CS20230722_CLUS_0698	0698 RHP-COA Ndnf Gaba_4														
http://purl.obolibrary.org/obo/PCL_0113079	CS20230722_CLUS_0699	0699 RHP-COA Ndnf Gaba_5														
http://purl.obolibrary.org/obo/PCL_0113080	CS20230722_CLUS_0700	0700 RHP-COA Ndnf Gaba_5														
http://purl.obolibrary.org/obo/PCL_0113081	CS20230722_CLUS_0701	0701 RHP-COA Ndnf Gaba_5														
http://purl.obolibrary.org/obo/PCL_0113082	CS20230722_CLUS_0702	0702 RHP-COA Ndnf Gaba_5														
http://purl.obolibrary.org/obo/PCL_0113083	CS20230722_CLUS_0703	0703 RHP-COA Ndnf Gaba_5														
http://purl.obolibrary.org/obo/PCL_0113084	CS20230722_CLUS_0704	0704 RHP-COA Ndnf Gaba_6														
http://purl.obolibrary.org/obo/PCL_0113085	CS20230722_CLUS_0705	0705 RHP-COA Ndnf Gaba_6														
http://purl.obolibrary.org/obo/PCL_0113086	CS20230722_CLUS_0706	0706 Lamp5 Gaba_1														
http://purl.obolibrary.org/obo/PCL_0113087	CS20230722_CLUS_0707	0707 Lamp5 Gaba_1														
http://purl.obolibrary.org/obo/PCL_0113088	CS20230722_CLUS_0708	0708 Lamp5 Gaba_1														
http://purl.obolibrary.org/obo/PCL_0113089	CS20230722_CLUS_0709	0709 Lamp5 Gaba_1														
http://purl.obolibrary.org/obo/PCL_0113090	CS20230722_CLUS_0710	0710 Lamp5 Gaba_1														
http://purl.obolibrary.org/obo/PCL_0113091	CS20230722_CLUS_0711	0711 Lamp5 Gaba_1														
http://purl.obolibrary.org/obo/PCL_0113092	CS20230722_CLUS_0712	0712 Lamp5 Gaba_1														
http://purl.obolibrary.org/obo/PCL_0113093	CS20230722_CLUS_0713	0713 Lamp5 Gaba_1														
http://purl.obolibrary.org/obo/PCL_0113094	CS20230722_CLUS_0714	0714 Lamp5 Gaba_2														
http://purl.obolibrary.org/obo/PCL_0113095	CS20230722_CLUS_0715	0715 Lamp5 Gaba_2														
http://purl.obolibrary.org/obo/PCL_0113096	CS20230722_CLUS_0716	0716 Lamp5 Gaba_2														
http://purl.obolibrary.org/obo/PCL_0113097	CS20230722_CLUS_0717	0717 Lamp5 Gaba_2														
http://purl.obolibrary.org/obo/PCL_0113098	CS20230722_CLUS_0718	0718 Lamp5 Gaba_2														
http://purl.obolibrary.org/obo/PCL_0113099	CS20230722_CLUS_0719	0719 Lamp5 Gaba_3														
http://purl.obolibrary.org/obo/PCL_0113100	CS20230722_CLUS_0720	0720 Lamp5 Gaba_3														
http://purl.obolibrary.org/obo/PCL_0113101	CS20230722_CLUS_0721	0721 Lamp5 Gaba_3														
http://purl.obolibrary.org/obo/PCL_0113102	CS20230722_CLUS_0722	0722 Lamp5 Gaba_4														
http://purl.obolibrary.org/obo/PCL_0113103	CS20230722_CLUS_0723	0723 Lamp5 Gaba_4														
http://purl.obolibrary.org/obo/PCL_0113104	CS20230722_CLUS_0724	0724 Lamp5 Lhx6 Gaba_1														
http://purl.obolibrary.org/obo/PCL_0113105	CS20230722_CLUS_0725	0725 Lamp5 Lhx6 Gaba_1														
http://purl.obolibrary.org/obo/PCL_0113106	CS20230722_CLUS_0726	0726 Lamp5 Lhx6 Gaba_1														
http://purl.obolibrary.org/obo/PCL_0113107	CS20230722_CLUS_0727	0727 Lamp5 Lhx6 Gaba_1														
http://purl.obolibrary.org/obo/PCL_0113108	CS20230722_CLUS_0728	0728 Lamp5 Lhx6 Gaba_1														
http://purl.obolibrary.org/obo/PCL_0113109	CS20230722_CLUS_0729	0729 Lamp5 Lhx6 Gaba_1														
http://purl.obolibrary.org/obo/PCL_0113110	CS20230722_CLUS_0730	0730 Lamp5 Lhx6 Gaba_1														
http://purl.obolibrary.org/obo/PCL_0113111	CS20230722_CLUS_0731	0731 Lamp5 Lhx6 Gaba_1														
http://purl.obolibrary.org/obo/PCL_0113112	CS20230722_CLUS_0732	0732 Pvalb chandelier Gaba_1														
http://purl.obolibrary.org/obo/PCL_0113113	CS20230722_CLUS_0733	0733 Pvalb chandelier Gaba_1														
http://purl.obolibrary.org/obo/PCL_0113114	CS20230722_CLUS_0734	0734 Pvalb Gaba_1														
http://purl.obolibrary.org/obo/PCL_0113115	CS20230722_CLUS_0735	0735 Pvalb Gaba_1														
http://purl.obolibrary.org/obo/PCL_0113116	CS20230722_CLUS_0736	0736 Pvalb Gaba_1														
http://purl.obolibrary.org/obo/PCL_0113117	CS20230722_CLUS_0737	0737 Pvalb Gaba_2														
http://purl.obolibrary.org/obo/PCL_0113118	CS20230722_CLUS_0738	0738 Pvalb Gaba_2														
http://purl.obolibrary.org/obo/PCL_0113119	CS20230722_CLUS_0739	0739 Pvalb Gaba_2														
http://purl.obolibrary.org/obo/PCL_0113120	CS20230722_CLUS_0740	0740 Pvalb Gaba_3														
http://purl.obolibrary.org/obo/PCL_0113121	CS20230722_CLUS_0741	0741 Pvalb Gaba_3														
http://purl.obolibrary.org/obo/PCL_0113122	CS20230722_CLUS_0742	0742 Pvalb Gaba_3														
http://purl.obolibrary.org/obo/PCL_0113123	CS20230722_CLUS_0743	0743 Pvalb Gaba_4														
http://purl.obolibrary.org/obo/PCL_0113124	CS20230722_CLUS_0744	0744 Pvalb Gaba_4														
http://purl.obolibrary.org/obo/PCL_0113125	CS20230722_CLUS_0745	0745 Pvalb Gaba_4														
http://purl.obolibrary.org/obo/PCL_0113126	CS20230722_CLUS_0746	0746 Pvalb Gaba_4														
http://purl.obolibrary.org/obo/PCL_0113127	CS20230722_CLUS_0747	0747 Pvalb Gaba_4														
http://purl.obolibrary.org/obo/PCL_0113128	CS20230722_CLUS_0748	0748 Pvalb Gaba_5														
http://purl.obolibrary.org/obo/PCL_0113129	CS20230722_CLUS_0749	0749 Pvalb Gaba_5														
http://purl.obolibrary.org/obo/PCL_0113130	CS20230722_CLUS_0750	0750 Pvalb Gaba_5														
http://purl.obolibrary.org/obo/PCL_0113131	CS20230722_CLUS_0751	0751 Pvalb Gaba_6														
http://purl.obolibrary.org/obo/PCL_0113132	CS20230722_CLUS_0752	0752 Pvalb Gaba_6														
http://purl.obolibrary.org/obo/PCL_0113136	CS20230722_CLUS_0756	0756 Sst Gaba_1														
http://purl.obolibrary.org/obo/PCL_0113137	CS20230722_CLUS_0757	0757 Sst Gaba_1														
http://purl.obolibrary.org/obo/PCL_0113138	CS20230722_CLUS_0758	0758 Sst Gaba_1														
http://purl.obolibrary.org/obo/PCL_0113139	CS20230722_CLUS_0759	0759 Sst Gaba_1														
http://purl.obolibrary.org/obo/PCL_0113140	CS20230722_CLUS_0760	0760 Sst Gaba_1														
http://purl.obolibrary.org/obo/PCL_0113141	CS20230722_CLUS_0761	0761 Sst Gaba_1														
http://purl.obolibrary.org/obo/PCL_0113142	CS20230722_CLUS_0762	0762 Sst Gaba_2														
http://purl.obolibrary.org/obo/PCL_0113143	CS20230722_CLUS_0763	0763 Sst Gaba_2														
http://purl.obolibrary.org/obo/PCL_0113144	CS20230722_CLUS_0764	0764 Sst Gaba_2														
http://purl.obolibrary.org/obo/PCL_0113145	CS20230722_CLUS_0765	0765 Sst Gaba_2														
http://purl.obolibrary.org/obo/PCL_0113146	CS20230722_CLUS_0766	0766 Sst Gaba_2														
http://purl.obolibrary.org/obo/PCL_0113147	CS20230722_CLUS_0767	0767 Sst Gaba_3														
http://purl.obolibrary.org/obo/PCL_0113148	CS20230722_CLUS_0768	0768 Sst Gaba_3														
http://purl.obolibrary.org/obo/PCL_0113149	CS20230722_CLUS_0769	0769 Sst Gaba_3														
http://purl.obolibrary.org/obo/PCL_0113150	CS20230722_CLUS_0770	0770 Sst Gaba_3														
http://purl.obolibrary.org/obo/PCL_0113151	CS20230722_CLUS_0771	0771 Sst Gaba_3														
http://purl.obolibrary.org/obo/PCL_0113152	CS20230722_CLUS_0772	0772 Sst Gaba_3														
http://purl.obolibrary.org/obo/PCL_0113153	CS20230722_CLUS_0773	0773 Sst Gaba_3														
http://purl.obolibrary.org/obo/PCL_0113154	CS20230722_CLUS_0774	0774 Sst Gaba_3														
http://purl.obolibrary.org/obo/PCL_0113155	CS20230722_CLUS_0775	0775 Sst Gaba_3														
http://purl.obolibrary.org/obo/PCL_0113156	CS20230722_CLUS_0776	0776 Sst Gaba_4														
http://purl.obolibrary.org/obo/PCL_0113157	CS20230722_CLUS_0777	0777 Sst Gaba_4														
http://purl.obolibrary.org/obo/PCL_0113158	CS20230722_CLUS_0778	0778 Sst Gaba_4														
http://purl.obolibrary.org/obo/PCL_0113159	CS20230722_CLUS_0779	0779 Sst Gaba_4														
http://purl.obolibrary.org/obo/PCL_0113160	CS20230722_CLUS_0780	0780 Sst Gaba_4														
http://purl.obolibrary.org/obo/PCL_0113161	CS20230722_CLUS_0781	0781 Sst Gaba_5														
http://purl.obolibrary.org/obo/PCL_0113162	CS20230722_CLUS_0782	0782 Sst Gaba_5														
http://purl.obolibrary.org/obo/PCL_0113163	CS20230722_CLUS_0783	0783 Sst Gaba_5														
http://purl.obolibrary.org/obo/PCL_0113164	CS20230722_CLUS_0784	0784 Sst Gaba_5														
http://purl.obolibrary.org/obo/PCL_0113165	CS20230722_CLUS_0785	0785 Sst Gaba_6														
http://purl.obolibrary.org/obo/PCL_0113166	CS20230722_CLUS_0786	0786 Sst Gaba_6														
http://purl.obolibrary.org/obo/PCL_0113167	CS20230722_CLUS_0787	0787 Sst Gaba_6														
http://purl.obolibrary.org/obo/PCL_0113168	CS20230722_CLUS_0788	0788 Sst Gaba_6														
http://purl.obolibrary.org/obo/PCL_0113169	CS20230722_CLUS_0789	0789 Sst Gaba_6														
http://purl.obolibrary.org/obo/PCL_0113170	CS20230722_CLUS_0790	0790 Sst Gaba_6														
http://purl.obolibrary.org/obo/PCL_0113171	CS20230722_CLUS_0791	0791 Sst Gaba_6														
http://purl.obolibrary.org/obo/PCL_0113172	CS20230722_CLUS_0792	0792 Sst Gaba_7														
http://purl.obolibrary.org/obo/PCL_0113173	CS20230722_CLUS_0793	0793 Sst Gaba_7														
http://purl.obolibrary.org/obo/PCL_0113174	CS20230722_CLUS_0794	0794 Sst Gaba_7														
http://purl.obolibrary.org/obo/PCL_0113175	CS20230722_CLUS_0795	0795 Sst Gaba_8														
http://purl.obolibrary.org/obo/PCL_0113176	CS20230722_CLUS_0796	0796 Sst Gaba_8														
http://purl.obolibrary.org/obo/PCL_0113177	CS20230722_CLUS_0797	0797 Sst Gaba_8														
http://purl.obolibrary.org/obo/PCL_0113178	CS20230722_CLUS_0798	0798 Sst Gaba_9														
http://purl.obolibrary.org/obo/PCL_0113179	CS20230722_CLUS_0799	0799 Sst Gaba_9														
http://purl.obolibrary.org/obo/PCL_0113180	CS20230722_CLUS_0800	0800 Sst Gaba_9														
http://purl.obolibrary.org/obo/PCL_0113181	CS20230722_CLUS_0801	0801 Sst Gaba_9														
http://purl.obolibrary.org/obo/PCL_0113182	CS20230722_CLUS_0802	0802 Sst Gaba_10														
http://purl.obolibrary.org/obo/PCL_0113183	CS20230722_CLUS_0803	0803 Sst Gaba_10														
http://purl.obolibrary.org/obo/PCL_0113184	CS20230722_CLUS_0804	0804 Sst Gaba_10														
http://purl.obolibrary.org/obo/PCL_0113185	CS20230722_CLUS_0805	0805 Sst Gaba_11														
http://purl.obolibrary.org/obo/PCL_0113186	CS20230722_CLUS_0806	0806 Sst Gaba_11														
http://purl.obolibrary.org/obo/PCL_0113187	CS20230722_CLUS_0807	0807 Sst Gaba_12														
http://purl.obolibrary.org/obo/PCL_0113188	CS20230722_CLUS_0808	0808 Sst Gaba_12														
http://purl.obolibrary.org/obo/PCL_0113189	CS20230722_CLUS_0809	0809 Sst Gaba_12														
http://purl.obolibrary.org/obo/PCL_0113190	CS20230722_CLUS_0810	0810 Sst Gaba_13														
http://purl.obolibrary.org/obo/PCL_0113191	CS20230722_CLUS_0811	0811 Sst Gaba_13														
http://purl.obolibrary.org/obo/PCL_0113192	CS20230722_CLUS_0812	0812 Sst Gaba_14														
http://purl.obolibrary.org/obo/PCL_0113193	CS20230722_CLUS_0813	0813 Sst Gaba_14														
http://purl.obolibrary.org/obo/PCL_0113194	CS20230722_CLUS_0814	0814 Sst Gaba_14														
http://purl.obolibrary.org/obo/PCL_0113195	CS20230722_CLUS_0815	0815 Sst Gaba_15														
http://purl.obolibrary.org/obo/PCL_0113196	CS20230722_CLUS_0816	0816 Sst Gaba_15														
http://purl.obolibrary.org/obo/PCL_0113197	CS20230722_CLUS_0817	0817 Sst Gaba_15														
http://purl.obolibrary.org/obo/PCL_0113198	CS20230722_CLUS_0818	0818 Sst Gaba_16														
http://purl.obolibrary.org/obo/PCL_0113199	CS20230722_CLUS_0819	0819 Sst Gaba_16														
http://purl.obolibrary.org/obo/PCL_0113200	CS20230722_CLUS_0820	0820 Sst Gaba_16														
http://purl.obolibrary.org/obo/PCL_0113201	CS20230722_CLUS_0821	0821 Sst Gaba_16														
http://purl.obolibrary.org/obo/PCL_0113202	CS20230722_CLUS_0822	0822 Sst Gaba_17														
http://purl.obolibrary.org/obo/PCL_0113203	CS20230722_CLUS_0823	0823 Sst Gaba_17														
http://purl.obolibrary.org/obo/PCL_0113204	CS20230722_CLUS_0824	0824 Sst Gaba_17														
http://purl.obolibrary.org/obo/PCL_0113205	CS20230722_CLUS_0825	0825 Sst Gaba_18														
http://purl.obolibrary.org/obo/PCL_0113206	CS20230722_CLUS_0826	0826 Sst Gaba_18														
http://purl.obolibrary.org/obo/PCL_0113207	CS20230722_CLUS_0827	0827 Sst Gaba_19														
http://purl.obolibrary.org/obo/PCL_0113208	CS20230722_CLUS_0828	0828 Sst Gaba_19														
http://purl.obolibrary.org/obo/PCL_0113209	CS20230722_CLUS_0829	0829 STR Prox1 Lhx6 Gaba_1														
http://purl.obolibrary.org/obo/PCL_0113210	CS20230722_CLUS_0830	0830 STR Prox1 Lhx6 Gaba_1														
http://purl.obolibrary.org/obo/PCL_0113211	CS20230722_CLUS_0831	0831 STR Prox1 Lhx6 Gaba_1														
http://purl.obolibrary.org/obo/PCL_0113212	CS20230722_CLUS_0832	0832 STR Prox1 Lhx6 Gaba_1														
http://purl.obolibrary.org/obo/PCL_0113213	CS20230722_CLUS_0833	0833 STR Prox1 Lhx6 Gaba_2														
http://purl.obolibrary.org/obo/PCL_0113214	CS20230722_CLUS_0834	0834 STR Prox1 Lhx6 Gaba_2														
http://purl.obolibrary.org/obo/PCL_0113215	CS20230722_CLUS_0835	0835 STR Prox1 Lhx6 Gaba_2														
http://purl.obolibrary.org/obo/PCL_0113216	CS20230722_CLUS_0836	0836 STR Prox1 Lhx6 Gaba_2														
http://purl.obolibrary.org/obo/PCL_0113217	CS20230722_CLUS_0837	0837 STR Prox1 Lhx6 Gaba_3														
http://purl.obolibrary.org/obo/PCL_0113218	CS20230722_CLUS_0838	0838 STR Prox1 Lhx6 Gaba_3														
http://purl.obolibrary.org/obo/PCL_0113219	CS20230722_CLUS_0839	0839 STR Lhx8 Gaba_1														
http://purl.obolibrary.org/obo/PCL_0113220	CS20230722_CLUS_0840	0840 STR Lhx8 Gaba_1														
http://purl.obolibrary.org/obo/PCL_0113221	CS20230722_CLUS_0841	0841 STR Lhx8 Gaba_1														
http://purl.obolibrary.org/obo/PCL_0113222	CS20230722_CLUS_0842	0842 STR Lhx8 Gaba_1														
http://purl.obolibrary.org/obo/PCL_0113223	CS20230722_CLUS_0843	0843 STR Lhx8 Gaba_2														
http://purl.obolibrary.org/obo/PCL_0113224	CS20230722_CLUS_0844	0844 STR Lhx8 Gaba_2														
http://purl.obolibrary.org/obo/PCL_0113225	CS20230722_CLUS_0845	0845 Sst Chodl Gaba_1														
http://purl.obolibrary.org/obo/PCL_0113226	CS20230722_CLUS_0846	0846 Sst Chodl Gaba_1														
http://purl.obolibrary.org/obo/PCL_0113227	CS20230722_CLUS_0847	0847 Sst Chodl Gaba_1														
http://purl.obolibrary.org/obo/PCL_0113228	CS20230722_CLUS_0848	0848 Sst Chodl Gaba_1														
http://purl.obolibrary.org/obo/PCL_0113229	CS20230722_CLUS_0849	0849 Sst Chodl Gaba_2														
http://purl.obolibrary.org/obo/PCL_0113230	CS20230722_CLUS_0850	0850 Sst Chodl Gaba_2														
http://purl.obolibrary.org/obo/PCL_0113231	CS20230722_CLUS_0851	0851 Sst Chodl Gaba_2														
http://purl.obolibrary.org/obo/PCL_0113232	CS20230722_CLUS_0852	0852 Sst Chodl Gaba_2														
http://purl.obolibrary.org/obo/PCL_0113233	CS20230722_CLUS_0853	0853 Sst Chodl Gaba_2														
http://purl.obolibrary.org/obo/PCL_0113234	CS20230722_CLUS_0854	0854 Sst Chodl Gaba_2														
http://purl.obolibrary.org/obo/PCL_0113235	CS20230722_CLUS_0855	0855 Sst Chodl Gaba_3														
http://purl.obolibrary.org/obo/PCL_0113236	CS20230722_CLUS_0856	0856 Sst Chodl Gaba_3														
http://purl.obolibrary.org/obo/PCL_0113237	CS20230722_CLUS_0857	0857 Sst Chodl Gaba_3														
http://purl.obolibrary.org/obo/PCL_0113238	CS20230722_CLUS_0858	0858 Sst Chodl Gaba_4														
http://purl.obolibrary.org/obo/PCL_0113239	CS20230722_CLUS_0859	0859 Sst Chodl Gaba_4														
http://purl.obolibrary.org/obo/PCL_0113240	CS20230722_CLUS_0860	0860 Sst Chodl Gaba_5														
http://purl.obolibrary.org/obo/PCL_0113241	CS20230722_CLUS_0861	0861 Sst Chodl Gaba_5														
http://purl.obolibrary.org/obo/PCL_0113243	CS20230722_CLUS_0863	0863 NDB-SI-MA-STRv Lhx8 Gaba_1														
http://purl.obolibrary.org/obo/PCL_0113244	CS20230722_CLUS_0864	0864 NDB-SI-MA-STRv Lhx8 Gaba_1														
http://purl.obolibrary.org/obo/PCL_0113245	CS20230722_CLUS_0865	0865 NDB-SI-MA-STRv Lhx8 Gaba_1														
http://purl.obolibrary.org/obo/PCL_0113246	CS20230722_CLUS_0866	0866 NDB-SI-MA-STRv Lhx8 Gaba_1														
http://purl.obolibrary.org/obo/PCL_0113247	CS20230722_CLUS_0867	0867 NDB-SI-MA-STRv Lhx8 Gaba_1														
http://purl.obolibrary.org/obo/PCL_0113248	CS20230722_CLUS_0868	0868 NDB-SI-MA-STRv Lhx8 Gaba_1														
http://purl.obolibrary.org/obo/PCL_0113249	CS20230722_CLUS_0869	0869 NDB-SI-MA-STRv Lhx8 Gaba_1														
http://purl.obolibrary.org/obo/PCL_0113250	CS20230722_CLUS_0870	0870 NDB-SI-MA-STRv Lhx8 Gaba_2														
http://purl.obolibrary.org/obo/PCL_0113251	CS20230722_CLUS_0871	0871 NDB-SI-MA-STRv Lhx8 Gaba_2														
http://purl.obolibrary.org/obo/PCL_0113252	CS20230722_CLUS_0872	0872 NDB-SI-MA-STRv Lhx8 Gaba_2														
http://purl.obolibrary.org/obo/PCL_0113253	CS20230722_CLUS_0873	0873 NDB-SI-MA-STRv Lhx8 Gaba_2														
http://purl.obolibrary.org/obo/PCL_0113254	CS20230722_CLUS_0874	0874 NDB-SI-MA-STRv Lhx8 Gaba_2														
http://purl.obolibrary.org/obo/PCL_0113255	CS20230722_CLUS_0875	0875 NDB-SI-MA-STRv Lhx8 Gaba_2														
http://purl.obolibrary.org/obo/PCL_0113256	CS20230722_CLUS_0876	0876 NDB-SI-MA-STRv Lhx8 Gaba_2														
http://purl.obolibrary.org/obo/PCL_0113257	CS20230722_CLUS_0877	0877 NDB-SI-MA-STRv Lhx8 Gaba_2														
http://purl.obolibrary.org/obo/PCL_0113258	CS20230722_CLUS_0878	0878 NDB-SI-MA-STRv Lhx8 Gaba_2														
http://purl.obolibrary.org/obo/PCL_0113259	CS20230722_CLUS_0879	0879 NDB-SI-MA-STRv Lhx8 Gaba_3														
http://purl.obolibrary.org/obo/PCL_0113260	CS20230722_CLUS_0880	0880 NDB-SI-MA-STRv Lhx8 Gaba_3														
http://purl.obolibrary.org/obo/PCL_0113261	CS20230722_CLUS_0881	0881 NDB-SI-MA-STRv Lhx8 Gaba_3														
http://purl.obolibrary.org/obo/PCL_0113262	CS20230722_CLUS_0882	0882 NDB-SI-MA-STRv Lhx8 Gaba_3														
http://purl.obolibrary.org/obo/PCL_0113263	CS20230722_CLUS_0883	0883 NDB-SI-MA-STRv Lhx8 Gaba_3														
http://purl.obolibrary.org/obo/PCL_0113264	CS20230722_CLUS_0884	0884 NDB-SI-MA-STRv Lhx8 Gaba_3														
http://purl.obolibrary.org/obo/PCL_0113265	CS20230722_CLUS_0885	0885 NDB-SI-MA-STRv Lhx8 Gaba_3														
http://purl.obolibrary.org/obo/PCL_0113266	CS20230722_CLUS_0886	0886 NDB-SI-MA-STRv Lhx8 Gaba_3														
http://purl.obolibrary.org/obo/PCL_0113267	CS20230722_CLUS_0887	0887 NDB-SI-MA-STRv Lhx8 Gaba_3														
http://purl.obolibrary.org/obo/PCL_0113268	CS20230722_CLUS_0888	0888 NDB-SI-MA-STRv Lhx8 Gaba_3														
http://purl.obolibrary.org/obo/PCL_0113269	CS20230722_CLUS_0889	0889 NDB-SI-MA-STRv Lhx8 Gaba_4														
http://purl.obolibrary.org/obo/PCL_0113270	CS20230722_CLUS_0890	0890 NDB-SI-MA-STRv Lhx8 Gaba_4														
http://purl.obolibrary.org/obo/PCL_0113271	CS20230722_CLUS_0891	0891 NDB-SI-MA-STRv Lhx8 Gaba_4														
http://purl.obolibrary.org/obo/PCL_0113272	CS20230722_CLUS_0892	0892 NDB-SI-MA-STRv Lhx8 Gaba_4														
http://purl.obolibrary.org/obo/PCL_0113273	CS20230722_CLUS_0893	0893 NDB-SI-MA-STRv Lhx8 Gaba_5														
http://purl.obolibrary.org/obo/PCL_0113274	CS20230722_CLUS_0894	0894 NDB-SI-MA-STRv Lhx8 Gaba_5														
http://purl.obolibrary.org/obo/PCL_0113275	CS20230722_CLUS_0895	0895 NDB-SI-MA-STRv Lhx8 Gaba_5														
http://purl.obolibrary.org/obo/PCL_0113276	CS20230722_CLUS_0896	0896 NDB-SI-MA-STRv Lhx8 Gaba_5														
http://purl.obolibrary.org/obo/PCL_0113277	CS20230722_CLUS_0897	0897 NDB-SI-MA-STRv Lhx8 Gaba_5														
http://purl.obolibrary.org/obo/PCL_0113278	CS20230722_CLUS_0898	0898 NDB-SI-MA-STRv Lhx8 Gaba_5														
http://purl.obolibrary.org/obo/PCL_0113279	CS20230722_CLUS_0899	0899 NDB-SI-MA-STRv Lhx8 Gaba_6														
http://purl.obolibrary.org/obo/PCL_0113280	CS20230722_CLUS_0900	0900 NDB-SI-MA-STRv Lhx8 Gaba_6														
http://purl.obolibrary.org/obo/PCL_0113281	CS20230722_CLUS_0901	0901 NDB-SI-MA-STRv Lhx8 Gaba_6														
http://purl.obolibrary.org/obo/PCL_0113282	CS20230722_CLUS_0902	0902 NDB-SI-MA-STRv Lhx8 Gaba_6														
http://purl.obolibrary.org/obo/PCL_0113283	CS20230722_CLUS_0903	0903 NDB-SI-MA-STRv Lhx8 Gaba_6														
http://purl.obolibrary.org/obo/PCL_0113284	CS20230722_CLUS_0904	0904 NDB-SI-MA-STRv Lhx8 Gaba_7														
http://purl.obolibrary.org/obo/PCL_0113285	CS20230722_CLUS_0905	0905 NDB-SI-MA-STRv Lhx8 Gaba_7														
http://purl.obolibrary.org/obo/PCL_0113286	CS20230722_CLUS_0906	0906 NDB-SI-MA-STRv Lhx8 Gaba_7														
http://purl.obolibrary.org/obo/PCL_0113287	CS20230722_CLUS_0907	0907 NDB-SI-MA-STRv Lhx8 Gaba_8														
http://purl.obolibrary.org/obo/PCL_0113288	CS20230722_CLUS_0908	0908 NDB-SI-MA-STRv Lhx8 Gaba_8														
http://purl.obolibrary.org/obo/PCL_0113289	CS20230722_CLUS_0909	0909 NDB-SI-MA-STRv Lhx8 Gaba_8														
http://purl.obolibrary.org/obo/PCL_0113290	CS20230722_CLUS_0910	0910 NDB-SI-MA-STRv Lhx8 Gaba_9														
http://purl.obolibrary.org/obo/PCL_0113291	CS20230722_CLUS_0911	0911 NDB-SI-MA-STRv Lhx8 Gaba_9														
http://purl.obolibrary.org/obo/PCL_0113292	CS20230722_CLUS_0912	0912 NDB-SI-MA-STRv Lhx8 Gaba_10														
http://purl.obolibrary.org/obo/PCL_0113293	CS20230722_CLUS_0913	0913 NDB-SI-MA-STRv Lhx8 Gaba_10														
http://purl.obolibrary.org/obo/PCL_0113294	CS20230722_CLUS_0914	0914 NDB-SI-MA-STRv Lhx8 Gaba_10														
http://purl.obolibrary.org/obo/PCL_0113299	CS20230722_CLUS_0919	0919 GPe-SI Sox6 Cyp26b1 Gaba_2														
http://purl.obolibrary.org/obo/PCL_0113300	CS20230722_CLUS_0920	0920 GPe-SI Sox6 Cyp26b1 Gaba_2														
http://purl.obolibrary.org/obo/PCL_0113301	CS20230722_CLUS_0921	0921 GPe-SI Sox6 Cyp26b1 Gaba_2														
http://purl.obolibrary.org/obo/PCL_0113302	CS20230722_CLUS_0922	0922 GPe-SI Sox6 Cyp26b1 Gaba_2														
http://purl.obolibrary.org/obo/PCL_0113303	CS20230722_CLUS_0923	0923 PAL-STR Gaba-Chol_1														
http://purl.obolibrary.org/obo/PCL_0113304	CS20230722_CLUS_0924	0924 PAL-STR Gaba-Chol_1														
http://purl.obolibrary.org/obo/PCL_0113305	CS20230722_CLUS_0925	0925 PAL-STR Gaba-Chol_1														
http://purl.obolibrary.org/obo/PCL_0113306	CS20230722_CLUS_0926	0926 PAL-STR Gaba-Chol_1														
http://purl.obolibrary.org/obo/PCL_0113307	CS20230722_CLUS_0927	0927 PAL-STR Gaba-Chol_1														
http://purl.obolibrary.org/obo/PCL_0113308	CS20230722_CLUS_0928	0928 PAL-STR Gaba-Chol_1														
http://purl.obolibrary.org/obo/PCL_0113309	CS20230722_CLUS_0929	0929 PAL-STR Gaba-Chol_2														
http://purl.obolibrary.org/obo/PCL_0113310	CS20230722_CLUS_0930	0930 PAL-STR Gaba-Chol_2														
http://purl.obolibrary.org/obo/PCL_0113311	CS20230722_CLUS_0931	0931 PAL-STR Gaba-Chol_2														
http://purl.obolibrary.org/obo/PCL_0113312	CS20230722_CLUS_0932	0932 PAL-STR Gaba-Chol_2														
http://purl.obolibrary.org/obo/PCL_0113313	CS20230722_CLUS_0933	0933 PAL-STR Gaba-Chol_2														
http://purl.obolibrary.org/obo/PCL_0113314	CS20230722_CLUS_0934	0934 PAL-STR Gaba-Chol_3														
http://purl.obolibrary.org/obo/PCL_0113315	CS20230722_CLUS_0935	0935 PAL-STR Gaba-Chol_3														
http://purl.obolibrary.org/obo/PCL_0113316	CS20230722_CLUS_0936	0936 PAL-STR Gaba-Chol_3														
http://purl.obolibrary.org/obo/PCL_0113317	CS20230722_CLUS_0937	0937 PAL-STR Gaba-Chol_3														
http://purl.obolibrary.org/obo/PCL_0113318	CS20230722_CLUS_0938	0938 PAL-STR Gaba-Chol_3														
http://purl.obolibrary.org/obo/PCL_0113321	CS20230722_CLUS_0941	0941 OT D3 Folh1 Gaba_3														
http://purl.obolibrary.org/obo/PCL_0113322	CS20230722_CLUS_0942	0942 OT D3 Folh1 Gaba_3														
http://purl.obolibrary.org/obo/PCL_0113323	CS20230722_CLUS_0943	0943 STR D1 Gaba_1														
http://purl.obolibrary.org/obo/PCL_0113324	CS20230722_CLUS_0944	0944 STR D1 Gaba_1														
http://purl.obolibrary.org/obo/PCL_0113325	CS20230722_CLUS_0945	0945 STR D1 Gaba_1														
http://purl.obolibrary.org/obo/PCL_0113326	CS20230722_CLUS_0946	0946 STR D1 Gaba_1														
http://purl.obolibrary.org/obo/PCL_0113327	CS20230722_CLUS_0947	0947 STR D1 Gaba_1														
http://purl.obolibrary.org/obo/PCL_0113328	CS20230722_CLUS_0948	0948 STR D1 Gaba_2														
http://purl.obolibrary.org/obo/PCL_0113329	CS20230722_CLUS_0949	0949 STR D1 Gaba_2														
http://purl.obolibrary.org/obo/PCL_0113330	CS20230722_CLUS_0950	0950 STR D1 Gaba_3														
http://purl.obolibrary.org/obo/PCL_0113331	CS20230722_CLUS_0951	0951 STR D1 Gaba_3														
http://purl.obolibrary.org/obo/PCL_0113332	CS20230722_CLUS_0952	0952 STR D1 Gaba_3														
http://purl.obolibrary.org/obo/PCL_0113333	CS20230722_CLUS_0953	0953 STR D1 Gaba_4														
http://purl.obolibrary.org/obo/PCL_0113334	CS20230722_CLUS_0954	0954 STR D1 Gaba_4														
http://purl.obolibrary.org/obo/PCL_0113335	CS20230722_CLUS_0955	0955 STR D1 Gaba_5														
http://purl.obolibrary.org/obo/PCL_0113336	CS20230722_CLUS_0956	0956 STR D1 Gaba_5														
http://purl.obolibrary.org/obo/PCL_0113337	CS20230722_CLUS_0957	0957 STR D1 Gaba_5														
http://purl.obolibrary.org/obo/PCL_0113338	CS20230722_CLUS_0958	0958 STR D1 Gaba_6														
http://purl.obolibrary.org/obo/PCL_0113339	CS20230722_CLUS_0959	0959 STR D1 Gaba_6														
http://purl.obolibrary.org/obo/PCL_0113341	CS20230722_CLUS_0961	0961 STR D1 Gaba_8														
http://purl.obolibrary.org/obo/PCL_0113342	CS20230722_CLUS_0962	0962 STR D1 Gaba_8														
http://purl.obolibrary.org/obo/PCL_0113343	CS20230722_CLUS_0963	0963 STR D1 Gaba_8														
http://purl.obolibrary.org/obo/PCL_0113345	CS20230722_CLUS_0965	0965 STR D2 Gaba_1														
http://purl.obolibrary.org/obo/PCL_0113346	CS20230722_CLUS_0966	0966 STR D2 Gaba_1														
http://purl.obolibrary.org/obo/PCL_0113347	CS20230722_CLUS_0967	0967 STR D2 Gaba_1														
http://purl.obolibrary.org/obo/PCL_0113348	CS20230722_CLUS_0968	0968 STR D2 Gaba_1														
http://purl.obolibrary.org/obo/PCL_0113349	CS20230722_CLUS_0969	0969 STR D2 Gaba_1														
http://purl.obolibrary.org/obo/PCL_0113350	CS20230722_CLUS_0970	0970 STR D2 Gaba_1														
http://purl.obolibrary.org/obo/PCL_0113351	CS20230722_CLUS_0971	0971 STR D2 Gaba_1														
http://purl.obolibrary.org/obo/PCL_0113352	CS20230722_CLUS_0972	0972 STR D2 Gaba_2														
http://purl.obolibrary.org/obo/PCL_0113353	CS20230722_CLUS_0973	0973 STR D2 Gaba_2														
http://purl.obolibrary.org/obo/PCL_0113354	CS20230722_CLUS_0974	0974 STR D2 Gaba_2														
http://purl.obolibrary.org/obo/PCL_0113355	CS20230722_CLUS_0975	0975 STR D2 Gaba_2														
http://purl.obolibrary.org/obo/PCL_0113356	CS20230722_CLUS_0976	0976 STR D2 Gaba_2														
http://purl.obolibrary.org/obo/PCL_0113357	CS20230722_CLUS_0977	0977 STR D2 Gaba_2														
http://purl.obolibrary.org/obo/PCL_0113359	CS20230722_CLUS_0979	0979 STR D2 Gaba_4														
http://purl.obolibrary.org/obo/PCL_0113360	CS20230722_CLUS_0980	0980 STR D2 Gaba_4														
http://purl.obolibrary.org/obo/PCL_0113361	CS20230722_CLUS_0981	0981 STR D2 Gaba_4														
http://purl.obolibrary.org/obo/PCL_0113362	CS20230722_CLUS_0982	0982 STR D2 Gaba_4														
http://purl.obolibrary.org/obo/PCL_0113363	CS20230722_CLUS_0983	0983 STR D2 Gaba_5														
http://purl.obolibrary.org/obo/PCL_0113364	CS20230722_CLUS_0984	0984 STR D2 Gaba_5														
http://purl.obolibrary.org/obo/PCL_0113365	CS20230722_CLUS_0985	0985 STR D2 Gaba_5														
http://purl.obolibrary.org/obo/PCL_0113366	CS20230722_CLUS_0986	0986 STR D2 Gaba_6														
http://purl.obolibrary.org/obo/PCL_0113367	CS20230722_CLUS_0987	0987 STR D2 Gaba_6														
http://purl.obolibrary.org/obo/PCL_0113368	CS20230722_CLUS_0988	0988 STR D2 Gaba_6														
http://purl.obolibrary.org/obo/PCL_0113370	CS20230722_CLUS_0990	0990 STR D1 Sema5a Gaba_1														
http://purl.obolibrary.org/obo/PCL_0113371	CS20230722_CLUS_0991	0991 STR D1 Sema5a Gaba_1														
http://purl.obolibrary.org/obo/PCL_0113372	CS20230722_CLUS_0992	0992 STR D1 Sema5a Gaba_2														
http://purl.obolibrary.org/obo/PCL_0113373	CS20230722_CLUS_0993	0993 STR D1 Sema5a Gaba_2														
http://purl.obolibrary.org/obo/PCL_0113374	CS20230722_CLUS_0994	0994 STR D1 Sema5a Gaba_2														
http://purl.obolibrary.org/obo/PCL_0113375	CS20230722_CLUS_0995	0995 STR D1 Sema5a Gaba_2														
http://purl.obolibrary.org/obo/PCL_0113376	CS20230722_CLUS_0996	0996 STR D1 Sema5a Gaba_2														
http://purl.obolibrary.org/obo/PCL_0113377	CS20230722_CLUS_0997	0997 STR D1 Sema5a Gaba_3														
http://purl.obolibrary.org/obo/PCL_0113378	CS20230722_CLUS_0998	0998 STR D1 Sema5a Gaba_3														
http://purl.obolibrary.org/obo/PCL_0113379	CS20230722_CLUS_0999	0999 STR D1 Sema5a Gaba_4														
http://purl.obolibrary.org/obo/PCL_0113380	CS20230722_CLUS_1000	1000 STR D1 Sema5a Gaba_4														
http://purl.obolibrary.org/obo/PCL_0113381	CS20230722_CLUS_1001	1001 STR-PAL Chst9 Gaba_1														
http://purl.obolibrary.org/obo/PCL_0113382	CS20230722_CLUS_1002	1002 STR-PAL Chst9 Gaba_1														
http://purl.obolibrary.org/obo/PCL_0113383	CS20230722_CLUS_1003	1003 STR-PAL Chst9 Gaba_1														
http://purl.obolibrary.org/obo/PCL_0113384	CS20230722_CLUS_1004	1004 STR-PAL Chst9 Gaba_2														
http://purl.obolibrary.org/obo/PCL_0113385	CS20230722_CLUS_1005	1005 STR-PAL Chst9 Gaba_2														
http://purl.obolibrary.org/obo/PCL_0113386	CS20230722_CLUS_1006	1006 STR-PAL Chst9 Gaba_2														
http://purl.obolibrary.org/obo/PCL_0113387	CS20230722_CLUS_1007	1007 STR-PAL Chst9 Gaba_2														
http://purl.obolibrary.org/obo/PCL_0113388	CS20230722_CLUS_1008	1008 STR-PAL Chst9 Gaba_3														
http://purl.obolibrary.org/obo/PCL_0113389	CS20230722_CLUS_1009	1009 STR-PAL Chst9 Gaba_3														
http://purl.obolibrary.org/obo/PCL_0113390	CS20230722_CLUS_1010	1010 STR-PAL Chst9 Gaba_3														
http://purl.obolibrary.org/obo/PCL_0113391	CS20230722_CLUS_1011	1011 STR-PAL Chst9 Gaba_4														
http://purl.obolibrary.org/obo/PCL_0113392	CS20230722_CLUS_1012	1012 STR-PAL Chst9 Gaba_4														
http://purl.obolibrary.org/obo/PCL_0113393	CS20230722_CLUS_1013	1013 STR-PAL Chst9 Gaba_5														
http://purl.obolibrary.org/obo/PCL_0113394	CS20230722_CLUS_1014	1014 STR-PAL Chst9 Gaba_5														
http://purl.obolibrary.org/obo/PCL_0113395	CS20230722_CLUS_1015	1015 STR-PAL Chst9 Gaba_5														
http://purl.obolibrary.org/obo/PCL_0113396	CS20230722_CLUS_1016	1016 IA Mgp Gaba_1														
http://purl.obolibrary.org/obo/PCL_0113397	CS20230722_CLUS_1017	1017 IA Mgp Gaba_1														
http://purl.obolibrary.org/obo/PCL_0113398	CS20230722_CLUS_1018	1018 IA Mgp Gaba_1														
http://purl.obolibrary.org/obo/PCL_0113399	CS20230722_CLUS_1019	1019 IA Mgp Gaba_2														
http://purl.obolibrary.org/obo/PCL_0113400	CS20230722_CLUS_1020	1020 IA Mgp Gaba_2														
http://purl.obolibrary.org/obo/PCL_0113401	CS20230722_CLUS_1021	1021 IA Mgp Gaba_3														
http://purl.obolibrary.org/obo/PCL_0113402	CS20230722_CLUS_1022	1022 IA Mgp Gaba_3														
http://purl.obolibrary.org/obo/PCL_0113403	CS20230722_CLUS_1023	1023 IA Mgp Gaba_3														
http://purl.obolibrary.org/obo/PCL_0113405	CS20230722_CLUS_1025	1025 IA Mgp Gaba_5														
http://purl.obolibrary.org/obo/PCL_0113406	CS20230722_CLUS_1026	1026 IA Mgp Gaba_5														
http://purl.obolibrary.org/obo/PCL_0113407	CS20230722_CLUS_1027	1027 IA Mgp Gaba_5														
http://purl.obolibrary.org/obo/PCL_0113408	CS20230722_CLUS_1028	1028 NDB-SI-ant Prdm12 Gaba_1														
http://purl.obolibrary.org/obo/PCL_0113409	CS20230722_CLUS_1029	1029 NDB-SI-ant Prdm12 Gaba_1														
http://purl.obolibrary.org/obo/PCL_0113410	CS20230722_CLUS_1030	1030 NDB-SI-ant Prdm12 Gaba_1														
http://purl.obolibrary.org/obo/PCL_0113411	CS20230722_CLUS_1031	1031 NDB-SI-ant Prdm12 Gaba_1														
http://purl.obolibrary.org/obo/PCL_0113412	CS20230722_CLUS_1032	1032 NDB-SI-ant Prdm12 Gaba_1														
http://purl.obolibrary.org/obo/PCL_0113413	CS20230722_CLUS_1033	1033 NDB-SI-ant Prdm12 Gaba_1														
http://purl.obolibrary.org/obo/PCL_0113414	CS20230722_CLUS_1034	1034 NDB-SI-ant Prdm12 Gaba_1														
http://purl.obolibrary.org/obo/PCL_0113415	CS20230722_CLUS_1035	1035 NDB-SI-ant Prdm12 Gaba_1														
http://purl.obolibrary.org/obo/PCL_0113416	CS20230722_CLUS_1036	1036 NDB-SI-ant Prdm12 Gaba_1														
http://purl.obolibrary.org/obo/PCL_0113417	CS20230722_CLUS_1037	1037 NDB-SI-ant Prdm12 Gaba_1														
http://purl.obolibrary.org/obo/PCL_0113419	CS20230722_CLUS_1039	1039 NDB-SI-ant Prdm12 Gaba_3														
http://purl.obolibrary.org/obo/PCL_0113420	CS20230722_CLUS_1040	1040 NDB-SI-ant Prdm12 Gaba_3														
http://purl.obolibrary.org/obo/PCL_0113422	CS20230722_CLUS_1042	1042 LSX Sall3 Pax6 Gaba_1														
http://purl.obolibrary.org/obo/PCL_0113423	CS20230722_CLUS_1043	1043 LSX Sall3 Pax6 Gaba_1														
http://purl.obolibrary.org/obo/PCL_0113424	CS20230722_CLUS_1044	1044 LSX Sall3 Pax6 Gaba_2														
http://purl.obolibrary.org/obo/PCL_0113425	CS20230722_CLUS_1045	1045 LSX Sall3 Pax6 Gaba_2														
http://purl.obolibrary.org/obo/PCL_0113426	CS20230722_CLUS_1046	1046 LSX Sall3 Pax6 Gaba_2														
http://purl.obolibrary.org/obo/PCL_0113427	CS20230722_CLUS_1047	1047 LSX Sall3 Pax6 Gaba_2														
http://purl.obolibrary.org/obo/PCL_0113428	CS20230722_CLUS_1048	1048 LSX Sall3 Pax6 Gaba_2														
http://purl.obolibrary.org/obo/PCL_0113429	CS20230722_CLUS_1049	1049 LSX Sall3 Pax6 Gaba_2														
http://purl.obolibrary.org/obo/PCL_0113430	CS20230722_CLUS_1050	1050 LSX Otx2 Gaba_1														
http://purl.obolibrary.org/obo/PCL_0113431	CS20230722_CLUS_1051	1051 LSX Otx2 Gaba_1														
http://purl.obolibrary.org/obo/PCL_0113432	CS20230722_CLUS_1052	1052 LSX Otx2 Gaba_2														
http://purl.obolibrary.org/obo/PCL_0113433	CS20230722_CLUS_1053	1053 LSX Otx2 Gaba_2														
http://purl.obolibrary.org/obo/PCL_0113434	CS20230722_CLUS_1054	1054 LSX Otx2 Gaba_2														
http://purl.obolibrary.org/obo/PCL_0113435	CS20230722_CLUS_1055	1055 LSX Otx2 Gaba_3														
http://purl.obolibrary.org/obo/PCL_0113436	CS20230722_CLUS_1056	1056 LSX Otx2 Gaba_3														
http://purl.obolibrary.org/obo/PCL_0113437	CS20230722_CLUS_1057	1057 LSX Otx2 Gaba_3														
http://purl.obolibrary.org/obo/PCL_0113438	CS20230722_CLUS_1058	1058 LSX Otx2 Gaba_3														
http://purl.obolibrary.org/obo/PCL_0113439	CS20230722_CLUS_1059	1059 LSX Otx2 Gaba_3														
http://purl.obolibrary.org/obo/PCL_0113440	CS20230722_CLUS_1060	1060 LSX Otx2 Gaba_3														
http://purl.obolibrary.org/obo/PCL_0113441	CS20230722_CLUS_1061	1061 LSX Otx2 Gaba_3														
http://purl.obolibrary.org/obo/PCL_0113442	CS20230722_CLUS_1062	1062 LSX Otx2 Gaba_3														
http://purl.obolibrary.org/obo/PCL_0113443	CS20230722_CLUS_1063	1063 LSX Otx2 Gaba_3														
http://purl.obolibrary.org/obo/PCL_0113444	CS20230722_CLUS_1064	1064 LSX Otx2 Gaba_4														
http://purl.obolibrary.org/obo/PCL_0113445	CS20230722_CLUS_1065	1065 LSX Otx2 Gaba_4														
http://purl.obolibrary.org/obo/PCL_0113446	CS20230722_CLUS_1066	1066 LSX Otx2 Gaba_4														
http://purl.obolibrary.org/obo/PCL_0113447	CS20230722_CLUS_1067	1067 LSX Otx2 Gaba_4														
http://purl.obolibrary.org/obo/PCL_0113448	CS20230722_CLUS_1068	1068 LSX Otx2 Gaba_4														
http://purl.obolibrary.org/obo/PCL_0113449	CS20230722_CLUS_1069	1069 LSX Otx2 Gaba_5														
http://purl.obolibrary.org/obo/PCL_0113450	CS20230722_CLUS_1070	1070 LSX Otx2 Gaba_5														
http://purl.obolibrary.org/obo/PCL_0113451	CS20230722_CLUS_1071	1071 LSX Otx2 Gaba_5														
http://purl.obolibrary.org/obo/PCL_0113452	CS20230722_CLUS_1072	1072 LSX Otx2 Gaba_5														
http://purl.obolibrary.org/obo/PCL_0113453	CS20230722_CLUS_1073	1073 LSX Otx2 Gaba_5														
http://purl.obolibrary.org/obo/PCL_0113454	CS20230722_CLUS_1074	1074 LSX Nkx2-1 Gaba_1														
http://purl.obolibrary.org/obo/PCL_0113455	CS20230722_CLUS_1075	1075 LSX Nkx2-1 Gaba_1														
http://purl.obolibrary.org/obo/PCL_0113456	CS20230722_CLUS_1076	1076 LSX Nkx2-1 Gaba_2														
http://purl.obolibrary.org/obo/PCL_0113457	CS20230722_CLUS_1077	1077 LSX Nkx2-1 Gaba_2														
http://purl.obolibrary.org/obo/PCL_0113458	CS20230722_CLUS_1078	1078 LSX Nkx2-1 Gaba_2														
http://purl.obolibrary.org/obo/PCL_0113459	CS20230722_CLUS_1079	1079 LSX Nkx2-1 Gaba_2														
http://purl.obolibrary.org/obo/PCL_0113460	CS20230722_CLUS_1080	1080 LSX Nkx2-1 Gaba_2														
http://purl.obolibrary.org/obo/PCL_0113461	CS20230722_CLUS_1081	1081 LSX Nkx2-1 Gaba_2														
http://purl.obolibrary.org/obo/PCL_0113462	CS20230722_CLUS_1082	1082 LSX Nkx2-1 Gaba_2														
http://purl.obolibrary.org/obo/PCL_0113463	CS20230722_CLUS_1083	1083 LSX Nkx2-1 Gaba_2														
http://purl.obolibrary.org/obo/PCL_0113464	CS20230722_CLUS_1084	1084 LSX Nkx2-1 Gaba_2														
http://purl.obolibrary.org/obo/PCL_0113465	CS20230722_CLUS_1085	1085 LSX Nkx2-1 Gaba_2														
http://purl.obolibrary.org/obo/PCL_0113466	CS20230722_CLUS_1086	1086 LSX Nkx2-1 Gaba_2														
http://purl.obolibrary.org/obo/PCL_0113467	CS20230722_CLUS_1087	1087 LSX Nkx2-1 Gaba_2														
http://purl.obolibrary.org/obo/PCL_0113468	CS20230722_CLUS_1088	1088 LSX Nkx2-1 Gaba_3														
http://purl.obolibrary.org/obo/PCL_0113469	CS20230722_CLUS_1089	1089 LSX Nkx2-1 Gaba_3														
http://purl.obolibrary.org/obo/PCL_0113470	CS20230722_CLUS_1090	1090 LSX Nkx2-1 Gaba_3														
http://purl.obolibrary.org/obo/PCL_0113471	CS20230722_CLUS_1091	1091 LSX Nkx2-1 Gaba_3														
http://purl.obolibrary.org/obo/PCL_0113472	CS20230722_CLUS_1092	1092 LSX Nkx2-1 Gaba_3														
http://purl.obolibrary.org/obo/PCL_0113473	CS20230722_CLUS_1093	1093 LSX Nkx2-1 Gaba_4														
http://purl.obolibrary.org/obo/PCL_0113474	CS20230722_CLUS_1094	1094 LSX Nkx2-1 Gaba_4														
http://purl.obolibrary.org/obo/PCL_0113475	CS20230722_CLUS_1095	1095 LSX Nkx2-1 Gaba_4														
http://purl.obolibrary.org/obo/PCL_0113476	CS20230722_CLUS_1096	1096 LSX Nkx2-1 Gaba_4														
http://purl.obolibrary.org/obo/PCL_0113477	CS20230722_CLUS_1097	1097 LSX Nkx2-1 Gaba_5														
http://purl.obolibrary.org/obo/PCL_0113478	CS20230722_CLUS_1098	1098 LSX Nkx2-1 Gaba_5														
http://purl.obolibrary.org/obo/PCL_0113479	CS20230722_CLUS_1099	1099 LSX Nkx2-1 Gaba_5														
http://purl.obolibrary.org/obo/PCL_0113480	CS20230722_CLUS_1100	1100 LSX Nkx2-1 Gaba_5														
http://purl.obolibrary.org/obo/PCL_0113481	CS20230722_CLUS_1101	1101 LSX Nkx2-1 Gaba_6														
http://purl.obolibrary.org/obo/PCL_0113482	CS20230722_CLUS_1102	1102 LSX Nkx2-1 Gaba_6														
http://purl.obolibrary.org/obo/PCL_0113483	CS20230722_CLUS_1103	1103 LSX Nkx2-1 Gaba_6														
http://purl.obolibrary.org/obo/PCL_0113484	CS20230722_CLUS_1104	1104 LSX Nkx2-1 Gaba_7														
http://purl.obolibrary.org/obo/PCL_0113485	CS20230722_CLUS_1105	1105 LSX Nkx2-1 Gaba_7														
http://purl.obolibrary.org/obo/PCL_0113486	CS20230722_CLUS_1106	1106 LSX Nkx2-1 Gaba_7														
http://purl.obolibrary.org/obo/PCL_0113487	CS20230722_CLUS_1107	1107 LSX Nkx2-1 Gaba_7														
http://purl.obolibrary.org/obo/PCL_0113488	CS20230722_CLUS_1108	1108 LSX Nkx2-1 Gaba_8														
http://purl.obolibrary.org/obo/PCL_0113489	CS20230722_CLUS_1109	1109 LSX Nkx2-1 Gaba_8														
http://purl.obolibrary.org/obo/PCL_0113490	CS20230722_CLUS_1110	1110 LSX Nkx2-1 Gaba_8														
http://purl.obolibrary.org/obo/PCL_0113493	CS20230722_CLUS_1113	1113 LSX Nkx2-1 Gaba_11														
http://purl.obolibrary.org/obo/PCL_0113494	CS20230722_CLUS_1114	1114 LSX Nkx2-1 Gaba_11														
http://purl.obolibrary.org/obo/PCL_0113495	CS20230722_CLUS_1115	1115 LSX Prdm12 Slit2 Gaba_1														
http://purl.obolibrary.org/obo/PCL_0113496	CS20230722_CLUS_1116	1116 LSX Prdm12 Slit2 Gaba_1														
http://purl.obolibrary.org/obo/PCL_0113497	CS20230722_CLUS_1117	1117 LSX Prdm12 Slit2 Gaba_1														
http://purl.obolibrary.org/obo/PCL_0113498	CS20230722_CLUS_1118	1118 LSX Prdm12 Slit2 Gaba_1														
http://purl.obolibrary.org/obo/PCL_0113499	CS20230722_CLUS_1119	1119 LSX Prdm12 Slit2 Gaba_1														
http://purl.obolibrary.org/obo/PCL_0113500	CS20230722_CLUS_1120	1120 LSX Prdm12 Slit2 Gaba_1														
http://purl.obolibrary.org/obo/PCL_0113501	CS20230722_CLUS_1121	1121 LSX Prdm12 Slit2 Gaba_1														
http://purl.obolibrary.org/obo/PCL_0113502	CS20230722_CLUS_1122	1122 LSX Prdm12 Slit2 Gaba_1														
http://purl.obolibrary.org/obo/PCL_0113503	CS20230722_CLUS_1123	1123 LSX Prdm12 Slit2 Gaba_1														
http://purl.obolibrary.org/obo/PCL_0113504	CS20230722_CLUS_1124	1124 LSX Prdm12 Slit2 Gaba_2														
http://purl.obolibrary.org/obo/PCL_0113505	CS20230722_CLUS_1125	1125 LSX Prdm12 Slit2 Gaba_2														
http://purl.obolibrary.org/obo/PCL_0113506	CS20230722_CLUS_1126	1126 LSX Prdm12 Slit2 Gaba_2														
http://purl.obolibrary.org/obo/PCL_0113507	CS20230722_CLUS_1127	1127 LSX Prdm12 Slit2 Gaba_2														
http://purl.obolibrary.org/obo/PCL_0113508	CS20230722_CLUS_1128	1128 LSX Prdm12 Slit2 Gaba_2														
http://purl.obolibrary.org/obo/PCL_0113509	CS20230722_CLUS_1129	1129 LSX Prdm12 Slit2 Gaba_2														
http://purl.obolibrary.org/obo/PCL_0113510	CS20230722_CLUS_1130	1130 LSX Prdm12 Slit2 Gaba_2														
http://purl.obolibrary.org/obo/PCL_0113511	CS20230722_CLUS_1131	1131 LSX Prdm12 Slit2 Gaba_3														
http://purl.obolibrary.org/obo/PCL_0113512	CS20230722_CLUS_1132	1132 LSX Prdm12 Slit2 Gaba_3														
http://purl.obolibrary.org/obo/PCL_0113513	CS20230722_CLUS_1133	1133 LSX Prdm12 Slit2 Gaba_3														
http://purl.obolibrary.org/obo/PCL_0113514	CS20230722_CLUS_1134	1134 LSX Prdm12 Slit2 Gaba_3														
http://purl.obolibrary.org/obo/PCL_0113515	CS20230722_CLUS_1135	1135 LSX Prdm12 Slit2 Gaba_3														
http://purl.obolibrary.org/obo/PCL_0113516	CS20230722_CLUS_1136	1136 LSX Prdm12 Slit2 Gaba_3														
http://purl.obolibrary.org/obo/PCL_0113517	CS20230722_CLUS_1137	1137 LSX Prdm12 Slit2 Gaba_4														
http://purl.obolibrary.org/obo/PCL_0113518	CS20230722_CLUS_1138	1138 LSX Prdm12 Slit2 Gaba_4														
http://purl.obolibrary.org/obo/PCL_0113519	CS20230722_CLUS_1139	1139 LSX Prdm12 Slit2 Gaba_5														
http://purl.obolibrary.org/obo/PCL_0113520	CS20230722_CLUS_1140	1140 LSX Prdm12 Slit2 Gaba_5														
http://purl.obolibrary.org/obo/PCL_0113521	CS20230722_CLUS_1141	1141 LSX Prdm12 Slit2 Gaba_5														
http://purl.obolibrary.org/obo/PCL_0113522	CS20230722_CLUS_1142	1142 LSX Prdm12 Slit2 Gaba_5														
http://purl.obolibrary.org/obo/PCL_0113523	CS20230722_CLUS_1143	1143 LSX Prdm12 Slit2 Gaba_6														
http://purl.obolibrary.org/obo/PCL_0113524	CS20230722_CLUS_1144	1144 LSX Prdm12 Slit2 Gaba_6														
http://purl.obolibrary.org/obo/PCL_0113525	CS20230722_CLUS_1145	1145 LSX Prdm12 Slit2 Gaba_7														
http://purl.obolibrary.org/obo/PCL_0113526	CS20230722_CLUS_1146	1146 LSX Prdm12 Slit2 Gaba_7														
http://purl.obolibrary.org/obo/PCL_0113529	CS20230722_CLUS_1149	1149 LSX Prdm12 Zeb2 Gaba_1														
http://purl.obolibrary.org/obo/PCL_0113530	CS20230722_CLUS_1150	1150 LSX Prdm12 Zeb2 Gaba_1														
http://purl.obolibrary.org/obo/PCL_0113531	CS20230722_CLUS_1151	1151 LSX Prdm12 Zeb2 Gaba_1														
http://purl.obolibrary.org/obo/PCL_0113532	CS20230722_CLUS_1152	1152 LSX Prdm12 Zeb2 Gaba_1														
http://purl.obolibrary.org/obo/PCL_0113533	CS20230722_CLUS_1153	1153 LSX Prdm12 Zeb2 Gaba_1														
http://purl.obolibrary.org/obo/PCL_0113534	CS20230722_CLUS_1154	1154 LSX Prdm12 Zeb2 Gaba_1														
http://purl.obolibrary.org/obo/PCL_0113535	CS20230722_CLUS_1155	1155 LSX Prdm12 Zeb2 Gaba_1														
http://purl.obolibrary.org/obo/PCL_0113536	CS20230722_CLUS_1156	1156 LSX Prdm12 Zeb2 Gaba_1														
http://purl.obolibrary.org/obo/PCL_0113537	CS20230722_CLUS_1157	1157 LSX Prdm12 Zeb2 Gaba_1														
http://purl.obolibrary.org/obo/PCL_0113538	CS20230722_CLUS_1158	1158 LSX Prdm12 Zeb2 Gaba_2														
http://purl.obolibrary.org/obo/PCL_0113539	CS20230722_CLUS_1159	1159 LSX Prdm12 Zeb2 Gaba_2														
http://purl.obolibrary.org/obo/PCL_0113540	CS20230722_CLUS_1160	1160 LSX Prdm12 Zeb2 Gaba_2														
http://purl.obolibrary.org/obo/PCL_0113541	CS20230722_CLUS_1161	1161 LSX Prdm12 Zeb2 Gaba_2														
http://purl.obolibrary.org/obo/PCL_0113542	CS20230722_CLUS_1162	1162 LSX Prdm12 Zeb2 Gaba_3														
http://purl.obolibrary.org/obo/PCL_0113543	CS20230722_CLUS_1163	1163 LSX Prdm12 Zeb2 Gaba_3														
http://purl.obolibrary.org/obo/PCL_0113544	CS20230722_CLUS_1164	1164 LSX Prdm12 Zeb2 Gaba_3														
http://purl.obolibrary.org/obo/PCL_0113545	CS20230722_CLUS_1165	1165 LSX Prdm12 Zeb2 Gaba_3														
http://purl.obolibrary.org/obo/PCL_0113546	CS20230722_CLUS_1166	1166 LSX Prdm12 Zeb2 Gaba_4														
http://purl.obolibrary.org/obo/PCL_0113547	CS20230722_CLUS_1167	1167 LSX Prdm12 Zeb2 Gaba_4														
http://purl.obolibrary.org/obo/PCL_0113548	CS20230722_CLUS_1168	1168 LSX Prdm12 Zeb2 Gaba_5														
http://purl.obolibrary.org/obo/PCL_0113549	CS20230722_CLUS_1169	1169 LSX Prdm12 Zeb2 Gaba_5														
http://purl.obolibrary.org/obo/PCL_0113550	CS20230722_CLUS_1170	1170 LSX Prdm12 Zeb2 Gaba_5														
http://purl.obolibrary.org/obo/PCL_0113551	CS20230722_CLUS_1171	1171 LSX Prdm12 Zeb2 Gaba_5														
http://purl.obolibrary.org/obo/PCL_0113552	CS20230722_CLUS_1172	1172 LSX Prdm12 Zeb2 Gaba_5														
http://purl.obolibrary.org/obo/PCL_0113553	CS20230722_CLUS_1173	1173 LSX Prdm12 Zeb2 Gaba_5														
http://purl.obolibrary.org/obo/PCL_0113554	CS20230722_CLUS_1174	1174 LSX Sall3 Lmo1 Gaba_1														
http://purl.obolibrary.org/obo/PCL_0113555	CS20230722_CLUS_1175	1175 LSX Sall3 Lmo1 Gaba_1														
http://purl.obolibrary.org/obo/PCL_0113556	CS20230722_CLUS_1176	1176 LSX Sall3 Lmo1 Gaba_2														
http://purl.obolibrary.org/obo/PCL_0113557	CS20230722_CLUS_1177	1177 LSX Sall3 Lmo1 Gaba_2														
http://purl.obolibrary.org/obo/PCL_0113558	CS20230722_CLUS_1178	1178 LSX Sall3 Lmo1 Gaba_2														
http://purl.obolibrary.org/obo/PCL_0113559	CS20230722_CLUS_1179	1179 LSX Sall3 Lmo1 Gaba_2														
http://purl.obolibrary.org/obo/PCL_0113560	CS20230722_CLUS_1180	1180 LSX Sall3 Lmo1 Gaba_3														
http://purl.obolibrary.org/obo/PCL_0113561	CS20230722_CLUS_1181	1181 LSX Sall3 Lmo1 Gaba_3														
http://purl.obolibrary.org/obo/PCL_0113563	CS20230722_CLUS_1183	1183 LSX Sall3 Lmo1 Gaba_5														
http://purl.obolibrary.org/obo/PCL_0113564	CS20230722_CLUS_1184	1184 LSX Sall3 Lmo1 Gaba_5														
http://purl.obolibrary.org/obo/PCL_0113565	CS20230722_CLUS_1185	1185 LSX Sall3 Lmo1 Gaba_6														
http://purl.obolibrary.org/obo/PCL_0113566	CS20230722_CLUS_1186	1186 LSX Sall3 Lmo1 Gaba_6														
http://purl.obolibrary.org/obo/PCL_0113567	CS20230722_CLUS_1187	1187 LSX Sall3 Lmo1 Gaba_6														
http://purl.obolibrary.org/obo/PCL_0113568	CS20230722_CLUS_1188	1188 MEA-BST Sox6 Gaba_1														
http://purl.obolibrary.org/obo/PCL_0113569	CS20230722_CLUS_1189	1189 MEA-BST Sox6 Gaba_1														
http://purl.obolibrary.org/obo/PCL_0113570	CS20230722_CLUS_1190	1190 MEA-BST Sox6 Gaba_1														
http://purl.obolibrary.org/obo/PCL_0113571	CS20230722_CLUS_1191	1191 MEA-BST Sox6 Gaba_1														
http://purl.obolibrary.org/obo/PCL_0113572	CS20230722_CLUS_1192	1192 MEA-BST Sox6 Gaba_2														
http://purl.obolibrary.org/obo/PCL_0113573	CS20230722_CLUS_1193	1193 MEA-BST Sox6 Gaba_2														
http://purl.obolibrary.org/obo/PCL_0113574	CS20230722_CLUS_1194	1194 MEA-BST Sox6 Gaba_2														
http://purl.obolibrary.org/obo/PCL_0113575	CS20230722_CLUS_1195	1195 MEA-BST Sox6 Gaba_2														
http://purl.obolibrary.org/obo/PCL_0113576	CS20230722_CLUS_1196	1196 MEA-BST Sox6 Gaba_2														
http://purl.obolibrary.org/obo/PCL_0113577	CS20230722_CLUS_1197	1197 MEA-BST Sox6 Gaba_2														
http://purl.obolibrary.org/obo/PCL_0113578	CS20230722_CLUS_1198	1198 MEA-BST Sox6 Gaba_3														
http://purl.obolibrary.org/obo/PCL_0113579	CS20230722_CLUS_1199	1199 MEA-BST Sox6 Gaba_3														
http://purl.obolibrary.org/obo/PCL_0113580	CS20230722_CLUS_1200	1200 MEA-BST Sox6 Gaba_3														
http://purl.obolibrary.org/obo/PCL_0113581	CS20230722_CLUS_1201	1201 MEA-BST Sox6 Gaba_3														
http://purl.obolibrary.org/obo/PCL_0113582	CS20230722_CLUS_1202	1202 MEA-BST Sox6 Gaba_3														
http://purl.obolibrary.org/obo/PCL_0113583	CS20230722_CLUS_1203	1203 MEA-BST Sox6 Gaba_3														
http://purl.obolibrary.org/obo/PCL_0113584	CS20230722_CLUS_1204	1204 MEA-BST Sox6 Gaba_3														
http://purl.obolibrary.org/obo/PCL_0113585	CS20230722_CLUS_1205	1205 MEA-BST Sox6 Gaba_4														
http://purl.obolibrary.org/obo/PCL_0113586	CS20230722_CLUS_1206	1206 MEA-BST Sox6 Gaba_4														
http://purl.obolibrary.org/obo/PCL_0113587	CS20230722_CLUS_1207	1207 MEA-BST Sox6 Gaba_4														
http://purl.obolibrary.org/obo/PCL_0113588	CS20230722_CLUS_1208	1208 MEA-BST Sox6 Gaba_4														
http://purl.obolibrary.org/obo/PCL_0113589	CS20230722_CLUS_1209	1209 MEA-BST Sox6 Gaba_4														
http://purl.obolibrary.org/obo/PCL_0113590	CS20230722_CLUS_1210	1210 MEA-BST Sox6 Gaba_4														
http://purl.obolibrary.org/obo/PCL_0113591	CS20230722_CLUS_1211	1211 MEA-BST Sox6 Gaba_4														
http://purl.obolibrary.org/obo/PCL_0113592	CS20230722_CLUS_1212	1212 MEA-BST Sox6 Gaba_5														
http://purl.obolibrary.org/obo/PCL_0113593	CS20230722_CLUS_1213	1213 MEA-BST Sox6 Gaba_5														
http://purl.obolibrary.org/obo/PCL_0113594	CS20230722_CLUS_1214	1214 MEA-BST Sox6 Gaba_5														
http://purl.obolibrary.org/obo/PCL_0113595	CS20230722_CLUS_1215	1215 MEA-BST Sox6 Gaba_5														
http://purl.obolibrary.org/obo/PCL_0113596	CS20230722_CLUS_1216	1216 MEA-BST Sox6 Gaba_5														
http://purl.obolibrary.org/obo/PCL_0113597	CS20230722_CLUS_1217	1217 MEA-BST Sox6 Gaba_5														
http://purl.obolibrary.org/obo/PCL_0113598	CS20230722_CLUS_1218	1218 MEA-BST Sox6 Gaba_5														
http://purl.obolibrary.org/obo/PCL_0113599	CS20230722_CLUS_1219	1219 MEA-BST Sox6 Gaba_6														
http://purl.obolibrary.org/obo/PCL_0113600	CS20230722_CLUS_1220	1220 MEA-BST Sox6 Gaba_6														
http://purl.obolibrary.org/obo/PCL_0113601	CS20230722_CLUS_1221	1221 MEA-BST Sox6 Gaba_6														
http://purl.obolibrary.org/obo/PCL_0113602	CS20230722_CLUS_1222	1222 MEA-BST Sox6 Gaba_6														
http://purl.obolibrary.org/obo/PCL_0113603	CS20230722_CLUS_1223	1223 MEA-BST Sox6 Gaba_6														
http://purl.obolibrary.org/obo/PCL_0113604	CS20230722_CLUS_1224	1224 MEA-BST Sox6 Gaba_6														
http://purl.obolibrary.org/obo/PCL_0113605	CS20230722_CLUS_1225	1225 MEA-BST Sox6 Gaba_6														
http://purl.obolibrary.org/obo/PCL_0113606	CS20230722_CLUS_1226	1226 MEA-BST Sox6 Gaba_7														
http://purl.obolibrary.org/obo/PCL_0113607	CS20230722_CLUS_1227	1227 MEA-BST Sox6 Gaba_7														
http://purl.obolibrary.org/obo/PCL_0113608	CS20230722_CLUS_1228	1228 MEA-BST Sox6 Gaba_7														
http://purl.obolibrary.org/obo/PCL_0113609	CS20230722_CLUS_1229	1229 MEA-BST Sox6 Gaba_8														
http://purl.obolibrary.org/obo/PCL_0113610	CS20230722_CLUS_1230	1230 MEA-BST Sox6 Gaba_8														
http://purl.obolibrary.org/obo/PCL_0113611	CS20230722_CLUS_1231	1231 MEA-BST Sox6 Gaba_8														
http://purl.obolibrary.org/obo/PCL_0113612	CS20230722_CLUS_1232	1232 MEA-BST Sox6 Gaba_9														
http://purl.obolibrary.org/obo/PCL_0113613	CS20230722_CLUS_1233	1233 MEA-BST Sox6 Gaba_9														
http://purl.obolibrary.org/obo/PCL_0113614	CS20230722_CLUS_1234	1234 MEA-BST Sox6 Gaba_9														
http://purl.obolibrary.org/obo/PCL_0113615	CS20230722_CLUS_1235	1235 MEA-BST Sox6 Gaba_10														
http://purl.obolibrary.org/obo/PCL_0113616	CS20230722_CLUS_1236	1236 MEA-BST Sox6 Gaba_10														
http://purl.obolibrary.org/obo/PCL_0113617	CS20230722_CLUS_1237	1237 MEA-BST Sox6 Gaba_10														
http://purl.obolibrary.org/obo/PCL_0113618	CS20230722_CLUS_1238	1238 MEA-BST Lhx6 Sp9 Gaba_1														
http://purl.obolibrary.org/obo/PCL_0113619	CS20230722_CLUS_1239	1239 MEA-BST Lhx6 Sp9 Gaba_1														
http://purl.obolibrary.org/obo/PCL_0113620	CS20230722_CLUS_1240	1240 MEA-BST Lhx6 Sp9 Gaba_1														
http://purl.obolibrary.org/obo/PCL_0113621	CS20230722_CLUS_1241	1241 MEA-BST Lhx6 Sp9 Gaba_1														
http://purl.obolibrary.org/obo/PCL_0113622	CS20230722_CLUS_1242	1242 MEA-BST Lhx6 Sp9 Gaba_1														
http://purl.obolibrary.org/obo/PCL_0113623	CS20230722_CLUS_1243	1243 MEA-BST Lhx6 Sp9 Gaba_1														
http://purl.obolibrary.org/obo/PCL_0113624	CS20230722_CLUS_1244	1244 MEA-BST Lhx6 Sp9 Gaba_2														
http://purl.obolibrary.org/obo/PCL_0113625	CS20230722_CLUS_1245	1245 MEA-BST Lhx6 Sp9 Gaba_2														
http://purl.obolibrary.org/obo/PCL_0113626	CS20230722_CLUS_1246	1246 MEA-BST Lhx6 Sp9 Gaba_2														
http://purl.obolibrary.org/obo/PCL_0113627	CS20230722_CLUS_1247	1247 MEA-BST Lhx6 Sp9 Gaba_2														
http://purl.obolibrary.org/obo/PCL_0113628	CS20230722_CLUS_1248	1248 MEA-BST Lhx6 Sp9 Gaba_3														
http://purl.obolibrary.org/obo/PCL_0113629	CS20230722_CLUS_1249	1249 MEA-BST Lhx6 Sp9 Gaba_3														
http://purl.obolibrary.org/obo/PCL_0113630	CS20230722_CLUS_1250	1250 MEA-BST Lhx6 Sp9 Gaba_3														
http://purl.obolibrary.org/obo/PCL_0113631	CS20230722_CLUS_1251	1251 MEA-BST Lhx6 Sp9 Gaba_3														
http://purl.obolibrary.org/obo/PCL_0113632	CS20230722_CLUS_1252	1252 MEA-BST Lhx6 Sp9 Gaba_3														
http://purl.obolibrary.org/obo/PCL_0113633	CS20230722_CLUS_1253	1253 MEA-BST Lhx6 Sp9 Gaba_4														
http://purl.obolibrary.org/obo/PCL_0113634	CS20230722_CLUS_1254	1254 MEA-BST Lhx6 Sp9 Gaba_4														
http://purl.obolibrary.org/obo/PCL_0113635	CS20230722_CLUS_1255	1255 MEA-BST Lhx6 Sp9 Gaba_4														
http://purl.obolibrary.org/obo/PCL_0113636	CS20230722_CLUS_1256	1256 MEA-BST Lhx6 Sp9 Gaba_4														
http://purl.obolibrary.org/obo/PCL_0113637	CS20230722_CLUS_1257	1257 MEA-BST Lhx6 Sp9 Gaba_5														
http://purl.obolibrary.org/obo/PCL_0113638	CS20230722_CLUS_1258	1258 MEA-BST Lhx6 Sp9 Gaba_5														
http://purl.obolibrary.org/obo/PCL_0113639	CS20230722_CLUS_1259	1259 MEA-BST Lhx6 Sp9 Gaba_5														
http://purl.obolibrary.org/obo/PCL_0113640	CS20230722_CLUS_1260	1260 MEA-BST Lhx6 Sp9 Gaba_5														
http://purl.obolibrary.org/obo/PCL_0113641	CS20230722_CLUS_1261	1261 MEA-BST Lhx6 Sp9 Gaba_6														
http://purl.obolibrary.org/obo/PCL_0113642	CS20230722_CLUS_1262	1262 MEA-BST Lhx6 Sp9 Gaba_6														
http://purl.obolibrary.org/obo/PCL_0113643	CS20230722_CLUS_1263	1263 MEA-BST Lhx6 Sp9 Gaba_7														
http://purl.obolibrary.org/obo/PCL_0113644	CS20230722_CLUS_1264	1264 MEA-BST Lhx6 Sp9 Gaba_7														
http://purl.obolibrary.org/obo/PCL_0113645	CS20230722_CLUS_1265	1265 MEA-BST Lhx6 Sp9 Gaba_7														
http://purl.obolibrary.org/obo/PCL_0113646	CS20230722_CLUS_1266	1266 MEA-BST Lhx6 Sp9 Gaba_7														
http://purl.obolibrary.org/obo/PCL_0113647	CS20230722_CLUS_1267	1267 MEA-BST Lhx6 Sp9 Gaba_7														
http://purl.obolibrary.org/obo/PCL_0113648	CS20230722_CLUS_1268	1268 MEA-BST Lhx6 Sp9 Gaba_7														
http://purl.obolibrary.org/obo/PCL_0113649	CS20230722_CLUS_1269	1269 MEA-BST Lhx6 Nr2e1 Gaba_1														
http://purl.obolibrary.org/obo/PCL_0113650	CS20230722_CLUS_1270	1270 MEA-BST Lhx6 Nr2e1 Gaba_1														
http://purl.obolibrary.org/obo/PCL_0113651	CS20230722_CLUS_1271	1271 MEA-BST Lhx6 Nr2e1 Gaba_1														
http://purl.obolibrary.org/obo/PCL_0113652	CS20230722_CLUS_1272	1272 MEA-BST Lhx6 Nr2e1 Gaba_1														
http://purl.obolibrary.org/obo/PCL_0113653	CS20230722_CLUS_1273	1273 MEA-BST Lhx6 Nr2e1 Gaba_2														
http://purl.obolibrary.org/obo/PCL_0113654	CS20230722_CLUS_1274	1274 MEA-BST Lhx6 Nr2e1 Gaba_2														
http://purl.obolibrary.org/obo/PCL_0113655	CS20230722_CLUS_1275	1275 MEA-BST Lhx6 Nr2e1 Gaba_2														
http://purl.obolibrary.org/obo/PCL_0113656	CS20230722_CLUS_1276	1276 MEA-BST Lhx6 Nr2e1 Gaba_2														
http://purl.obolibrary.org/obo/PCL_0113657	CS20230722_CLUS_1277	1277 MEA-BST Lhx6 Nr2e1 Gaba_2														
http://purl.obolibrary.org/obo/PCL_0113658	CS20230722_CLUS_1278	1278 MEA-BST Lhx6 Nr2e1 Gaba_2														
http://purl.obolibrary.org/obo/PCL_0113659	CS20230722_CLUS_1279	1279 MEA-BST Lhx6 Nr2e1 Gaba_2														
http://purl.obolibrary.org/obo/PCL_0113661	CS20230722_CLUS_1281	1281 MEA-BST Lhx6 Nfib Gaba_1														
http://purl.obolibrary.org/obo/PCL_0113662	CS20230722_CLUS_1282	1282 MEA-BST Lhx6 Nfib Gaba_1														
http://purl.obolibrary.org/obo/PCL_0113663	CS20230722_CLUS_1283	1283 MEA-BST Lhx6 Nfib Gaba_1														
http://purl.obolibrary.org/obo/PCL_0113664	CS20230722_CLUS_1284	1284 MEA-BST Lhx6 Nfib Gaba_1														
http://purl.obolibrary.org/obo/PCL_0113665	CS20230722_CLUS_1285	1285 MEA-BST Lhx6 Nfib Gaba_1														
http://purl.obolibrary.org/obo/PCL_0113666	CS20230722_CLUS_1286	1286 MEA-BST Lhx6 Nfib Gaba_1														
http://purl.obolibrary.org/obo/PCL_0113667	CS20230722_CLUS_1287	1287 MEA-BST Lhx6 Nfib Gaba_1														
http://purl.obolibrary.org/obo/PCL_0113668	CS20230722_CLUS_1288	1288 MEA-BST Lhx6 Nfib Gaba_1														
http://purl.obolibrary.org/obo/PCL_0113669	CS20230722_CLUS_1289	1289 MEA-BST Lhx6 Nfib Gaba_2														
http://purl.obolibrary.org/obo/PCL_0113670	CS20230722_CLUS_1290	1290 MEA-BST Lhx6 Nfib Gaba_2														
http://purl.obolibrary.org/obo/PCL_0113671	CS20230722_CLUS_1291	1291 MEA-BST Lhx6 Nfib Gaba_2														
http://purl.obolibrary.org/obo/PCL_0113672	CS20230722_CLUS_1292	1292 MEA-BST Lhx6 Nfib Gaba_2														
http://purl.obolibrary.org/obo/PCL_0113673	CS20230722_CLUS_1293	1293 MEA-BST Lhx6 Nfib Gaba_2														
http://purl.obolibrary.org/obo/PCL_0113674	CS20230722_CLUS_1294	1294 MEA-BST Lhx6 Nfib Gaba_2														
http://purl.obolibrary.org/obo/PCL_0113675	CS20230722_CLUS_1295	1295 MEA-BST Lhx6 Nfib Gaba_2														
http://purl.obolibrary.org/obo/PCL_0113676	CS20230722_CLUS_1296	1296 MEA-BST Lhx6 Nfib Gaba_3														
http://purl.obolibrary.org/obo/PCL_0113677	CS20230722_CLUS_1297	1297 MEA-BST Lhx6 Nfib Gaba_3														
http://purl.obolibrary.org/obo/PCL_0113678	CS20230722_CLUS_1298	1298 MEA-BST Lhx6 Nfib Gaba_3														
http://purl.obolibrary.org/obo/PCL_0113679	CS20230722_CLUS_1299	1299 MEA-BST Lhx6 Nfib Gaba_3														
http://purl.obolibrary.org/obo/PCL_0113680	CS20230722_CLUS_1300	1300 MEA-BST Lhx6 Nfib Gaba_3														
http://purl.obolibrary.org/obo/PCL_0113681	CS20230722_CLUS_1301	1301 MEA-BST Lhx6 Nfib Gaba_4														
http://purl.obolibrary.org/obo/PCL_0113682	CS20230722_CLUS_1302	1302 MEA-BST Lhx6 Nfib Gaba_4														
http://purl.obolibrary.org/obo/PCL_0113683	CS20230722_CLUS_1303	1303 MEA-BST Lhx6 Nfib Gaba_4														
http://purl.obolibrary.org/obo/PCL_0113684	CS20230722_CLUS_1304	1304 MEA-BST Lhx6 Nfib Gaba_5														
http://purl.obolibrary.org/obo/PCL_0113685	CS20230722_CLUS_1305	1305 MEA-BST Lhx6 Nfib Gaba_5														
http://purl.obolibrary.org/obo/PCL_0113686	CS20230722_CLUS_1306	1306 MEA-BST Lhx6 Nfib Gaba_5														
http://purl.obolibrary.org/obo/PCL_0113687	CS20230722_CLUS_1307	1307 MEA-BST Lhx6 Nfib Gaba_5														
http://purl.obolibrary.org/obo/PCL_0113688	CS20230722_CLUS_1308	1308 MEA-BST Lhx6 Nfib Gaba_5														
http://purl.obolibrary.org/obo/PCL_0113689	CS20230722_CLUS_1309	1309 MEA-BST Lhx6 Nfib Gaba_5														
http://purl.obolibrary.org/obo/PCL_0113690	CS20230722_CLUS_1310	1310 MEA-BST Lhx6 Nfib Gaba_5														
http://purl.obolibrary.org/obo/PCL_0113691	CS20230722_CLUS_1311	1311 MEA-BST Lhx6 Nfib Gaba_6														
http://purl.obolibrary.org/obo/PCL_0113692	CS20230722_CLUS_1312	1312 MEA-BST Lhx6 Nfib Gaba_6														
http://purl.obolibrary.org/obo/PCL_0113693	CS20230722_CLUS_1313	1313 MEA-BST Lhx6 Nfib Gaba_6														
http://purl.obolibrary.org/obo/PCL_0113694	CS20230722_CLUS_1314	1314 MEA-BST Lhx6 Nfib Gaba_6														
http://purl.obolibrary.org/obo/PCL_0113695	CS20230722_CLUS_1315	1315 CEA-BST Gal Avp Gaba_1														
http://purl.obolibrary.org/obo/PCL_0113696	CS20230722_CLUS_1316	1316 CEA-BST Gal Avp Gaba_1														
http://purl.obolibrary.org/obo/PCL_0113697	CS20230722_CLUS_1317	1317 SI-MA-ACB Ebf1 Bnc2 Gaba_1														
http://purl.obolibrary.org/obo/PCL_0113698	CS20230722_CLUS_1318	1318 SI-MA-ACB Ebf1 Bnc2 Gaba_1														
http://purl.obolibrary.org/obo/PCL_0113699	CS20230722_CLUS_1319	1319 SI-MA-ACB Ebf1 Bnc2 Gaba_1														
http://purl.obolibrary.org/obo/PCL_0113700	CS20230722_CLUS_1320	1320 SI-MA-ACB Ebf1 Bnc2 Gaba_2														
http://purl.obolibrary.org/obo/PCL_0113701	CS20230722_CLUS_1321	1321 SI-MA-ACB Ebf1 Bnc2 Gaba_2														
http://purl.obolibrary.org/obo/PCL_0113702	CS20230722_CLUS_1322	1322 SI-MA-ACB Ebf1 Bnc2 Gaba_2														
http://purl.obolibrary.org/obo/PCL_0113703	CS20230722_CLUS_1323	1323 SI-MA-ACB Ebf1 Bnc2 Gaba_2														
http://purl.obolibrary.org/obo/PCL_0113704	CS20230722_CLUS_1324	1324 SI-MA-ACB Ebf1 Bnc2 Gaba_3														
http://purl.obolibrary.org/obo/PCL_0113705	CS20230722_CLUS_1325	1325 SI-MA-ACB Ebf1 Bnc2 Gaba_3														
http://purl.obolibrary.org/obo/PCL_0113706	CS20230722_CLUS_1326	1326 SI-MA-ACB Ebf1 Bnc2 Gaba_3														
http://purl.obolibrary.org/obo/PCL_0113707	CS20230722_CLUS_1327	1327 CEA-BST Six3 Cyp26b1 Gaba_1														
http://purl.obolibrary.org/obo/PCL_0113708	CS20230722_CLUS_1328	1328 CEA-BST Six3 Cyp26b1 Gaba_1														
http://purl.obolibrary.org/obo/PCL_0113709	CS20230722_CLUS_1329	1329 CEA-BST Six3 Cyp26b1 Gaba_1														
http://purl.obolibrary.org/obo/PCL_0113710	CS20230722_CLUS_1330	1330 CEA-BST Six3 Cyp26b1 Gaba_1														
http://purl.obolibrary.org/obo/PCL_0113711	CS20230722_CLUS_1331	1331 CEA-BST Six3 Cyp26b1 Gaba_2														
http://purl.obolibrary.org/obo/PCL_0113712	CS20230722_CLUS_1332	1332 CEA-BST Six3 Cyp26b1 Gaba_2														
http://purl.obolibrary.org/obo/PCL_0113713	CS20230722_CLUS_1333	1333 CEA-BST Six3 Cyp26b1 Gaba_2														
http://purl.obolibrary.org/obo/PCL_0113714	CS20230722_CLUS_1334	1334 CEA-BST Six3 Cyp26b1 Gaba_2														
http://purl.obolibrary.org/obo/PCL_0113715	CS20230722_CLUS_1335	1335 CEA-BST Six3 Cyp26b1 Gaba_2														
http://purl.obolibrary.org/obo/PCL_0113716	CS20230722_CLUS_1336	1336 CEA-BST Six3 Cyp26b1 Gaba_3														
http://purl.obolibrary.org/obo/PCL_0113717	CS20230722_CLUS_1337	1337 CEA-BST Six3 Cyp26b1 Gaba_3														
http://purl.obolibrary.org/obo/PCL_0113718	CS20230722_CLUS_1338	1338 CEA-BST Six3 Cyp26b1 Gaba_3														
http://purl.obolibrary.org/obo/PCL_0113719	CS20230722_CLUS_1339	1339 CEA-BST Six3 Cyp26b1 Gaba_3														
http://purl.obolibrary.org/obo/PCL_0113720	CS20230722_CLUS_1340	1340 CEA-BST Six3 Cyp26b1 Gaba_4														
http://purl.obolibrary.org/obo/PCL_0113721	CS20230722_CLUS_1341	1341 CEA-BST Six3 Cyp26b1 Gaba_4														
http://purl.obolibrary.org/obo/PCL_0113722	CS20230722_CLUS_1342	1342 CEA-BST Six3 Cyp26b1 Gaba_4														
http://purl.obolibrary.org/obo/PCL_0113723	CS20230722_CLUS_1343	1343 CEA-BST Six3 Cyp26b1 Gaba_4														
http://purl.obolibrary.org/obo/PCL_0113724	CS20230722_CLUS_1344	1344 CEA-BST Six3 Cyp26b1 Gaba_5														
http://purl.obolibrary.org/obo/PCL_0113725	CS20230722_CLUS_1345	1345 CEA-BST Six3 Cyp26b1 Gaba_5														
http://purl.obolibrary.org/obo/PCL_0113726	CS20230722_CLUS_1346	1346 CEA-BST Six3 Cyp26b1 Gaba_6														
http://purl.obolibrary.org/obo/PCL_0113727	CS20230722_CLUS_1347	1347 CEA-BST Six3 Cyp26b1 Gaba_6														
http://purl.obolibrary.org/obo/PCL_0113728	CS20230722_CLUS_1348	1348 CEA-AAA-BST Six3 Sp9 Gaba_1														
http://purl.obolibrary.org/obo/PCL_0113729	CS20230722_CLUS_1349	1349 CEA-AAA-BST Six3 Sp9 Gaba_1														
http://purl.obolibrary.org/obo/PCL_0113730	CS20230722_CLUS_1350	1350 CEA-AAA-BST Six3 Sp9 Gaba_1														
http://purl.obolibrary.org/obo/PCL_0113731	CS20230722_CLUS_1351	1351 CEA-AAA-BST Six3 Sp9 Gaba_1														
http://purl.obolibrary.org/obo/PCL_0113732	CS20230722_CLUS_1352	1352 CEA-AAA-BST Six3 Sp9 Gaba_1														
http://purl.obolibrary.org/obo/PCL_0113733	CS20230722_CLUS_1353	1353 CEA-AAA-BST Six3 Sp9 Gaba_1														
http://purl.obolibrary.org/obo/PCL_0113734	CS20230722_CLUS_1354	1354 CEA-AAA-BST Six3 Sp9 Gaba_2														
http://purl.obolibrary.org/obo/PCL_0113735	CS20230722_CLUS_1355	1355 CEA-AAA-BST Six3 Sp9 Gaba_2														
http://purl.obolibrary.org/obo/PCL_0113736	CS20230722_CLUS_1356	1356 CEA-AAA-BST Six3 Sp9 Gaba_2														
http://purl.obolibrary.org/obo/PCL_0113737	CS20230722_CLUS_1357	1357 CEA-AAA-BST Six3 Sp9 Gaba_2														
http://purl.obolibrary.org/obo/PCL_0113738	CS20230722_CLUS_1358	1358 CEA-AAA-BST Six3 Sp9 Gaba_2														
http://purl.obolibrary.org/obo/PCL_0113739	CS20230722_CLUS_1359	1359 CEA-AAA-BST Six3 Sp9 Gaba_2														
http://purl.obolibrary.org/obo/PCL_0113740	CS20230722_CLUS_1360	1360 CEA-AAA-BST Six3 Sp9 Gaba_3														
http://purl.obolibrary.org/obo/PCL_0113741	CS20230722_CLUS_1361	1361 CEA-AAA-BST Six3 Sp9 Gaba_3														
http://purl.obolibrary.org/obo/PCL_0113742	CS20230722_CLUS_1362	1362 CEA-AAA-BST Six3 Sp9 Gaba_3														
http://purl.obolibrary.org/obo/PCL_0113743	CS20230722_CLUS_1363	1363 CEA-AAA-BST Six3 Sp9 Gaba_4														
http://purl.obolibrary.org/obo/PCL_0113744	CS20230722_CLUS_1364	1364 CEA-AAA-BST Six3 Sp9 Gaba_4														
http://purl.obolibrary.org/obo/PCL_0113745	CS20230722_CLUS_1365	1365 CEA-AAA-BST Six3 Sp9 Gaba_4														
http://purl.obolibrary.org/obo/PCL_0113746	CS20230722_CLUS_1366	1366 CEA-AAA-BST Six3 Sp9 Gaba_4														
http://purl.obolibrary.org/obo/PCL_0113747	CS20230722_CLUS_1367	1367 CEA-AAA-BST Six3 Sp9 Gaba_4														
http://purl.obolibrary.org/obo/PCL_0113751	CS20230722_CLUS_1371	1371 CEA-AAA-BST Six3 Sp9 Gaba_8														
http://purl.obolibrary.org/obo/PCL_0113752	CS20230722_CLUS_1372	1372 CEA-AAA-BST Six3 Sp9 Gaba_8														
http://purl.obolibrary.org/obo/PCL_0113753	CS20230722_CLUS_1373	1373 ACB-BST-FS D1 Gaba_1														
http://purl.obolibrary.org/obo/PCL_0113754	CS20230722_CLUS_1374	1374 ACB-BST-FS D1 Gaba_1														
http://purl.obolibrary.org/obo/PCL_0113755	CS20230722_CLUS_1375	1375 ACB-BST-FS D1 Gaba_1														
http://purl.obolibrary.org/obo/PCL_0113756	CS20230722_CLUS_1376	1376 ACB-BST-FS D1 Gaba_2														
http://purl.obolibrary.org/obo/PCL_0113757	CS20230722_CLUS_1377	1377 ACB-BST-FS D1 Gaba_2														
http://purl.obolibrary.org/obo/PCL_0113758	CS20230722_CLUS_1378	1378 ACB-BST-FS D1 Gaba_2														
http://purl.obolibrary.org/obo/PCL_0113759	CS20230722_CLUS_1379	1379 ACB-BST-FS D1 Gaba_2														
http://purl.obolibrary.org/obo/PCL_0113760	CS20230722_CLUS_1380	1380 ACB-BST-FS D1 Gaba_3														
http://purl.obolibrary.org/obo/PCL_0113761	CS20230722_CLUS_1381	1381 ACB-BST-FS D1 Gaba_3														
http://purl.obolibrary.org/obo/PCL_0113762	CS20230722_CLUS_1382	1382 ACB-BST-FS D1 Gaba_3														
http://purl.obolibrary.org/obo/PCL_0113763	CS20230722_CLUS_1383	1383 ACB-BST-FS D1 Gaba_3														
http://purl.obolibrary.org/obo/PCL_0113764	CS20230722_CLUS_1384	1384 CEA-BST Ebf1 Pdyn Gaba_1														
http://purl.obolibrary.org/obo/PCL_0113765	CS20230722_CLUS_1385	1385 CEA-BST Ebf1 Pdyn Gaba_1														
http://purl.obolibrary.org/obo/PCL_0113766	CS20230722_CLUS_1386	1386 CEA-BST Ebf1 Pdyn Gaba_1														
http://purl.obolibrary.org/obo/PCL_0113767	CS20230722_CLUS_1387	1387 CEA-BST Ebf1 Pdyn Gaba_2														
http://purl.obolibrary.org/obo/PCL_0113768	CS20230722_CLUS_1388	1388 CEA-BST Ebf1 Pdyn Gaba_2														
http://purl.obolibrary.org/obo/PCL_0113769	CS20230722_CLUS_1389	1389 CEA-BST Ebf1 Pdyn Gaba_2														
http://purl.obolibrary.org/obo/PCL_0113770	CS20230722_CLUS_1390	1390 CEA-BST Ebf1 Pdyn Gaba_3														
http://purl.obolibrary.org/obo/PCL_0113771	CS20230722_CLUS_1391	1391 CEA-BST Ebf1 Pdyn Gaba_3														
http://purl.obolibrary.org/obo/PCL_0113772	CS20230722_CLUS_1392	1392 CEA-BST Ebf1 Pdyn Gaba_3														
http://purl.obolibrary.org/obo/PCL_0113773	CS20230722_CLUS_1393	1393 CEA-BST Ebf1 Pdyn Gaba_3														
http://purl.obolibrary.org/obo/PCL_0113774	CS20230722_CLUS_1394	1394 CEA-BST Ebf1 Pdyn Gaba_3														
http://purl.obolibrary.org/obo/PCL_0113775	CS20230722_CLUS_1395	1395 CEA-BST Ebf1 Pdyn Gaba_4														
http://purl.obolibrary.org/obo/PCL_0113776	CS20230722_CLUS_1396	1396 CEA-BST Ebf1 Pdyn Gaba_4														
http://purl.obolibrary.org/obo/PCL_0113777	CS20230722_CLUS_1397	1397 CEA-BST Ebf1 Pdyn Gaba_4														
http://purl.obolibrary.org/obo/PCL_0113778	CS20230722_CLUS_1398	1398 CEA-BST Ebf1 Pdyn Gaba_5														
http://purl.obolibrary.org/obo/PCL_0113779	CS20230722_CLUS_1399	1399 CEA-BST Ebf1 Pdyn Gaba_5														
http://purl.obolibrary.org/obo/PCL_0113780	CS20230722_CLUS_1400	1400 CEA-BST Ebf1 Pdyn Gaba_5														
http://purl.obolibrary.org/obo/PCL_0113781	CS20230722_CLUS_1401	1401 CEA-BST Ebf1 Pdyn Gaba_5														
http://purl.obolibrary.org/obo/PCL_0113782	CS20230722_CLUS_1402	1402 CEA-BST Ebf1 Pdyn Gaba_6														
http://purl.obolibrary.org/obo/PCL_0113783	CS20230722_CLUS_1403	1403 CEA-BST Ebf1 Pdyn Gaba_6														
http://purl.obolibrary.org/obo/PCL_0113785	CS20230722_CLUS_1405	1405 CEA-BST Ebf1 Pdyn Gaba_8														
http://purl.obolibrary.org/obo/PCL_0113786	CS20230722_CLUS_1406	1406 CEA-BST Ebf1 Pdyn Gaba_8														
http://purl.obolibrary.org/obo/PCL_0113787	CS20230722_CLUS_1407	1407 CEA-BST Rai14 Pdyn Crh Gaba_1														
http://purl.obolibrary.org/obo/PCL_0113788	CS20230722_CLUS_1408	1408 CEA-BST Rai14 Pdyn Crh Gaba_1														
http://purl.obolibrary.org/obo/PCL_0113789	CS20230722_CLUS_1409	1409 CEA-BST Rai14 Pdyn Crh Gaba_2														
http://purl.obolibrary.org/obo/PCL_0113790	CS20230722_CLUS_1410	1410 CEA-BST Rai14 Pdyn Crh Gaba_2														
http://purl.obolibrary.org/obo/PCL_0113791	CS20230722_CLUS_1411	1411 BST-SI-AAA Six3 Slc22a3 Gaba_1														
http://purl.obolibrary.org/obo/PCL_0113792	CS20230722_CLUS_1412	1412 BST-SI-AAA Six3 Slc22a3 Gaba_1														
http://purl.obolibrary.org/obo/PCL_0113793	CS20230722_CLUS_1413	1413 BST-SI-AAA Six3 Slc22a3 Gaba_1														
http://purl.obolibrary.org/obo/PCL_0113794	CS20230722_CLUS_1414	1414 BST-SI-AAA Six3 Slc22a3 Gaba_2														
http://purl.obolibrary.org/obo/PCL_0113795	CS20230722_CLUS_1415	1415 BST-SI-AAA Six3 Slc22a3 Gaba_2														
http://purl.obolibrary.org/obo/PCL_0113796	CS20230722_CLUS_1416	1416 BST-SI-AAA Six3 Slc22a3 Gaba_2														
http://purl.obolibrary.org/obo/PCL_0113797	CS20230722_CLUS_1417	1417 BST-SI-AAA Six3 Slc22a3 Gaba_2														
http://purl.obolibrary.org/obo/PCL_0113798	CS20230722_CLUS_1418	1418 SI-MPO-LPO Lhx8 Gaba_1														
http://purl.obolibrary.org/obo/PCL_0113799	CS20230722_CLUS_1419	1419 SI-MPO-LPO Lhx8 Gaba_1														
http://purl.obolibrary.org/obo/PCL_0113800	CS20230722_CLUS_1420	1420 SI-MPO-LPO Lhx8 Gaba_1														
http://purl.obolibrary.org/obo/PCL_0113801	CS20230722_CLUS_1421	1421 SI-MPO-LPO Lhx8 Gaba_1														
http://purl.obolibrary.org/obo/PCL_0113802	CS20230722_CLUS_1422	1422 SI-MPO-LPO Lhx8 Gaba_1														
http://purl.obolibrary.org/obo/PCL_0113803	CS20230722_CLUS_1423	1423 SI-MPO-LPO Lhx8 Gaba_1														
http://purl.obolibrary.org/obo/PCL_0113804	CS20230722_CLUS_1424	1424 SI-MPO-LPO Lhx8 Gaba_1														
http://purl.obolibrary.org/obo/PCL_0113805	CS20230722_CLUS_1425	1425 SI-MPO-LPO Lhx8 Gaba_1														
http://purl.obolibrary.org/obo/PCL_0113806	CS20230722_CLUS_1426	1426 SI-MPO-LPO Lhx8 Gaba_1														
http://purl.obolibrary.org/obo/PCL_0113807	CS20230722_CLUS_1427	1427 SI-MPO-LPO Lhx8 Gaba_1														
http://purl.obolibrary.org/obo/PCL_0113808	CS20230722_CLUS_1428	1428 SI-MPO-LPO Lhx8 Gaba_1														
http://purl.obolibrary.org/obo/PCL_0113809	CS20230722_CLUS_1429	1429 SI-MPO-LPO Lhx8 Gaba_2														
http://purl.obolibrary.org/obo/PCL_0113810	CS20230722_CLUS_1430	1430 SI-MPO-LPO Lhx8 Gaba_2														
http://purl.obolibrary.org/obo/PCL_0113811	CS20230722_CLUS_1431	1431 SI-MPO-LPO Lhx8 Gaba_2														
http://purl.obolibrary.org/obo/PCL_0113812	CS20230722_CLUS_1432	1432 SI-MPO-LPO Lhx8 Gaba_2														
http://purl.obolibrary.org/obo/PCL_0113813	CS20230722_CLUS_1433	1433 SI-MPO-LPO Lhx8 Gaba_2														
http://purl.obolibrary.org/obo/PCL_0113814	CS20230722_CLUS_1434	1434 SI-MPO-LPO Lhx8 Gaba_2														
http://purl.obolibrary.org/obo/PCL_0113815	CS20230722_CLUS_1435	1435 SI-MPO-LPO Lhx8 Gaba_2														
http://purl.obolibrary.org/obo/PCL_0113816	CS20230722_CLUS_1436	1436 SI-MPO-LPO Lhx8 Gaba_2														
http://purl.obolibrary.org/obo/PCL_0113817	CS20230722_CLUS_1437	1437 SI-MPO-LPO Lhx8 Gaba_2														
http://purl.obolibrary.org/obo/PCL_0113818	CS20230722_CLUS_1438	1438 SI-MPO-LPO Lhx8 Gaba_2														
http://purl.obolibrary.org/obo/PCL_0113819	CS20230722_CLUS_1439	1439 SI-MPO-LPO Lhx8 Gaba_3														
http://purl.obolibrary.org/obo/PCL_0113820	CS20230722_CLUS_1440	1440 SI-MPO-LPO Lhx8 Gaba_3														
http://purl.obolibrary.org/obo/PCL_0113821	CS20230722_CLUS_1441	1441 SI-MPO-LPO Lhx8 Gaba_3														
http://purl.obolibrary.org/obo/PCL_0113822	CS20230722_CLUS_1442	1442 SI-MPO-LPO Lhx8 Gaba_3														
http://purl.obolibrary.org/obo/PCL_0113823	CS20230722_CLUS_1443	1443 SI-MPO-LPO Lhx8 Gaba_3														
http://purl.obolibrary.org/obo/PCL_0113824	CS20230722_CLUS_1444	1444 SI-MPO-LPO Lhx8 Gaba_3														
http://purl.obolibrary.org/obo/PCL_0113825	CS20230722_CLUS_1445	1445 SI-MPO-LPO Lhx8 Gaba_3														
http://purl.obolibrary.org/obo/PCL_0113826	CS20230722_CLUS_1446	1446 SI-MPO-LPO Lhx8 Gaba_4														
http://purl.obolibrary.org/obo/PCL_0113827	CS20230722_CLUS_1447	1447 SI-MPO-LPO Lhx8 Gaba_4														
http://purl.obolibrary.org/obo/PCL_0113828	CS20230722_CLUS_1448	1448 SI-MPO-LPO Lhx8 Gaba_4														
http://purl.obolibrary.org/obo/PCL_0113829	CS20230722_CLUS_1449	1449 SI-MPO-LPO Lhx8 Gaba_4														
http://purl.obolibrary.org/obo/PCL_0113830	CS20230722_CLUS_1450	1450 SI-MPO-LPO Lhx8 Gaba_4														
http://purl.obolibrary.org/obo/PCL_0113831	CS20230722_CLUS_1451	1451 SI-MPO-LPO Lhx8 Gaba_5														
http://purl.obolibrary.org/obo/PCL_0113832	CS20230722_CLUS_1452	1452 SI-MPO-LPO Lhx8 Gaba_5														
http://purl.obolibrary.org/obo/PCL_0113833	CS20230722_CLUS_1453	1453 SI-MPO-LPO Lhx8 Gaba_5														
http://purl.obolibrary.org/obo/PCL_0113834	CS20230722_CLUS_1454	1454 SI-MPO-LPO Lhx8 Gaba_5														
http://purl.obolibrary.org/obo/PCL_0113835	CS20230722_CLUS_1455	1455 SI-MPO-LPO Lhx8 Gaba_5														
http://purl.obolibrary.org/obo/PCL_0113837	CS20230722_CLUS_1457	1457 MPO-ADP Lhx8 Gaba_1														
http://purl.obolibrary.org/obo/PCL_0113838	CS20230722_CLUS_1458	1458 MPO-ADP Lhx8 Gaba_1														
http://purl.obolibrary.org/obo/PCL_0113839	CS20230722_CLUS_1459	1459 MPO-ADP Lhx8 Gaba_1														
http://purl.obolibrary.org/obo/PCL_0113840	CS20230722_CLUS_1460	1460 MPO-ADP Lhx8 Gaba_2														
http://purl.obolibrary.org/obo/PCL_0113841	CS20230722_CLUS_1461	1461 MPO-ADP Lhx8 Gaba_2														
http://purl.obolibrary.org/obo/PCL_0113842	CS20230722_CLUS_1462	1462 MPO-ADP Lhx8 Gaba_2														
http://purl.obolibrary.org/obo/PCL_0113843	CS20230722_CLUS_1463	1463 MPO-ADP Lhx8 Gaba_2														
http://purl.obolibrary.org/obo/PCL_0113844	CS20230722_CLUS_1464	1464 MPO-ADP Lhx8 Gaba_2														
http://purl.obolibrary.org/obo/PCL_0113845	CS20230722_CLUS_1465	1465 MPO-ADP Lhx8 Gaba_2														
http://purl.obolibrary.org/obo/PCL_0113846	CS20230722_CLUS_1466	1466 MPO-ADP Lhx8 Gaba_3														
http://purl.obolibrary.org/obo/PCL_0113847	CS20230722_CLUS_1467	1467 MPO-ADP Lhx8 Gaba_3														
http://purl.obolibrary.org/obo/PCL_0113848	CS20230722_CLUS_1468	1468 MPO-ADP Lhx8 Gaba_3														
http://purl.obolibrary.org/obo/PCL_0113849	CS20230722_CLUS_1469	1469 MPO-ADP Lhx8 Gaba_3														
http://purl.obolibrary.org/obo/PCL_0113850	CS20230722_CLUS_1470	1470 MPO-ADP Lhx8 Gaba_3														
http://purl.obolibrary.org/obo/PCL_0113851	CS20230722_CLUS_1471	1471 MPO-ADP Lhx8 Gaba_3														
http://purl.obolibrary.org/obo/PCL_0113852	CS20230722_CLUS_1472	1472 MPO-ADP Lhx8 Gaba_4														
http://purl.obolibrary.org/obo/PCL_0113853	CS20230722_CLUS_1473	1473 MPO-ADP Lhx8 Gaba_4														
http://purl.obolibrary.org/obo/PCL_0113854	CS20230722_CLUS_1474	1474 MPO-ADP Lhx8 Gaba_4														
http://purl.obolibrary.org/obo/PCL_0113855	CS20230722_CLUS_1475	1475 MPO-ADP Lhx8 Gaba_4														
http://purl.obolibrary.org/obo/PCL_0113856	CS20230722_CLUS_1476	1476 MPO-ADP Lhx8 Gaba_4														
http://purl.obolibrary.org/obo/PCL_0113857	CS20230722_CLUS_1477	1477 MPO-ADP Lhx8 Gaba_4														
http://purl.obolibrary.org/obo/PCL_0113858	CS20230722_CLUS_1478	1478 MPO-ADP Lhx8 Gaba_4														
http://purl.obolibrary.org/obo/PCL_0113859	CS20230722_CLUS_1479	1479 MPO-ADP Lhx8 Gaba_4														
http://purl.obolibrary.org/obo/PCL_0113860	CS20230722_CLUS_1480	1480 MPO-ADP Lhx8 Gaba_5														
http://purl.obolibrary.org/obo/PCL_0113861	CS20230722_CLUS_1481	1481 MPO-ADP Lhx8 Gaba_5														
http://purl.obolibrary.org/obo/PCL_0113862	CS20230722_CLUS_1482	1482 MPO-ADP Lhx8 Gaba_5														
http://purl.obolibrary.org/obo/PCL_0113863	CS20230722_CLUS_1483	1483 MPN-MPO-LPO Lhx6 Zfhx3 Gaba_1														
http://purl.obolibrary.org/obo/PCL_0113864	CS20230722_CLUS_1484	1484 MPN-MPO-LPO Lhx6 Zfhx3 Gaba_1														
http://purl.obolibrary.org/obo/PCL_0113865	CS20230722_CLUS_1485	1485 MPN-MPO-LPO Lhx6 Zfhx3 Gaba_1														
http://purl.obolibrary.org/obo/PCL_0113866	CS20230722_CLUS_1486	1486 MPN-MPO-LPO Lhx6 Zfhx3 Gaba_1														
http://purl.obolibrary.org/obo/PCL_0113867	CS20230722_CLUS_1487	1487 MPN-MPO-LPO Lhx6 Zfhx3 Gaba_1														
http://purl.obolibrary.org/obo/PCL_0113868	CS20230722_CLUS_1488	1488 MPN-MPO-LPO Lhx6 Zfhx3 Gaba_1														
http://purl.obolibrary.org/obo/PCL_0113869	CS20230722_CLUS_1489	1489 MPN-MPO-LPO Lhx6 Zfhx3 Gaba_2														
http://purl.obolibrary.org/obo/PCL_0113870	CS20230722_CLUS_1490	1490 MPN-MPO-LPO Lhx6 Zfhx3 Gaba_2														
http://purl.obolibrary.org/obo/PCL_0113871	CS20230722_CLUS_1491	1491 MPN-MPO-LPO Lhx6 Zfhx3 Gaba_2														
http://purl.obolibrary.org/obo/PCL_0113872	CS20230722_CLUS_1492	1492 MPN-MPO-LPO Lhx6 Zfhx3 Gaba_2														
http://purl.obolibrary.org/obo/PCL_0113873	CS20230722_CLUS_1493	1493 BST Tac2 Gaba_1														
http://purl.obolibrary.org/obo/PCL_0113874	CS20230722_CLUS_1494	1494 BST Tac2 Gaba_1														
http://purl.obolibrary.org/obo/PCL_0113875	CS20230722_CLUS_1495	1495 BST Tac2 Gaba_1														
http://purl.obolibrary.org/obo/PCL_0113876	CS20230722_CLUS_1496	1496 BST Tac2 Gaba_1														
http://purl.obolibrary.org/obo/PCL_0113877	CS20230722_CLUS_1497	1497 BST Tac2 Gaba_1														
http://purl.obolibrary.org/obo/PCL_0113878	CS20230722_CLUS_1498	1498 BST Tac2 Gaba_1														
http://purl.obolibrary.org/obo/PCL_0113879	CS20230722_CLUS_1499	1499 BST Tac2 Gaba_2														
http://purl.obolibrary.org/obo/PCL_0113880	CS20230722_CLUS_1500	1500 BST Tac2 Gaba_2														
http://purl.obolibrary.org/obo/PCL_0113881	CS20230722_CLUS_1501	1501 BST Tac2 Gaba_2														
http://purl.obolibrary.org/obo/PCL_0113882	CS20230722_CLUS_1502	1502 BST Tac2 Gaba_2														
http://purl.obolibrary.org/obo/PCL_0113883	CS20230722_CLUS_1503	1503 PVR Six3 Sox3 Gaba_1														
http://purl.obolibrary.org/obo/PCL_0113884	CS20230722_CLUS_1504	1504 PVR Six3 Sox3 Gaba_1														
http://purl.obolibrary.org/obo/PCL_0113885	CS20230722_CLUS_1505	1505 PVR Six3 Sox3 Gaba_1														
http://purl.obolibrary.org/obo/PCL_0113886	CS20230722_CLUS_1506	1506 PVR Six3 Sox3 Gaba_1														
http://purl.obolibrary.org/obo/PCL_0113887	CS20230722_CLUS_1507	1507 PVR Six3 Sox3 Gaba_1														
http://purl.obolibrary.org/obo/PCL_0113888	CS20230722_CLUS_1508	1508 PVR Six3 Sox3 Gaba_2														
http://purl.obolibrary.org/obo/PCL_0113889	CS20230722_CLUS_1509	1509 PVR Six3 Sox3 Gaba_2														
http://purl.obolibrary.org/obo/PCL_0113890	CS20230722_CLUS_1510	1510 PVR Six3 Sox3 Gaba_2														
http://purl.obolibrary.org/obo/PCL_0113891	CS20230722_CLUS_1511	1511 PVR Six3 Sox3 Gaba_3														
http://purl.obolibrary.org/obo/PCL_0113892	CS20230722_CLUS_1512	1512 PVR Six3 Sox3 Gaba_3														
http://purl.obolibrary.org/obo/PCL_0113893	CS20230722_CLUS_1513	1513 PVR Six3 Sox3 Gaba_3														
http://purl.obolibrary.org/obo/PCL_0113894	CS20230722_CLUS_1514	1514 PVR Six3 Sox3 Gaba_3														
http://purl.obolibrary.org/obo/PCL_0113895	CS20230722_CLUS_1515	1515 PVR Six3 Sox3 Gaba_4														
http://purl.obolibrary.org/obo/PCL_0113896	CS20230722_CLUS_1516	1516 PVR Six3 Sox3 Gaba_4														
http://purl.obolibrary.org/obo/PCL_0113897	CS20230722_CLUS_1517	1517 PVR Six3 Sox3 Gaba_4														
http://purl.obolibrary.org/obo/PCL_0113898	CS20230722_CLUS_1518	1518 PVR Six3 Sox3 Gaba_4														
http://purl.obolibrary.org/obo/PCL_0113899	CS20230722_CLUS_1519	1519 PVR Six3 Sox3 Gaba_4														
http://purl.obolibrary.org/obo/PCL_0113900	CS20230722_CLUS_1520	1520 PVR Six3 Sox3 Gaba_5														
http://purl.obolibrary.org/obo/PCL_0113901	CS20230722_CLUS_1521	1521 PVR Six3 Sox3 Gaba_5														
http://purl.obolibrary.org/obo/PCL_0113902	CS20230722_CLUS_1522	1522 PVR Six3 Sox3 Gaba_5														
http://purl.obolibrary.org/obo/PCL_0113904	CS20230722_CLUS_1524	1524 PVR Six3 Sox3 Gaba_7														
http://purl.obolibrary.org/obo/PCL_0113905	CS20230722_CLUS_1525	1525 PVR Six3 Sox3 Gaba_7														
http://purl.obolibrary.org/obo/PCL_0113906	CS20230722_CLUS_1526	1526 PVR Six3 Sox3 Gaba_7														
http://purl.obolibrary.org/obo/PCL_0113907	CS20230722_CLUS_1527	1527 PVR Six3 Sox3 Gaba_8														
http://purl.obolibrary.org/obo/PCL_0113908	CS20230722_CLUS_1528	1528 PVR Six3 Sox3 Gaba_8														
http://purl.obolibrary.org/obo/PCL_0113909	CS20230722_CLUS_1529	1529 PVR Six3 Sox3 Gaba_8														
http://purl.obolibrary.org/obo/PCL_0113910	CS20230722_CLUS_1530	1530 PVR Six3 Sox3 Gaba_8														
http://purl.obolibrary.org/obo/PCL_0113911	CS20230722_CLUS_1531	1531 PVR Six3 Sox3 Gaba_9														
http://purl.obolibrary.org/obo/PCL_0113912	CS20230722_CLUS_1532	1532 PVR Six3 Sox3 Gaba_9														
http://purl.obolibrary.org/obo/PCL_0113913	CS20230722_CLUS_1533	1533 PVR Six3 Sox3 Gaba_9														
http://purl.obolibrary.org/obo/PCL_0113914	CS20230722_CLUS_1534	1534 PVR Six3 Sox3 Gaba_9														
http://purl.obolibrary.org/obo/PCL_0113915	CS20230722_CLUS_1535	1535 PVR Six3 Sox3 Gaba_9														
http://purl.obolibrary.org/obo/PCL_0113916	CS20230722_CLUS_1536	1536 PVR Six3 Sox3 Gaba_9														
http://purl.obolibrary.org/obo/PCL_0113917	CS20230722_CLUS_1537	1537 PVR Six3 Sox3 Gaba_9														
http://purl.obolibrary.org/obo/PCL_0113918	CS20230722_CLUS_1538	1538 BST-MPN Six3 Nrgn Gaba_1														
http://purl.obolibrary.org/obo/PCL_0113919	CS20230722_CLUS_1539	1539 BST-MPN Six3 Nrgn Gaba_1														
http://purl.obolibrary.org/obo/PCL_0113921	CS20230722_CLUS_1541	1541 BST-MPN Six3 Nrgn Gaba_3														
http://purl.obolibrary.org/obo/PCL_0113922	CS20230722_CLUS_1542	1542 BST-MPN Six3 Nrgn Gaba_3														
http://purl.obolibrary.org/obo/PCL_0113923	CS20230722_CLUS_1543	1543 BST-MPN Six3 Nrgn Gaba_3														
http://purl.obolibrary.org/obo/PCL_0113924	CS20230722_CLUS_1544	1544 BST-MPN Six3 Nrgn Gaba_3														
http://purl.obolibrary.org/obo/PCL_0113925	CS20230722_CLUS_1545	1545 BST-MPN Six3 Nrgn Gaba_3														
http://purl.obolibrary.org/obo/PCL_0113926	CS20230722_CLUS_1546	1546 BST-MPN Six3 Nrgn Gaba_3														
http://purl.obolibrary.org/obo/PCL_0113927	CS20230722_CLUS_1547	1547 BST-MPN Six3 Nrgn Gaba_4														
http://purl.obolibrary.org/obo/PCL_0113928	CS20230722_CLUS_1548	1548 BST-MPN Six3 Nrgn Gaba_4														
http://purl.obolibrary.org/obo/PCL_0113929	CS20230722_CLUS_1549	1549 BST-MPN Six3 Nrgn Gaba_4														
http://purl.obolibrary.org/obo/PCL_0113930	CS20230722_CLUS_1550	1550 BST-MPN Six3 Nrgn Gaba_4														
http://purl.obolibrary.org/obo/PCL_0113931	CS20230722_CLUS_1551	1551 BST-MPN Six3 Nrgn Gaba_5														
http://purl.obolibrary.org/obo/PCL_0113932	CS20230722_CLUS_1552	1552 BST-MPN Six3 Nrgn Gaba_5														
http://purl.obolibrary.org/obo/PCL_0113933	CS20230722_CLUS_1553	1553 BST-MPN Six3 Nrgn Gaba_5														
http://purl.obolibrary.org/obo/PCL_0113934	CS20230722_CLUS_1554	1554 BST-MPN Six3 Nrgn Gaba_5														
http://purl.obolibrary.org/obo/PCL_0113935	CS20230722_CLUS_1555	1555 BST-MPN Six3 Nrgn Gaba_5														
http://purl.obolibrary.org/obo/PCL_0113936	CS20230722_CLUS_1556	1556 BST-MPN Six3 Nrgn Gaba_5														
http://purl.obolibrary.org/obo/PCL_0113937	CS20230722_CLUS_1557	1557 BST-MPN Six3 Nrgn Gaba_5														
http://purl.obolibrary.org/obo/PCL_0113938	CS20230722_CLUS_1558	1558 BST-MPN Six3 Nrgn Gaba_6														
http://purl.obolibrary.org/obo/PCL_0113939	CS20230722_CLUS_1559	1559 BST-MPN Six3 Nrgn Gaba_6														
http://purl.obolibrary.org/obo/PCL_0113940	CS20230722_CLUS_1560	1560 BST-MPN Six3 Nrgn Gaba_6														
http://purl.obolibrary.org/obo/PCL_0113941	CS20230722_CLUS_1561	1561 BST-MPN Six3 Nrgn Gaba_6														
http://purl.obolibrary.org/obo/PCL_0113942	CS20230722_CLUS_1562	1562 BST-MPN Six3 Nrgn Gaba_6														
http://purl.obolibrary.org/obo/PCL_0113943	CS20230722_CLUS_1563	1563 BST-MPN Six3 Nrgn Gaba_6														
http://purl.obolibrary.org/obo/PCL_0113944	CS20230722_CLUS_1564	1564 BST-MPN Six3 Nrgn Gaba_6														
http://purl.obolibrary.org/obo/PCL_0113945	CS20230722_CLUS_1565	1565 BST-MPN Six3 Nrgn Gaba_7														
http://purl.obolibrary.org/obo/PCL_0113946	CS20230722_CLUS_1566	1566 BST-MPN Six3 Nrgn Gaba_7														
http://purl.obolibrary.org/obo/PCL_0113947	CS20230722_CLUS_1567	1567 BST-MPN Six3 Nrgn Gaba_7														
http://purl.obolibrary.org/obo/PCL_0113948	CS20230722_CLUS_1568	1568 BST-MPN Six3 Nrgn Gaba_7														
http://purl.obolibrary.org/obo/PCL_0113949	CS20230722_CLUS_1569	1569 ARH-PVi Six6 Dopa-Gaba_1														
http://purl.obolibrary.org/obo/PCL_0113950	CS20230722_CLUS_1570	1570 ARH-PVi Six6 Dopa-Gaba_1														
http://purl.obolibrary.org/obo/PCL_0113951	CS20230722_CLUS_1571	1571 ARH-PVi Six6 Dopa-Gaba_1														
http://purl.obolibrary.org/obo/PCL_0113953	CS20230722_CLUS_1573	1573 TMv-PMv Tbx3 Hist-Gaba_1														
http://purl.obolibrary.org/obo/PCL_0113954	CS20230722_CLUS_1574	1574 TMv-PMv Tbx3 Hist-Gaba_1														
http://purl.obolibrary.org/obo/PCL_0113955	CS20230722_CLUS_1575	1575 TMv-PMv Tbx3 Hist-Gaba_1														
http://purl.obolibrary.org/obo/PCL_0113956	CS20230722_CLUS_1576	1576 TMv-PMv Tbx3 Hist-Gaba_1														
http://purl.obolibrary.org/obo/PCL_0113957	CS20230722_CLUS_1577	1577 TMv-PMv Tbx3 Hist-Gaba_1														
http://purl.obolibrary.org/obo/PCL_0113958	CS20230722_CLUS_1578	1578 TMv-PMv Tbx3 Hist-Gaba_2														
http://purl.obolibrary.org/obo/PCL_0113959	CS20230722_CLUS_1579	1579 TMv-PMv Tbx3 Hist-Gaba_2														
http://purl.obolibrary.org/obo/PCL_0113960	CS20230722_CLUS_1580	1580 RT-ZI Gnb3 Gaba_1														
http://purl.obolibrary.org/obo/PCL_0113961	CS20230722_CLUS_1581	1581 RT-ZI Gnb3 Gaba_1														
http://purl.obolibrary.org/obo/PCL_0113962	CS20230722_CLUS_1582	1582 RT-ZI Gnb3 Gaba_1														
http://purl.obolibrary.org/obo/PCL_0113963	CS20230722_CLUS_1583	1583 RT-ZI Gnb3 Gaba_1														
http://purl.obolibrary.org/obo/PCL_0113964	CS20230722_CLUS_1584	1584 RT-ZI Gnb3 Gaba_1														
http://purl.obolibrary.org/obo/PCL_0113965	CS20230722_CLUS_1585	1585 RT-ZI Gnb3 Gaba_1														
http://purl.obolibrary.org/obo/PCL_0113966	CS20230722_CLUS_1586	1586 RT-ZI Gnb3 Gaba_2														
http://purl.obolibrary.org/obo/PCL_0113967	CS20230722_CLUS_1587	1587 RT-ZI Gnb3 Gaba_2														
http://purl.obolibrary.org/obo/PCL_0113968	CS20230722_CLUS_1588	1588 RT-ZI Gnb3 Gaba_2														
http://purl.obolibrary.org/obo/PCL_0113969	CS20230722_CLUS_1589	1589 RT-ZI Gnb3 Gaba_2														
http://purl.obolibrary.org/obo/PCL_0113970	CS20230722_CLUS_1590	1590 RT-ZI Gnb3 Gaba_2														
http://purl.obolibrary.org/obo/PCL_0113971	CS20230722_CLUS_1591	1591 RT-ZI Gnb3 Gaba_3														
http://purl.obolibrary.org/obo/PCL_0113972	CS20230722_CLUS_1592	1592 RT-ZI Gnb3 Gaba_3														
http://purl.obolibrary.org/obo/PCL_0113973	CS20230722_CLUS_1593	1593 RT-ZI Gnb3 Gaba_3														
http://purl.obolibrary.org/obo/PCL_0113974	CS20230722_CLUS_1594	1594 RT-ZI Gnb3 Gaba_3														
http://purl.obolibrary.org/obo/PCL_0113975	CS20230722_CLUS_1595	1595 RT-ZI Gnb3 Gaba_4														
http://purl.obolibrary.org/obo/PCL_0113976	CS20230722_CLUS_1596	1596 RT-ZI Gnb3 Gaba_4														
http://purl.obolibrary.org/obo/PCL_0113977	CS20230722_CLUS_1597	1597 RT-ZI Gnb3 Gaba_4														
http://purl.obolibrary.org/obo/PCL_0113978	CS20230722_CLUS_1598	1598 RT-ZI Gnb3 Gaba_4														
http://purl.obolibrary.org/obo/PCL_0113979	CS20230722_CLUS_1599	1599 RT-ZI Gnb3 Gaba_4														
http://purl.obolibrary.org/obo/PCL_0113980	CS20230722_CLUS_1600	1600 RT-ZI Gnb3 Gaba_5														
http://purl.obolibrary.org/obo/PCL_0113981	CS20230722_CLUS_1601	1601 RT-ZI Gnb3 Gaba_5														
http://purl.obolibrary.org/obo/PCL_0113982	CS20230722_CLUS_1602	1602 RT-ZI Gnb3 Gaba_5														
http://purl.obolibrary.org/obo/PCL_0113983	CS20230722_CLUS_1603	1603 RT-ZI Gnb3 Gaba_5														
http://purl.obolibrary.org/obo/PCL_0113984	CS20230722_CLUS_1604	1604 RT-ZI Gnb3 Gaba_5														
http://purl.obolibrary.org/obo/PCL_0113985	CS20230722_CLUS_1605	1605 SCH Six6 Cdc14a Gaba_1														
http://purl.obolibrary.org/obo/PCL_0113986	CS20230722_CLUS_1606	1606 SCH Six6 Cdc14a Gaba_1														
http://purl.obolibrary.org/obo/PCL_0113987	CS20230722_CLUS_1607	1607 SCH Six6 Cdc14a Gaba_1														
http://purl.obolibrary.org/obo/PCL_0113988	CS20230722_CLUS_1608	1608 SCH Six6 Cdc14a Gaba_1														
http://purl.obolibrary.org/obo/PCL_0113989	CS20230722_CLUS_1609	1609 SCH Six6 Cdc14a Gaba_1														
http://purl.obolibrary.org/obo/PCL_0113990	CS20230722_CLUS_1610	1610 SCH Six6 Cdc14a Gaba_1														
http://purl.obolibrary.org/obo/PCL_0113991	CS20230722_CLUS_1611	1611 SCH Six6 Cdc14a Gaba_2														
http://purl.obolibrary.org/obo/PCL_0113992	CS20230722_CLUS_1612	1612 SCH Six6 Cdc14a Gaba_2														
http://purl.obolibrary.org/obo/PCL_0113993	CS20230722_CLUS_1613	1613 SCH Six6 Cdc14a Gaba_2														
http://purl.obolibrary.org/obo/PCL_0113994	CS20230722_CLUS_1614	1614 SCH Six6 Cdc14a Gaba_2														
http://purl.obolibrary.org/obo/PCL_0113995	CS20230722_CLUS_1615	1615 SCH Six6 Cdc14a Gaba_3														
http://purl.obolibrary.org/obo/PCL_0113996	CS20230722_CLUS_1616	1616 SCH Six6 Cdc14a Gaba_3														
http://purl.obolibrary.org/obo/PCL_0113997	CS20230722_CLUS_1617	1617 SCH Six6 Cdc14a Gaba_3														
http://purl.obolibrary.org/obo/PCL_0113998	CS20230722_CLUS_1618	1618 SCH Six6 Cdc14a Gaba_3														
http://purl.obolibrary.org/obo/PCL_0113999	CS20230722_CLUS_1619	1619 DMH Prdm13 Gaba_1														
http://purl.obolibrary.org/obo/PCL_0114000	CS20230722_CLUS_1620	1620 DMH Prdm13 Gaba_1														
http://purl.obolibrary.org/obo/PCL_0114001	CS20230722_CLUS_1621	1621 DMH Prdm13 Gaba_1														
http://purl.obolibrary.org/obo/PCL_0114002	CS20230722_CLUS_1622	1622 DMH Prdm13 Gaba_1														
http://purl.obolibrary.org/obo/PCL_0114003	CS20230722_CLUS_1623	1623 DMH Prdm13 Gaba_2														
http://purl.obolibrary.org/obo/PCL_0114004	CS20230722_CLUS_1624	1624 DMH Prdm13 Gaba_2														
http://purl.obolibrary.org/obo/PCL_0114006	CS20230722_CLUS_1626	1626 PVHd-SBPV Six3 Prox1 Gaba_1														
http://purl.obolibrary.org/obo/PCL_0114007	CS20230722_CLUS_1627	1627 PVHd-SBPV Six3 Prox1 Gaba_1														
http://purl.obolibrary.org/obo/PCL_0114008	CS20230722_CLUS_1628	1628 PVHd-SBPV Six3 Prox1 Gaba_1														
http://purl.obolibrary.org/obo/PCL_0114009	CS20230722_CLUS_1629	1629 PVHd-SBPV Six3 Prox1 Gaba_1														
http://purl.obolibrary.org/obo/PCL_0114010	CS20230722_CLUS_1630	1630 PVHd-SBPV Six3 Prox1 Gaba_1														
http://purl.obolibrary.org/obo/PCL_0114011	CS20230722_CLUS_1631	1631 PVHd-SBPV Six3 Prox1 Gaba_1														
http://purl.obolibrary.org/obo/PCL_0114012	CS20230722_CLUS_1632	1632 PVHd-SBPV Six3 Prox1 Gaba_1														
http://purl.obolibrary.org/obo/PCL_0114013	CS20230722_CLUS_1633	1633 PVHd-SBPV Six3 Prox1 Gaba_2														
http://purl.obolibrary.org/obo/PCL_0114014	CS20230722_CLUS_1634	1634 PVHd-SBPV Six3 Prox1 Gaba_2														
http://purl.obolibrary.org/obo/PCL_0114015	CS20230722_CLUS_1635	1635 PVHd-SBPV Six3 Prox1 Gaba_2														
http://purl.obolibrary.org/obo/PCL_0114016	CS20230722_CLUS_1636	1636 PVHd-SBPV Six3 Prox1 Gaba_2														
http://purl.obolibrary.org/obo/PCL_0114017	CS20230722_CLUS_1637	1637 PVHd-SBPV Six3 Prox1 Gaba_2														
http://purl.obolibrary.org/obo/PCL_0114018	CS20230722_CLUS_1638	1638 PVHd-SBPV Six3 Prox1 Gaba_3														
http://purl.obolibrary.org/obo/PCL_0114019	CS20230722_CLUS_1639	1639 PVHd-SBPV Six3 Prox1 Gaba_3														
http://purl.obolibrary.org/obo/PCL_0114020	CS20230722_CLUS_1640	1640 PVHd-SBPV Six3 Prox1 Gaba_3														
http://purl.obolibrary.org/obo/PCL_0114021	CS20230722_CLUS_1641	1641 PVHd-SBPV Six3 Prox1 Gaba_3														
http://purl.obolibrary.org/obo/PCL_0114022	CS20230722_CLUS_1642	1642 PVHd-SBPV Six3 Prox1 Gaba_4														
http://purl.obolibrary.org/obo/PCL_0114023	CS20230722_CLUS_1643	1643 PVHd-SBPV Six3 Prox1 Gaba_4														
http://purl.obolibrary.org/obo/PCL_0114024	CS20230722_CLUS_1644	1644 PVHd-SBPV Six3 Prox1 Gaba_4														
http://purl.obolibrary.org/obo/PCL_0114025	CS20230722_CLUS_1645	1645 PVHd-SBPV Six3 Prox1 Gaba_4														
http://purl.obolibrary.org/obo/PCL_0114026	CS20230722_CLUS_1646	1646 PVHd-SBPV Six3 Prox1 Gaba_4														
http://purl.obolibrary.org/obo/PCL_0114027	CS20230722_CLUS_1647	1647 AHN-SBPV-PVHd Pdrm12 Gaba_1														
http://purl.obolibrary.org/obo/PCL_0114028	CS20230722_CLUS_1648	1648 AHN-SBPV-PVHd Pdrm12 Gaba_1														
http://purl.obolibrary.org/obo/PCL_0114029	CS20230722_CLUS_1649	1649 AHN-SBPV-PVHd Pdrm12 Gaba_1														
http://purl.obolibrary.org/obo/PCL_0114030	CS20230722_CLUS_1650	1650 AHN-SBPV-PVHd Pdrm12 Gaba_1														
http://purl.obolibrary.org/obo/PCL_0114031	CS20230722_CLUS_1651	1651 AHN-SBPV-PVHd Pdrm12 Gaba_2														
http://purl.obolibrary.org/obo/PCL_0114032	CS20230722_CLUS_1652	1652 AHN-SBPV-PVHd Pdrm12 Gaba_2														
http://purl.obolibrary.org/obo/PCL_0114033	CS20230722_CLUS_1653	1653 AHN-SBPV-PVHd Pdrm12 Gaba_2														
http://purl.obolibrary.org/obo/PCL_0114034	CS20230722_CLUS_1654	1654 AHN-SBPV-PVHd Pdrm12 Gaba_2														
http://purl.obolibrary.org/obo/PCL_0114035	CS20230722_CLUS_1655	1655 AHN-SBPV-PVHd Pdrm12 Gaba_2														
http://purl.obolibrary.org/obo/PCL_0114036	CS20230722_CLUS_1656	1656 AHN-SBPV-PVHd Pdrm12 Gaba_2														
http://purl.obolibrary.org/obo/PCL_0114037	CS20230722_CLUS_1657	1657 AHN-SBPV-PVHd Pdrm12 Gaba_3														
http://purl.obolibrary.org/obo/PCL_0114038	CS20230722_CLUS_1658	1658 AHN-SBPV-PVHd Pdrm12 Gaba_3														
http://purl.obolibrary.org/obo/PCL_0114039	CS20230722_CLUS_1659	1659 AHN-SBPV-PVHd Pdrm12 Gaba_3														
http://purl.obolibrary.org/obo/PCL_0114040	CS20230722_CLUS_1660	1660 AHN-SBPV-PVHd Pdrm12 Gaba_3														
http://purl.obolibrary.org/obo/PCL_0114041	CS20230722_CLUS_1661	1661 AHN-SBPV-PVHd Pdrm12 Gaba_3														
http://purl.obolibrary.org/obo/PCL_0114042	CS20230722_CLUS_1662	1662 AHN-SBPV-PVHd Pdrm12 Gaba_3														
http://purl.obolibrary.org/obo/PCL_0114043	CS20230722_CLUS_1663	1663 AHN-SBPV-PVHd Pdrm12 Gaba_4														
http://purl.obolibrary.org/obo/PCL_0114044	CS20230722_CLUS_1664	1664 AHN-SBPV-PVHd Pdrm12 Gaba_4														
http://purl.obolibrary.org/obo/PCL_0114045	CS20230722_CLUS_1665	1665 AHN-SBPV-PVHd Pdrm12 Gaba_4														
http://purl.obolibrary.org/obo/PCL_0114046	CS20230722_CLUS_1666	1666 AHN-SBPV-PVHd Pdrm12 Gaba_4														
http://purl.obolibrary.org/obo/PCL_0114047	CS20230722_CLUS_1667	1667 AHN-SBPV-PVHd Pdrm12 Gaba_4														
http://purl.obolibrary.org/obo/PCL_0114048	CS20230722_CLUS_1668	1668 AHN-SBPV-PVHd Pdrm12 Gaba_5														
http://purl.obolibrary.org/obo/PCL_0114049	CS20230722_CLUS_1669	1669 AHN-SBPV-PVHd Pdrm12 Gaba_5														
http://purl.obolibrary.org/obo/PCL_0114050	CS20230722_CLUS_1670	1670 AHN-SBPV-PVHd Pdrm12 Gaba_5														
http://purl.obolibrary.org/obo/PCL_0114051	CS20230722_CLUS_1671	1671 AHN-SBPV-PVHd Pdrm12 Gaba_5														
http://purl.obolibrary.org/obo/PCL_0114052	CS20230722_CLUS_1672	1672 AHN-SBPV-PVHd Pdrm12 Gaba_6														
http://purl.obolibrary.org/obo/PCL_0114053	CS20230722_CLUS_1673	1673 AHN-SBPV-PVHd Pdrm12 Gaba_6														
http://purl.obolibrary.org/obo/PCL_0114054	CS20230722_CLUS_1674	1674 AHN-SBPV-PVHd Pdrm12 Gaba_6														
http://purl.obolibrary.org/obo/PCL_0114055	CS20230722_CLUS_1675	1675 AHN-SBPV-PVHd Pdrm12 Gaba_6														
http://purl.obolibrary.org/obo/PCL_0114056	CS20230722_CLUS_1676	1676 AHN-SBPV-PVHd Pdrm12 Gaba_6														
http://purl.obolibrary.org/obo/PCL_0114057	CS20230722_CLUS_1677	1677 AHN-SBPV-PVHd Pdrm12 Gaba_6														
http://purl.obolibrary.org/obo/PCL_0114058	CS20230722_CLUS_1678	1678 AHN-SBPV-PVHd Pdrm12 Gaba_7														
http://purl.obolibrary.org/obo/PCL_0114059	CS20230722_CLUS_1679	1679 AHN-SBPV-PVHd Pdrm12 Gaba_7														
http://purl.obolibrary.org/obo/PCL_0114060	CS20230722_CLUS_1680	1680 AHN-SBPV-PVHd Pdrm12 Gaba_7														
http://purl.obolibrary.org/obo/PCL_0114061	CS20230722_CLUS_1681	1681 AHN-SBPV-PVHd Pdrm12 Gaba_7														
http://purl.obolibrary.org/obo/PCL_0114062	CS20230722_CLUS_1682	1682 AHN-SBPV-PVHd Pdrm12 Gaba_7														
http://purl.obolibrary.org/obo/PCL_0114063	CS20230722_CLUS_1683	1683 SBPV-PVa Six6 Satb2 Gaba_1														
http://purl.obolibrary.org/obo/PCL_0114064	CS20230722_CLUS_1684	1684 SBPV-PVa Six6 Satb2 Gaba_1														
http://purl.obolibrary.org/obo/PCL_0114065	CS20230722_CLUS_1685	1685 SBPV-PVa Six6 Satb2 Gaba_1														
http://purl.obolibrary.org/obo/PCL_0114066	CS20230722_CLUS_1686	1686 SBPV-PVa Six6 Satb2 Gaba_1														
http://purl.obolibrary.org/obo/PCL_0114067	CS20230722_CLUS_1687	1687 SBPV-PVa Six6 Satb2 Gaba_1														
http://purl.obolibrary.org/obo/PCL_0114068	CS20230722_CLUS_1688	1688 SBPV-PVa Six6 Satb2 Gaba_2														
http://purl.obolibrary.org/obo/PCL_0114069	CS20230722_CLUS_1689	1689 SBPV-PVa Six6 Satb2 Gaba_2														
http://purl.obolibrary.org/obo/PCL_0114070	CS20230722_CLUS_1690	1690 SBPV-PVa Six6 Satb2 Gaba_2														
http://purl.obolibrary.org/obo/PCL_0114071	CS20230722_CLUS_1691	1691 SBPV-PVa Six6 Satb2 Gaba_2														
http://purl.obolibrary.org/obo/PCL_0114072	CS20230722_CLUS_1692	1692 SBPV-PVa Six6 Satb2 Gaba_2														
http://purl.obolibrary.org/obo/PCL_0114073	CS20230722_CLUS_1693	1693 SBPV-PVa Six6 Satb2 Gaba_2														
http://purl.obolibrary.org/obo/PCL_0114074	CS20230722_CLUS_1694	1694 SBPV-PVa Six6 Satb2 Gaba_3														
http://purl.obolibrary.org/obo/PCL_0114075	CS20230722_CLUS_1695	1695 SBPV-PVa Six6 Satb2 Gaba_3														
http://purl.obolibrary.org/obo/PCL_0114076	CS20230722_CLUS_1696	1696 SBPV-PVa Six6 Satb2 Gaba_3														
http://purl.obolibrary.org/obo/PCL_0114077	CS20230722_CLUS_1697	1697 SBPV-PVa Six6 Satb2 Gaba_3														
http://purl.obolibrary.org/obo/PCL_0114078	CS20230722_CLUS_1698	1698 AHN Onecut3 Gaba_1														
http://purl.obolibrary.org/obo/PCL_0114079	CS20230722_CLUS_1699	1699 AHN Onecut3 Gaba_1														
http://purl.obolibrary.org/obo/PCL_0114080	CS20230722_CLUS_1700	1700 AHN Onecut3 Gaba_1														
http://purl.obolibrary.org/obo/PCL_0114081	CS20230722_CLUS_1701	1701 AHN Onecut3 Gaba_1														
http://purl.obolibrary.org/obo/PCL_0114082	CS20230722_CLUS_1702	1702 AHN Onecut3 Gaba_1														
http://purl.obolibrary.org/obo/PCL_0114083	CS20230722_CLUS_1703	1703 AHN Onecut3 Gaba_1														
http://purl.obolibrary.org/obo/PCL_0114084	CS20230722_CLUS_1704	1704 AHN Onecut3 Gaba_1														
http://purl.obolibrary.org/obo/PCL_0114085	CS20230722_CLUS_1705	1705 AHN Onecut3 Gaba_2														
http://purl.obolibrary.org/obo/PCL_0114086	CS20230722_CLUS_1706	1706 AHN Onecut3 Gaba_2														
http://purl.obolibrary.org/obo/PCL_0114087	CS20230722_CLUS_1707	1707 AHN Onecut3 Gaba_2														
http://purl.obolibrary.org/obo/PCL_0114088	CS20230722_CLUS_1708	1708 AHN Onecut3 Gaba_2														
http://purl.obolibrary.org/obo/PCL_0114089	CS20230722_CLUS_1709	1709 AHN Onecut3 Gaba_2														
http://purl.obolibrary.org/obo/PCL_0114090	CS20230722_CLUS_1710	1710 AHN Onecut3 Gaba_3														
http://purl.obolibrary.org/obo/PCL_0114091	CS20230722_CLUS_1711	1711 AHN Onecut3 Gaba_3														
http://purl.obolibrary.org/obo/PCL_0114092	CS20230722_CLUS_1712	1712 AHN Onecut3 Gaba_3														
http://purl.obolibrary.org/obo/PCL_0114093	CS20230722_CLUS_1713	1713 AHN Onecut3 Gaba_3														
http://purl.obolibrary.org/obo/PCL_0114094	CS20230722_CLUS_1714	1714 ZI Pax6 Gaba_1														
http://purl.obolibrary.org/obo/PCL_0114095	CS20230722_CLUS_1715	1715 ZI Pax6 Gaba_1														
http://purl.obolibrary.org/obo/PCL_0114096	CS20230722_CLUS_1716	1716 ZI Pax6 Gaba_1														
http://purl.obolibrary.org/obo/PCL_0114097	CS20230722_CLUS_1717	1717 ZI Pax6 Gaba_1														
http://purl.obolibrary.org/obo/PCL_0114098	CS20230722_CLUS_1718	1718 ZI Pax6 Gaba_1														
http://purl.obolibrary.org/obo/PCL_0114099	CS20230722_CLUS_1719	1719 ZI Pax6 Gaba_1														
http://purl.obolibrary.org/obo/PCL_0114100	CS20230722_CLUS_1720	1720 ZI Pax6 Gaba_1														
http://purl.obolibrary.org/obo/PCL_0114101	CS20230722_CLUS_1721	1721 ZI Pax6 Gaba_1														
http://purl.obolibrary.org/obo/PCL_0114102	CS20230722_CLUS_1722	1722 ZI Pax6 Gaba_1														
http://purl.obolibrary.org/obo/PCL_0114103	CS20230722_CLUS_1723	1723 ZI Pax6 Gaba_1														
http://purl.obolibrary.org/obo/PCL_0114104	CS20230722_CLUS_1724	1724 ZI Pax6 Gaba_1														
http://purl.obolibrary.org/obo/PCL_0114105	CS20230722_CLUS_1725	1725 ZI Pax6 Gaba_2														
http://purl.obolibrary.org/obo/PCL_0114106	CS20230722_CLUS_1726	1726 ZI Pax6 Gaba_2														
http://purl.obolibrary.org/obo/PCL_0114107	CS20230722_CLUS_1727	1727 ZI Pax6 Gaba_2														
http://purl.obolibrary.org/obo/PCL_0114108	CS20230722_CLUS_1728	1728 ZI Pax6 Gaba_2														
http://purl.obolibrary.org/obo/PCL_0114109	CS20230722_CLUS_1729	1729 ZI Pax6 Gaba_2														
http://purl.obolibrary.org/obo/PCL_0114110	CS20230722_CLUS_1730	1730 ZI Pax6 Gaba_3														
http://purl.obolibrary.org/obo/PCL_0114111	CS20230722_CLUS_1731	1731 ZI Pax6 Gaba_3														
http://purl.obolibrary.org/obo/PCL_0114112	CS20230722_CLUS_1732	1732 ZI Pax6 Gaba_3														
http://purl.obolibrary.org/obo/PCL_0114113	CS20230722_CLUS_1733	1733 ZI Pax6 Gaba_3														
http://purl.obolibrary.org/obo/PCL_0114114	CS20230722_CLUS_1734	1734 ZI Pax6 Gaba_3														
http://purl.obolibrary.org/obo/PCL_0114115	CS20230722_CLUS_1735	1735 ZI Pax6 Gaba_3														
http://purl.obolibrary.org/obo/PCL_0114116	CS20230722_CLUS_1736	1736 ZI Pax6 Gaba_3														
http://purl.obolibrary.org/obo/PCL_0114117	CS20230722_CLUS_1737	1737 ZI Pax6 Gaba_3														
http://purl.obolibrary.org/obo/PCL_0114118	CS20230722_CLUS_1738	1738 ZI Pax6 Gaba_3														
http://purl.obolibrary.org/obo/PCL_0114119	CS20230722_CLUS_1739	1739 ZI Pax6 Gaba_4														
http://purl.obolibrary.org/obo/PCL_0114120	CS20230722_CLUS_1740	1740 ZI Pax6 Gaba_4														
http://purl.obolibrary.org/obo/PCL_0114121	CS20230722_CLUS_1741	1741 ZI Pax6 Gaba_4														
http://purl.obolibrary.org/obo/PCL_0114122	CS20230722_CLUS_1742	1742 ZI Pax6 Gaba_4														
http://purl.obolibrary.org/obo/PCL_0114123	CS20230722_CLUS_1743	1743 ZI Pax6 Gaba_4														
http://purl.obolibrary.org/obo/PCL_0114124	CS20230722_CLUS_1744	1744 ZI Pax6 Gaba_4														
http://purl.obolibrary.org/obo/PCL_0114125	CS20230722_CLUS_1745	1745 ZI Pax6 Gaba_4														
http://purl.obolibrary.org/obo/PCL_0114126	CS20230722_CLUS_1746	1746 ZI Pax6 Gaba_4														
http://purl.obolibrary.org/obo/PCL_0114127	CS20230722_CLUS_1747	1747 ZI Pax6 Gaba_4														
http://purl.obolibrary.org/obo/PCL_0114128	CS20230722_CLUS_1748	1748 ZI Pax6 Gaba_4														
http://purl.obolibrary.org/obo/PCL_0114129	CS20230722_CLUS_1749	1749 ZI Pax6 Gaba_5														
http://purl.obolibrary.org/obo/PCL_0114130	CS20230722_CLUS_1750	1750 ZI Pax6 Gaba_5														
http://purl.obolibrary.org/obo/PCL_0114131	CS20230722_CLUS_1751	1751 ZI Pax6 Gaba_5														
http://purl.obolibrary.org/obo/PCL_0114132	CS20230722_CLUS_1752	1752 ZI Pax6 Gaba_6														
http://purl.obolibrary.org/obo/PCL_0114133	CS20230722_CLUS_1753	1753 ZI Pax6 Gaba_6														
http://purl.obolibrary.org/obo/PCL_0114134	CS20230722_CLUS_1754	1754 ZI Pax6 Gaba_6														
http://purl.obolibrary.org/obo/PCL_0114135	CS20230722_CLUS_1755	1755 ZI Pax6 Gaba_6														
http://purl.obolibrary.org/obo/PCL_0114136	CS20230722_CLUS_1756	1756 ZI Pax6 Gaba_6														
http://purl.obolibrary.org/obo/PCL_0114137	CS20230722_CLUS_1757	1757 ZI Pax6 Gaba_6														
http://purl.obolibrary.org/obo/PCL_0114138	CS20230722_CLUS_1758	1758 ZI Pax6 Gaba_7														
http://purl.obolibrary.org/obo/PCL_0114139	CS20230722_CLUS_1759	1759 ZI Pax6 Gaba_7														
http://purl.obolibrary.org/obo/PCL_0114140	CS20230722_CLUS_1760	1760 ZI Pax6 Gaba_7														
http://purl.obolibrary.org/obo/PCL_0114141	CS20230722_CLUS_1761	1761 ZI Pax6 Gaba_7														
http://purl.obolibrary.org/obo/PCL_0114142	CS20230722_CLUS_1762	1762 ZI Pax6 Gaba_7														
http://purl.obolibrary.org/obo/PCL_0114143	CS20230722_CLUS_1763	1763 ZI Pax6 Gaba_7														
http://purl.obolibrary.org/obo/PCL_0114144	CS20230722_CLUS_1764	1764 ZI Pax6 Gaba_7														
http://purl.obolibrary.org/obo/PCL_0114145	CS20230722_CLUS_1765	1765 ZI Pax6 Gaba_7														
http://purl.obolibrary.org/obo/PCL_0114146	CS20230722_CLUS_1766	1766 ZI Pax6 Gaba_8														
http://purl.obolibrary.org/obo/PCL_0114147	CS20230722_CLUS_1767	1767 ZI Pax6 Gaba_8														
http://purl.obolibrary.org/obo/PCL_0114148	CS20230722_CLUS_1768	1768 ZI Pax6 Gaba_8														
http://purl.obolibrary.org/obo/PCL_0114149	CS20230722_CLUS_1769	1769 ZI Pax6 Gaba_8														
http://purl.obolibrary.org/obo/PCL_0114150	CS20230722_CLUS_1770	1770 ZI Pax6 Gaba_8														
http://purl.obolibrary.org/obo/PCL_0114151	CS20230722_CLUS_1771	1771 ZI Pax6 Gaba_8														
http://purl.obolibrary.org/obo/PCL_0114152	CS20230722_CLUS_1772	1772 ZI Pax6 Gaba_8														
http://purl.obolibrary.org/obo/PCL_0114153	CS20230722_CLUS_1773	1773 ZI Pax6 Gaba_8														
http://purl.obolibrary.org/obo/PCL_0114154	CS20230722_CLUS_1774	1774 ZI Pax6 Gaba_8														
http://purl.obolibrary.org/obo/PCL_0114155	CS20230722_CLUS_1775	1775 ZI Pax6 Gaba_9														
http://purl.obolibrary.org/obo/PCL_0114156	CS20230722_CLUS_1776	1776 ZI Pax6 Gaba_9														
http://purl.obolibrary.org/obo/PCL_0114157	CS20230722_CLUS_1777	1777 ZI Pax6 Gaba_9														
http://purl.obolibrary.org/obo/PCL_0114158	CS20230722_CLUS_1778	1778 ZI Pax6 Gaba_9														
http://purl.obolibrary.org/obo/PCL_0114159	CS20230722_CLUS_1779	1779 ZI Pax6 Gaba_10														
http://purl.obolibrary.org/obo/PCL_0114160	CS20230722_CLUS_1780	1780 ZI Pax6 Gaba_10														
http://purl.obolibrary.org/obo/PCL_0114161	CS20230722_CLUS_1781	1781 ZI Pax6 Gaba_10														
http://purl.obolibrary.org/obo/PCL_0114162	CS20230722_CLUS_1782	1782 ZI Pax6 Gaba_11														
http://purl.obolibrary.org/obo/PCL_0114163	CS20230722_CLUS_1783	1783 ZI Pax6 Gaba_11														
http://purl.obolibrary.org/obo/PCL_0114164	CS20230722_CLUS_1784	1784 ZI Pax6 Gaba_11														
http://purl.obolibrary.org/obo/PCL_0114165	CS20230722_CLUS_1785	1785 ZI Pax6 Gaba_11														
http://purl.obolibrary.org/obo/PCL_0114166	CS20230722_CLUS_1786	1786 ZI Pax6 Gaba_11														
http://purl.obolibrary.org/obo/PCL_0114167	CS20230722_CLUS_1787	1787 DMH-LHA Gsx1 Gaba_1														
http://purl.obolibrary.org/obo/PCL_0114168	CS20230722_CLUS_1788	1788 DMH-LHA Gsx1 Gaba_1														
http://purl.obolibrary.org/obo/PCL_0114169	CS20230722_CLUS_1789	1789 DMH-LHA Gsx1 Gaba_1														
http://purl.obolibrary.org/obo/PCL_0114170	CS20230722_CLUS_1790	1790 DMH-LHA Gsx1 Gaba_1														
http://purl.obolibrary.org/obo/PCL_0114171	CS20230722_CLUS_1791	1791 DMH-LHA Gsx1 Gaba_1														
http://purl.obolibrary.org/obo/PCL_0114172	CS20230722_CLUS_1792	1792 DMH-LHA Gsx1 Gaba_1														
http://purl.obolibrary.org/obo/PCL_0114173	CS20230722_CLUS_1793	1793 DMH-LHA Gsx1 Gaba_1														
http://purl.obolibrary.org/obo/PCL_0114174	CS20230722_CLUS_1794	1794 DMH-LHA Gsx1 Gaba_1														
http://purl.obolibrary.org/obo/PCL_0114175	CS20230722_CLUS_1795	1795 DMH-LHA Gsx1 Gaba_2														
http://purl.obolibrary.org/obo/PCL_0114176	CS20230722_CLUS_1796	1796 DMH-LHA Gsx1 Gaba_2														
http://purl.obolibrary.org/obo/PCL_0114177	CS20230722_CLUS_1797	1797 DMH-LHA Gsx1 Gaba_2														
http://purl.obolibrary.org/obo/PCL_0114178	CS20230722_CLUS_1798	1798 DMH-LHA Gsx1 Gaba_2														
http://purl.obolibrary.org/obo/PCL_0114179	CS20230722_CLUS_1799	1799 DMH-LHA Gsx1 Gaba_2														
http://purl.obolibrary.org/obo/PCL_0114180	CS20230722_CLUS_1800	1800 DMH-LHA Gsx1 Gaba_2														
http://purl.obolibrary.org/obo/PCL_0114181	CS20230722_CLUS_1801	1801 DMH-LHA Gsx1 Gaba_2														
http://purl.obolibrary.org/obo/PCL_0114182	CS20230722_CLUS_1802	1802 DMH-LHA Gsx1 Gaba_2														
http://purl.obolibrary.org/obo/PCL_0114183	CS20230722_CLUS_1803	1803 DMH-LHA Gsx1 Gaba_2														
http://purl.obolibrary.org/obo/PCL_0114184	CS20230722_CLUS_1804	1804 DMH-LHA Gsx1 Gaba_2														
http://purl.obolibrary.org/obo/PCL_0114185	CS20230722_CLUS_1805	1805 DMH-LHA Gsx1 Gaba_2														
http://purl.obolibrary.org/obo/PCL_0114186	CS20230722_CLUS_1806	1806 DMH-LHA Gsx1 Gaba_2														
http://purl.obolibrary.org/obo/PCL_0114187	CS20230722_CLUS_1807	1807 DMH-LHA Gsx1 Gaba_2														
http://purl.obolibrary.org/obo/PCL_0114188	CS20230722_CLUS_1808	1808 DMH-LHA Gsx1 Gaba_2														
http://purl.obolibrary.org/obo/PCL_0114189	CS20230722_CLUS_1809	1809 DMH-LHA Gsx1 Gaba_2														
http://purl.obolibrary.org/obo/PCL_0114191	CS20230722_CLUS_1811	1811 DMH-LHA Gsx1 Gaba_4														
http://purl.obolibrary.org/obo/PCL_0114192	CS20230722_CLUS_1812	1812 DMH-LHA Gsx1 Gaba_4														
http://purl.obolibrary.org/obo/PCL_0114193	CS20230722_CLUS_1813	1813 DMH-LHA Gsx1 Gaba_4														
http://purl.obolibrary.org/obo/PCL_0114194	CS20230722_CLUS_1814	1814 PVHd-DMH Lhx6 Gaba_1														
http://purl.obolibrary.org/obo/PCL_0114195	CS20230722_CLUS_1815	1815 PVHd-DMH Lhx6 Gaba_1														
http://purl.obolibrary.org/obo/PCL_0114196	CS20230722_CLUS_1816	1816 PVHd-DMH Lhx6 Gaba_1														
http://purl.obolibrary.org/obo/PCL_0114197	CS20230722_CLUS_1817	1817 PVHd-DMH Lhx6 Gaba_1														
http://purl.obolibrary.org/obo/PCL_0114198	CS20230722_CLUS_1818	1818 PVHd-DMH Lhx6 Gaba_1														
http://purl.obolibrary.org/obo/PCL_0114199	CS20230722_CLUS_1819	1819 PVHd-DMH Lhx6 Gaba_1														
http://purl.obolibrary.org/obo/PCL_0114200	CS20230722_CLUS_1820	1820 PVHd-DMH Lhx6 Gaba_1														
http://purl.obolibrary.org/obo/PCL_0114201	CS20230722_CLUS_1821	1821 PVHd-DMH Lhx6 Gaba_2														
http://purl.obolibrary.org/obo/PCL_0114202	CS20230722_CLUS_1822	1822 PVHd-DMH Lhx6 Gaba_2														
http://purl.obolibrary.org/obo/PCL_0114203	CS20230722_CLUS_1823	1823 PVHd-DMH Lhx6 Gaba_2														
http://purl.obolibrary.org/obo/PCL_0114204	CS20230722_CLUS_1824	1824 PVHd-DMH Lhx6 Gaba_2														
http://purl.obolibrary.org/obo/PCL_0114205	CS20230722_CLUS_1825	1825 PVHd-DMH Lhx6 Gaba_2														
http://purl.obolibrary.org/obo/PCL_0114206	CS20230722_CLUS_1826	1826 PVHd-DMH Lhx6 Gaba_2														
http://purl.obolibrary.org/obo/PCL_0114207	CS20230722_CLUS_1827	1827 PVHd-DMH Lhx6 Gaba_2														
http://purl.obolibrary.org/obo/PCL_0114208	CS20230722_CLUS_1828	1828 PVHd-DMH Lhx6 Gaba_2														
http://purl.obolibrary.org/obo/PCL_0114209	CS20230722_CLUS_1829	1829 PVHd-DMH Lhx6 Gaba_2														
http://purl.obolibrary.org/obo/PCL_0114210	CS20230722_CLUS_1830	1830 PVHd-DMH Lhx6 Gaba_3														
http://purl.obolibrary.org/obo/PCL_0114211	CS20230722_CLUS_1831	1831 PVHd-DMH Lhx6 Gaba_3														
http://purl.obolibrary.org/obo/PCL_0114212	CS20230722_CLUS_1832	1832 PVHd-DMH Lhx6 Gaba_3														
http://purl.obolibrary.org/obo/PCL_0114213	CS20230722_CLUS_1833	1833 PVHd-DMH Lhx6 Gaba_3														
http://purl.obolibrary.org/obo/PCL_0114214	CS20230722_CLUS_1834	1834 PVHd-DMH Lhx6 Gaba_4														
http://purl.obolibrary.org/obo/PCL_0114215	CS20230722_CLUS_1835	1835 PVHd-DMH Lhx6 Gaba_4														
http://purl.obolibrary.org/obo/PCL_0114216	CS20230722_CLUS_1836	1836 PVHd-DMH Lhx6 Gaba_4														
http://purl.obolibrary.org/obo/PCL_0114217	CS20230722_CLUS_1837	1837 TU-ARH Otp Six6 Gaba_1														
http://purl.obolibrary.org/obo/PCL_0114218	CS20230722_CLUS_1838	1838 TU-ARH Otp Six6 Gaba_1														
http://purl.obolibrary.org/obo/PCL_0114219	CS20230722_CLUS_1839	1839 TU-ARH Otp Six6 Gaba_1														
http://purl.obolibrary.org/obo/PCL_0114220	CS20230722_CLUS_1840	1840 TU-ARH Otp Six6 Gaba_1														
http://purl.obolibrary.org/obo/PCL_0114221	CS20230722_CLUS_1841	1841 TU-ARH Otp Six6 Gaba_1														
http://purl.obolibrary.org/obo/PCL_0114222	CS20230722_CLUS_1842	1842 TU-ARH Otp Six6 Gaba_1														
http://purl.obolibrary.org/obo/PCL_0114223	CS20230722_CLUS_1843	1843 TU-ARH Otp Six6 Gaba_1														
http://purl.obolibrary.org/obo/PCL_0114224	CS20230722_CLUS_1844	1844 TU-ARH Otp Six6 Gaba_2														
http://purl.obolibrary.org/obo/PCL_0114225	CS20230722_CLUS_1845	1845 TU-ARH Otp Six6 Gaba_2														
http://purl.obolibrary.org/obo/PCL_0114226	CS20230722_CLUS_1846	1846 TU-ARH Otp Six6 Gaba_2														
http://purl.obolibrary.org/obo/PCL_0114227	CS20230722_CLUS_1847	1847 TU-ARH Otp Six6 Gaba_2														
http://purl.obolibrary.org/obo/PCL_0114228	CS20230722_CLUS_1848	1848 TU-ARH Otp Six6 Gaba_2														
http://purl.obolibrary.org/obo/PCL_0114229	CS20230722_CLUS_1849	1849 TU-ARH Otp Six6 Gaba_2														
http://purl.obolibrary.org/obo/PCL_0114230	CS20230722_CLUS_1850	1850 TU-ARH Otp Six6 Gaba_2														
http://purl.obolibrary.org/obo/PCL_0114231	CS20230722_CLUS_1851	1851 TU-ARH Otp Six6 Gaba_2														
http://purl.obolibrary.org/obo/PCL_0114232	CS20230722_CLUS_1852	1852 TU-ARH Otp Six6 Gaba_2														
http://purl.obolibrary.org/obo/PCL_0114233	CS20230722_CLUS_1853	1853 TU-ARH Otp Six6 Gaba_3														
http://purl.obolibrary.org/obo/PCL_0114234	CS20230722_CLUS_1854	1854 TU-ARH Otp Six6 Gaba_3														
http://purl.obolibrary.org/obo/PCL_0114235	CS20230722_CLUS_1855	1855 TU-ARH Otp Six6 Gaba_3														
http://purl.obolibrary.org/obo/PCL_0114236	CS20230722_CLUS_1856	1856 TU-ARH Otp Six6 Gaba_3														
http://purl.obolibrary.org/obo/PCL_0114237	CS20230722_CLUS_1857	1857 TU-ARH Otp Six6 Gaba_3														
http://purl.obolibrary.org/obo/PCL_0114238	CS20230722_CLUS_1858	1858 TU-ARH Otp Six6 Gaba_3														
http://purl.obolibrary.org/obo/PCL_0114239	CS20230722_CLUS_1859	1859 TU-ARH Otp Six6 Gaba_3														
http://purl.obolibrary.org/obo/PCL_0114240	CS20230722_CLUS_1860	1860 TU-ARH Otp Six6 Gaba_3														
http://purl.obolibrary.org/obo/PCL_0114241	CS20230722_CLUS_1861	1861 TMd-DMH Foxd2 Gaba_1														
http://purl.obolibrary.org/obo/PCL_0114242	CS20230722_CLUS_1862	1862 TMd-DMH Foxd2 Gaba_1														
http://purl.obolibrary.org/obo/PCL_0114243	CS20230722_CLUS_1863	1863 TMd-DMH Foxd2 Gaba_1														
http://purl.obolibrary.org/obo/PCL_0114244	CS20230722_CLUS_1864	1864 TMd-DMH Foxd2 Gaba_1														
http://purl.obolibrary.org/obo/PCL_0114245	CS20230722_CLUS_1865	1865 TMd-DMH Foxd2 Gaba_1														
http://purl.obolibrary.org/obo/PCL_0114246	CS20230722_CLUS_1866	1866 TMd-DMH Foxd2 Gaba_1														
http://purl.obolibrary.org/obo/PCL_0114247	CS20230722_CLUS_1867	1867 TMd-DMH Foxd2 Gaba_1														
http://purl.obolibrary.org/obo/PCL_0114248	CS20230722_CLUS_1868	1868 TMd-DMH Foxd2 Gaba_1														
http://purl.obolibrary.org/obo/PCL_0114249	CS20230722_CLUS_1869	1869 TMd-DMH Foxd2 Gaba_1														
http://purl.obolibrary.org/obo/PCL_0114250	CS20230722_CLUS_1870	1870 PVpo-VMPO-MPN Hmx2 Gaba_1														
http://purl.obolibrary.org/obo/PCL_0114251	CS20230722_CLUS_1871	1871 PVpo-VMPO-MPN Hmx2 Gaba_1														
http://purl.obolibrary.org/obo/PCL_0114252	CS20230722_CLUS_1872	1872 PVpo-VMPO-MPN Hmx2 Gaba_1														
http://purl.obolibrary.org/obo/PCL_0114253	CS20230722_CLUS_1873	1873 PVpo-VMPO-MPN Hmx2 Gaba_1														
http://purl.obolibrary.org/obo/PCL_0114254	CS20230722_CLUS_1874	1874 PVpo-VMPO-MPN Hmx2 Gaba_1														
http://purl.obolibrary.org/obo/PCL_0114255	CS20230722_CLUS_1875	1875 PVpo-VMPO-MPN Hmx2 Gaba_1														
http://purl.obolibrary.org/obo/PCL_0114256	CS20230722_CLUS_1876	1876 PVpo-VMPO-MPN Hmx2 Gaba_1														
http://purl.obolibrary.org/obo/PCL_0114257	CS20230722_CLUS_1877	1877 PVpo-VMPO-MPN Hmx2 Gaba_1														
http://purl.obolibrary.org/obo/PCL_0114258	CS20230722_CLUS_1878	1878 PVpo-VMPO-MPN Hmx2 Gaba_1														
http://purl.obolibrary.org/obo/PCL_0114259	CS20230722_CLUS_1879	1879 PVpo-VMPO-MPN Hmx2 Gaba_1														
http://purl.obolibrary.org/obo/PCL_0114260	CS20230722_CLUS_1880	1880 PVpo-VMPO-MPN Hmx2 Gaba_1														
http://purl.obolibrary.org/obo/PCL_0114261	CS20230722_CLUS_1881	1881 PVpo-VMPO-MPN Hmx2 Gaba_1														
http://purl.obolibrary.org/obo/PCL_0114262	CS20230722_CLUS_1882	1882 PVpo-VMPO-MPN Hmx2 Gaba_1														
http://purl.obolibrary.org/obo/PCL_0114263	CS20230722_CLUS_1883	1883 PVpo-VMPO-MPN Hmx2 Gaba_1														
http://purl.obolibrary.org/obo/PCL_0114264	CS20230722_CLUS_1884	1884 PVpo-VMPO-MPN Hmx2 Gaba_1														
http://purl.obolibrary.org/obo/PCL_0114265	CS20230722_CLUS_1885	1885 PVpo-VMPO-MPN Hmx2 Gaba_1														
http://purl.obolibrary.org/obo/PCL_0114266	CS20230722_CLUS_1886	1886 PVpo-VMPO-MPN Hmx2 Gaba_1														
http://purl.obolibrary.org/obo/PCL_0114267	CS20230722_CLUS_1887	1887 PVpo-VMPO-MPN Hmx2 Gaba_1														
http://purl.obolibrary.org/obo/PCL_0114268	CS20230722_CLUS_1888	1888 PVpo-VMPO-MPN Hmx2 Gaba_2														
http://purl.obolibrary.org/obo/PCL_0114269	CS20230722_CLUS_1889	1889 PVpo-VMPO-MPN Hmx2 Gaba_2														
http://purl.obolibrary.org/obo/PCL_0114270	CS20230722_CLUS_1890	1890 PVpo-VMPO-MPN Hmx2 Gaba_2														
http://purl.obolibrary.org/obo/PCL_0114271	CS20230722_CLUS_1891	1891 PVpo-VMPO-MPN Hmx2 Gaba_2														
http://purl.obolibrary.org/obo/PCL_0114272	CS20230722_CLUS_1892	1892 PVpo-VMPO-MPN Hmx2 Gaba_2														
http://purl.obolibrary.org/obo/PCL_0114273	CS20230722_CLUS_1893	1893 PVpo-VMPO-MPN Hmx2 Gaba_2														
http://purl.obolibrary.org/obo/PCL_0114274	CS20230722_CLUS_1894	1894 PVpo-VMPO-MPN Hmx2 Gaba_2														
http://purl.obolibrary.org/obo/PCL_0114275	CS20230722_CLUS_1895	1895 PVpo-VMPO-MPN Hmx2 Gaba_2														
http://purl.obolibrary.org/obo/PCL_0114276	CS20230722_CLUS_1896	1896 PVpo-VMPO-MPN Hmx2 Gaba_2														
http://purl.obolibrary.org/obo/PCL_0114277	CS20230722_CLUS_1897	1897 PVpo-VMPO-MPN Hmx2 Gaba_2														
http://purl.obolibrary.org/obo/PCL_0114278	CS20230722_CLUS_1898	1898 PVpo-VMPO-MPN Hmx2 Gaba_2														
http://purl.obolibrary.org/obo/PCL_0114279	CS20230722_CLUS_1899	1899 PVpo-VMPO-MPN Hmx2 Gaba_2														
http://purl.obolibrary.org/obo/PCL_0114280	CS20230722_CLUS_1900	1900 PVpo-VMPO-MPN Hmx2 Gaba_2														
http://purl.obolibrary.org/obo/PCL_0114281	CS20230722_CLUS_1901	1901 PVpo-VMPO-MPN Hmx2 Gaba_2														
http://purl.obolibrary.org/obo/PCL_0114282	CS20230722_CLUS_1902	1902 PVpo-VMPO-MPN Hmx2 Gaba_2														
http://purl.obolibrary.org/obo/PCL_0114283	CS20230722_CLUS_1903	1903 PVpo-VMPO-MPN Hmx2 Gaba_2														
http://purl.obolibrary.org/obo/PCL_0114284	CS20230722_CLUS_1904	1904 PVpo-VMPO-MPN Hmx2 Gaba_3														
http://purl.obolibrary.org/obo/PCL_0114285	CS20230722_CLUS_1905	1905 PVpo-VMPO-MPN Hmx2 Gaba_3														
http://purl.obolibrary.org/obo/PCL_0114286	CS20230722_CLUS_1906	1906 PVpo-VMPO-MPN Hmx2 Gaba_3														
http://purl.obolibrary.org/obo/PCL_0114287	CS20230722_CLUS_1907	1907 PVpo-VMPO-MPN Hmx2 Gaba_3														
http://purl.obolibrary.org/obo/PCL_0114288	CS20230722_CLUS_1908	1908 PVpo-VMPO-MPN Hmx2 Gaba_3														
http://purl.obolibrary.org/obo/PCL_0114289	CS20230722_CLUS_1909	1909 PVpo-VMPO-MPN Hmx2 Gaba_3														
http://purl.obolibrary.org/obo/PCL_0114290	CS20230722_CLUS_1910	1910 PVpo-VMPO-MPN Hmx2 Gaba_4														
http://purl.obolibrary.org/obo/PCL_0114291	CS20230722_CLUS_1911	1911 PVpo-VMPO-MPN Hmx2 Gaba_4														
http://purl.obolibrary.org/obo/PCL_0114292	CS20230722_CLUS_1912	1912 PVpo-VMPO-MPN Hmx2 Gaba_5														
http://purl.obolibrary.org/obo/PCL_0114293	CS20230722_CLUS_1913	1913 PVpo-VMPO-MPN Hmx2 Gaba_5														
http://purl.obolibrary.org/obo/PCL_0114294	CS20230722_CLUS_1914	1914 PVpo-VMPO-MPN Hmx2 Gaba_5														
http://purl.obolibrary.org/obo/PCL_0114295	CS20230722_CLUS_1915	1915 PVpo-VMPO-MPN Hmx2 Gaba_5														
http://purl.obolibrary.org/obo/PCL_0114296	CS20230722_CLUS_1916	1916 PVpo-VMPO-MPN Hmx2 Gaba_5														
http://purl.obolibrary.org/obo/PCL_0114297	CS20230722_CLUS_1917	1917 DMH Hmx2 Gaba_1														
http://purl.obolibrary.org/obo/PCL_0114298	CS20230722_CLUS_1918	1918 DMH Hmx2 Gaba_1														
http://purl.obolibrary.org/obo/PCL_0114299	CS20230722_CLUS_1919	1919 DMH Hmx2 Gaba_1														
http://purl.obolibrary.org/obo/PCL_0114300	CS20230722_CLUS_1920	1920 DMH Hmx2 Gaba_1														
http://purl.obolibrary.org/obo/PCL_0114301	CS20230722_CLUS_1921	1921 DMH Hmx2 Gaba_1														
http://purl.obolibrary.org/obo/PCL_0114302	CS20230722_CLUS_1922	1922 DMH Hmx2 Gaba_1														
http://purl.obolibrary.org/obo/PCL_0114303	CS20230722_CLUS_1923	1923 DMH Hmx2 Gaba_1														
http://purl.obolibrary.org/obo/PCL_0114304	CS20230722_CLUS_1924	1924 DMH Hmx2 Gaba_1														
http://purl.obolibrary.org/obo/PCL_0114305	CS20230722_CLUS_1925	1925 DMH Hmx2 Gaba_1														
http://purl.obolibrary.org/obo/PCL_0114306	CS20230722_CLUS_1926	1926 DMH Hmx2 Gaba_1														
http://purl.obolibrary.org/obo/PCL_0114307	CS20230722_CLUS_1927	1927 DMH Hmx2 Gaba_1														
http://purl.obolibrary.org/obo/PCL_0114308	CS20230722_CLUS_1928	1928 DMH Hmx2 Gaba_2														
http://purl.obolibrary.org/obo/PCL_0114309	CS20230722_CLUS_1929	1929 DMH Hmx2 Gaba_2														
http://purl.obolibrary.org/obo/PCL_0114310	CS20230722_CLUS_1930	1930 DMH Hmx2 Gaba_2														
http://purl.obolibrary.org/obo/PCL_0114311	CS20230722_CLUS_1931	1931 DMH Hmx2 Gaba_2														
http://purl.obolibrary.org/obo/PCL_0114312	CS20230722_CLUS_1932	1932 DMH Hmx2 Gaba_2														
http://purl.obolibrary.org/obo/PCL_0114313	CS20230722_CLUS_1933	1933 DMH Hmx2 Gaba_2														
http://purl.obolibrary.org/obo/PCL_0114314	CS20230722_CLUS_1934	1934 DMH Hmx2 Gaba_2														
http://purl.obolibrary.org/obo/PCL_0114315	CS20230722_CLUS_1935	1935 DMH Hmx2 Gaba_2														
http://purl.obolibrary.org/obo/PCL_0114316	CS20230722_CLUS_1936	1936 DMH Hmx2 Gaba_2														
http://purl.obolibrary.org/obo/PCL_0114317	CS20230722_CLUS_1937	1937 DMH Hmx2 Gaba_3														
http://purl.obolibrary.org/obo/PCL_0114318	CS20230722_CLUS_1938	1938 DMH Hmx2 Gaba_3														
http://purl.obolibrary.org/obo/PCL_0114319	CS20230722_CLUS_1939	1939 DMH Hmx2 Gaba_3														
http://purl.obolibrary.org/obo/PCL_0114320	CS20230722_CLUS_1940	1940 DMH Hmx2 Gaba_3														
http://purl.obolibrary.org/obo/PCL_0114321	CS20230722_CLUS_1941	1941 DMH Hmx2 Gaba_3														
http://purl.obolibrary.org/obo/PCL_0114322	CS20230722_CLUS_1942	1942 DMH Hmx2 Gaba_3														
http://purl.obolibrary.org/obo/PCL_0114323	CS20230722_CLUS_1943	1943 DMH Hmx2 Gaba_3														
http://purl.obolibrary.org/obo/PCL_0114324	CS20230722_CLUS_1944	1944 DMH Hmx2 Gaba_3														
http://purl.obolibrary.org/obo/PCL_0114325	CS20230722_CLUS_1945	1945 DMH Hmx2 Gaba_3														
http://purl.obolibrary.org/obo/PCL_0114326	CS20230722_CLUS_1946	1946 DMH Hmx2 Gaba_4														
http://purl.obolibrary.org/obo/PCL_0114327	CS20230722_CLUS_1947	1947 DMH Hmx2 Gaba_4														
http://purl.obolibrary.org/obo/PCL_0114328	CS20230722_CLUS_1948	1948 DMH Hmx2 Gaba_4														
http://purl.obolibrary.org/obo/PCL_0114329	CS20230722_CLUS_1949	1949 DMH Hmx2 Gaba_4														
http://purl.obolibrary.org/obo/PCL_0114330	CS20230722_CLUS_1950	1950 DMH Hmx2 Gaba_4														
http://purl.obolibrary.org/obo/PCL_0114331	CS20230722_CLUS_1951	1951 DMH Hmx2 Gaba_4														
http://purl.obolibrary.org/obo/PCL_0114332	CS20230722_CLUS_1952	1952 DMH Hmx2 Gaba_5														
http://purl.obolibrary.org/obo/PCL_0114333	CS20230722_CLUS_1953	1953 DMH Hmx2 Gaba_5														
http://purl.obolibrary.org/obo/PCL_0114334	CS20230722_CLUS_1954	1954 DMH Hmx2 Gaba_5														
http://purl.obolibrary.org/obo/PCL_0114335	CS20230722_CLUS_1955	1955 DMH Hmx2 Gaba_5														
http://purl.obolibrary.org/obo/PCL_0114336	CS20230722_CLUS_1956	1956 DMH Hmx2 Gaba_5														
http://purl.obolibrary.org/obo/PCL_0114337	CS20230722_CLUS_1957	1957 DMH Hmx2 Gaba_5														
http://purl.obolibrary.org/obo/PCL_0114338	CS20230722_CLUS_1958	1958 DMH Hmx2 Gaba_6														
http://purl.obolibrary.org/obo/PCL_0114339	CS20230722_CLUS_1959	1959 DMH Hmx2 Gaba_6														
http://purl.obolibrary.org/obo/PCL_0114340	CS20230722_CLUS_1960	1960 DMH Hmx2 Gaba_6														
http://purl.obolibrary.org/obo/PCL_0114341	CS20230722_CLUS_1961	1961 ARH-PVp Tbx3 Gaba_1														
http://purl.obolibrary.org/obo/PCL_0114342	CS20230722_CLUS_1962	1962 ARH-PVp Tbx3 Gaba_1														
http://purl.obolibrary.org/obo/PCL_0114343	CS20230722_CLUS_1963	1963 ARH-PVp Tbx3 Gaba_1														
http://purl.obolibrary.org/obo/PCL_0114344	CS20230722_CLUS_1964	1964 ARH-PVp Tbx3 Gaba_1														
http://purl.obolibrary.org/obo/PCL_0114345	CS20230722_CLUS_1965	1965 ARH-PVp Tbx3 Gaba_2														
http://purl.obolibrary.org/obo/PCL_0114346	CS20230722_CLUS_1966	1966 ARH-PVp Tbx3 Gaba_2														
http://purl.obolibrary.org/obo/PCL_0114347	CS20230722_CLUS_1967	1967 ARH-PVp Tbx3 Gaba_2														
http://purl.obolibrary.org/obo/PCL_0114348	CS20230722_CLUS_1968	1968 ARH-PVp Tbx3 Gaba_3														
http://purl.obolibrary.org/obo/PCL_0114349	CS20230722_CLUS_1969	1969 ARH-PVp Tbx3 Gaba_3														
http://purl.obolibrary.org/obo/PCL_0114350	CS20230722_CLUS_1970	1970 ARH-PVp Tbx3 Gaba_3														
http://purl.obolibrary.org/obo/PCL_0114351	CS20230722_CLUS_1971	1971 ARH-PVp Tbx3 Gaba_3														
http://purl.obolibrary.org/obo/PCL_0114352	CS20230722_CLUS_1972	1972 LGv-ZI Otx2 Gaba_1														
http://purl.obolibrary.org/obo/PCL_0114353	CS20230722_CLUS_1973	1973 LGv-ZI Otx2 Gaba_1														
http://purl.obolibrary.org/obo/PCL_0114354	CS20230722_CLUS_1974	1974 LGv-ZI Otx2 Gaba_1														
http://purl.obolibrary.org/obo/PCL_0114355	CS20230722_CLUS_1975	1975 LGv-ZI Otx2 Gaba_1														
http://purl.obolibrary.org/obo/PCL_0114356	CS20230722_CLUS_1976	1976 LGv-ZI Otx2 Gaba_1														
http://purl.obolibrary.org/obo/PCL_0114357	CS20230722_CLUS_1977	1977 LGv-ZI Otx2 Gaba_2														
http://purl.obolibrary.org/obo/PCL_0114358	CS20230722_CLUS_1978	1978 LGv-ZI Otx2 Gaba_2														
http://purl.obolibrary.org/obo/PCL_0114360	CS20230722_CLUS_1980	1980 LGv-ZI Otx2 Gaba_4														
http://purl.obolibrary.org/obo/PCL_0114361	CS20230722_CLUS_1981	1981 LGv-ZI Otx2 Gaba_4														
http://purl.obolibrary.org/obo/PCL_0114362	CS20230722_CLUS_1982	1982 LGv-ZI Otx2 Gaba_4														
http://purl.obolibrary.org/obo/PCL_0114363	CS20230722_CLUS_1983	1983 LGv-ZI Otx2 Gaba_4														
http://purl.obolibrary.org/obo/PCL_0114364	CS20230722_CLUS_1984	1984 LGv-ZI Otx2 Gaba_5														
http://purl.obolibrary.org/obo/PCL_0114365	CS20230722_CLUS_1985	1985 LGv-ZI Otx2 Gaba_5														
http://purl.obolibrary.org/obo/PCL_0114366	CS20230722_CLUS_1986	1986 LGv-ZI Otx2 Gaba_5														
http://purl.obolibrary.org/obo/PCL_0114367	CS20230722_CLUS_1987	1987 LGv-ZI Otx2 Gaba_5														
http://purl.obolibrary.org/obo/PCL_0114368	CS20230722_CLUS_1988	1988 LGv-ZI Otx2 Gaba_5														
http://purl.obolibrary.org/obo/PCL_0114370	CS20230722_CLUS_1990	1990 TRS-BAC Sln Glut_1														
http://purl.obolibrary.org/obo/PCL_0114371	CS20230722_CLUS_1991	1991 TRS-BAC Sln Glut_1														
http://purl.obolibrary.org/obo/PCL_0114372	CS20230722_CLUS_1992	1992 TRS-BAC Sln Glut_1														
http://purl.obolibrary.org/obo/PCL_0114373	CS20230722_CLUS_1993	1993 TRS-BAC Sln Glut_2														
http://purl.obolibrary.org/obo/PCL_0114374	CS20230722_CLUS_1994	1994 TRS-BAC Sln Glut_2														
http://purl.obolibrary.org/obo/PCL_0114375	CS20230722_CLUS_1995	1995 GPi Tbr1 Cngb3 Gaba-Glut_1														
http://purl.obolibrary.org/obo/PCL_0114376	CS20230722_CLUS_1996	1996 GPi Tbr1 Cngb3 Gaba-Glut_1														
http://purl.obolibrary.org/obo/PCL_0114377	CS20230722_CLUS_1997	1997 GPi Tbr1 Cngb3 Gaba-Glut_1														
http://purl.obolibrary.org/obo/PCL_0114378	CS20230722_CLUS_1998	1998 MEA-COA-BMA Ccdc42 Glut_1														
http://purl.obolibrary.org/obo/PCL_0114379	CS20230722_CLUS_1999	1999 MEA-COA-BMA Ccdc42 Glut_1														
http://purl.obolibrary.org/obo/PCL_0114380	CS20230722_CLUS_2000	2000 MEA-COA-BMA Ccdc42 Glut_1														
http://purl.obolibrary.org/obo/PCL_0114381	CS20230722_CLUS_2001	2001 MEA-COA-BMA Ccdc42 Glut_1														
http://purl.obolibrary.org/obo/PCL_0114382	CS20230722_CLUS_2002	2002 MEA-COA-BMA Ccdc42 Glut_1														
http://purl.obolibrary.org/obo/PCL_0114383	CS20230722_CLUS_2003	2003 MEA-COA-BMA Ccdc42 Glut_1														
http://purl.obolibrary.org/obo/PCL_0114385	CS20230722_CLUS_2005	2005 MEA-COA-BMA Ccdc42 Glut_3														
http://purl.obolibrary.org/obo/PCL_0114386	CS20230722_CLUS_2006	2006 MEA-COA-BMA Ccdc42 Glut_3														
http://purl.obolibrary.org/obo/PCL_0114387	CS20230722_CLUS_2007	2007 MEA-COA-BMA Ccdc42 Glut_3														
http://purl.obolibrary.org/obo/PCL_0114388	CS20230722_CLUS_2008	2008 MEA-COA-BMA Ccdc42 Glut_3														
http://purl.obolibrary.org/obo/PCL_0114389	CS20230722_CLUS_2009	2009 MEA-COA-BMA Ccdc42 Glut_3														
http://purl.obolibrary.org/obo/PCL_0114390	CS20230722_CLUS_2010	2010 MEA-COA-BMA Ccdc42 Glut_4														
http://purl.obolibrary.org/obo/PCL_0114391	CS20230722_CLUS_2011	2011 MEA-COA-BMA Ccdc42 Glut_4														
http://purl.obolibrary.org/obo/PCL_0114392	CS20230722_CLUS_2012	2012 MEA-COA-BMA Ccdc42 Glut_4														
http://purl.obolibrary.org/obo/PCL_0114393	CS20230722_CLUS_2013	2013 MEA-COA-BMA Ccdc42 Glut_4														
http://purl.obolibrary.org/obo/PCL_0114394	CS20230722_CLUS_2014	2014 COAa-PAA-MEA Barhl2 Glut_1														
http://purl.obolibrary.org/obo/PCL_0114395	CS20230722_CLUS_2015	2015 COAa-PAA-MEA Barhl2 Glut_1														
http://purl.obolibrary.org/obo/PCL_0114396	CS20230722_CLUS_2016	2016 COAa-PAA-MEA Barhl2 Glut_1														
http://purl.obolibrary.org/obo/PCL_0114397	CS20230722_CLUS_2017	2017 COAa-PAA-MEA Barhl2 Glut_1														
http://purl.obolibrary.org/obo/PCL_0114398	CS20230722_CLUS_2018	2018 COAa-PAA-MEA Barhl2 Glut_1														
http://purl.obolibrary.org/obo/PCL_0114399	CS20230722_CLUS_2019	2019 COAa-PAA-MEA Barhl2 Glut_1														
http://purl.obolibrary.org/obo/PCL_0114400	CS20230722_CLUS_2020	2020 COAa-PAA-MEA Barhl2 Glut_1														
http://purl.obolibrary.org/obo/PCL_0114401	CS20230722_CLUS_2021	2021 COAa-PAA-MEA Barhl2 Glut_1														
http://purl.obolibrary.org/obo/PCL_0114402	CS20230722_CLUS_2022	2022 COAa-PAA-MEA Barhl2 Glut_1														
http://purl.obolibrary.org/obo/PCL_0114403	CS20230722_CLUS_2023	2023 COAa-PAA-MEA Barhl2 Glut_1														
http://purl.obolibrary.org/obo/PCL_0114404	CS20230722_CLUS_2024	2024 COAa-PAA-MEA Barhl2 Glut_2														
http://purl.obolibrary.org/obo/PCL_0114405	CS20230722_CLUS_2025	2025 COAa-PAA-MEA Barhl2 Glut_2														
http://purl.obolibrary.org/obo/PCL_0114406	CS20230722_CLUS_2026	2026 COAa-PAA-MEA Barhl2 Glut_2														
http://purl.obolibrary.org/obo/PCL_0114407	CS20230722_CLUS_2027	2027 COAa-PAA-MEA Barhl2 Glut_3														
http://purl.obolibrary.org/obo/PCL_0114408	CS20230722_CLUS_2028	2028 COAa-PAA-MEA Barhl2 Glut_3														
http://purl.obolibrary.org/obo/PCL_0114409	CS20230722_CLUS_2029	2029 COAa-PAA-MEA Barhl2 Glut_3														
http://purl.obolibrary.org/obo/PCL_0114410	CS20230722_CLUS_2030	2030 COAa-PAA-MEA Barhl2 Glut_3														
http://purl.obolibrary.org/obo/PCL_0114411	CS20230722_CLUS_2031	2031 COAa-PAA-MEA Barhl2 Glut_3														
http://purl.obolibrary.org/obo/PCL_0114412	CS20230722_CLUS_2032	2032 COAa-PAA-MEA Barhl2 Glut_4														
http://purl.obolibrary.org/obo/PCL_0114413	CS20230722_CLUS_2033	2033 COAa-PAA-MEA Barhl2 Glut_4														
http://purl.obolibrary.org/obo/PCL_0114414	CS20230722_CLUS_2034	2034 COAa-PAA-MEA Barhl2 Glut_4														
http://purl.obolibrary.org/obo/PCL_0114415	CS20230722_CLUS_2035	2035 COAa-PAA-MEA Barhl2 Glut_5														
http://purl.obolibrary.org/obo/PCL_0114416	CS20230722_CLUS_2036	2036 COAa-PAA-MEA Barhl2 Glut_5														
http://purl.obolibrary.org/obo/PCL_0114417	CS20230722_CLUS_2037	2037 COAa-PAA-MEA Barhl2 Glut_5														
http://purl.obolibrary.org/obo/PCL_0114418	CS20230722_CLUS_2038	2038 COAa-PAA-MEA Barhl2 Glut_6														
http://purl.obolibrary.org/obo/PCL_0114419	CS20230722_CLUS_2039	2039 COAa-PAA-MEA Barhl2 Glut_6														
http://purl.obolibrary.org/obo/PCL_0114420	CS20230722_CLUS_2040	2040 COAa-PAA-MEA Barhl2 Glut_6														
http://purl.obolibrary.org/obo/PCL_0114421	CS20230722_CLUS_2041	2041 COAa-PAA-MEA Barhl2 Glut_7														
http://purl.obolibrary.org/obo/PCL_0114422	CS20230722_CLUS_2042	2042 COAa-PAA-MEA Barhl2 Glut_7														
http://purl.obolibrary.org/obo/PCL_0114423	CS20230722_CLUS_2043	2043 COAa-PAA-MEA Barhl2 Glut_7														
http://purl.obolibrary.org/obo/PCL_0114424	CS20230722_CLUS_2044	2044 COAa-PAA-MEA Barhl2 Glut_7														
http://purl.obolibrary.org/obo/PCL_0114425	CS20230722_CLUS_2045	2045 COAa-PAA-MEA Barhl2 Glut_7														
http://purl.obolibrary.org/obo/PCL_0114426	CS20230722_CLUS_2046	2046 COAa-PAA-MEA Barhl2 Glut_7														
http://purl.obolibrary.org/obo/PCL_0114427	CS20230722_CLUS_2047	2047 COAa-PAA-MEA Barhl2 Glut_7														
http://purl.obolibrary.org/obo/PCL_0114428	CS20230722_CLUS_2048	2048 COAa-PAA-MEA Barhl2 Glut_7														
http://purl.obolibrary.org/obo/PCL_0114429	CS20230722_CLUS_2049	2049 COAa-PAA-MEA Barhl2 Glut_8														
http://purl.obolibrary.org/obo/PCL_0114430	CS20230722_CLUS_2050	2050 COAa-PAA-MEA Barhl2 Glut_8														
http://purl.obolibrary.org/obo/PCL_0114431	CS20230722_CLUS_2051	2051 COAa-PAA-MEA Barhl2 Glut_8														
http://purl.obolibrary.org/obo/PCL_0114432	CS20230722_CLUS_2052	2052 COAa-PAA-MEA Barhl2 Glut_8														
http://purl.obolibrary.org/obo/PCL_0114434	CS20230722_CLUS_2054	2054 MS-SF Bsx Glut_1														
http://purl.obolibrary.org/obo/PCL_0114435	CS20230722_CLUS_2055	2055 MS-SF Bsx Glut_1														
http://purl.obolibrary.org/obo/PCL_0114436	CS20230722_CLUS_2056	2056 MS-SF Bsx Glut_1														
http://purl.obolibrary.org/obo/PCL_0114437	CS20230722_CLUS_2057	2057 MS-SF Bsx Glut_1														
http://purl.obolibrary.org/obo/PCL_0114438	CS20230722_CLUS_2058	2058 MS-SF Bsx Glut_1														
http://purl.obolibrary.org/obo/PCL_0114439	CS20230722_CLUS_2059	2059 MS-SF Bsx Glut_1														
http://purl.obolibrary.org/obo/PCL_0114440	CS20230722_CLUS_2060	2060 MS-SF Bsx Glut_1														
http://purl.obolibrary.org/obo/PCL_0114441	CS20230722_CLUS_2061	2061 MS-SF Bsx Glut_1														
http://purl.obolibrary.org/obo/PCL_0114442	CS20230722_CLUS_2062	2062 MS-SF Bsx Glut_1														
http://purl.obolibrary.org/obo/PCL_0114443	CS20230722_CLUS_2063	2063 MS-SF Bsx Glut_1														
http://purl.obolibrary.org/obo/PCL_0114444	CS20230722_CLUS_2064	2064 MS-SF Bsx Glut_1														
http://purl.obolibrary.org/obo/PCL_0114445	CS20230722_CLUS_2065	2065 MS-SF Bsx Glut_1														
http://purl.obolibrary.org/obo/PCL_0114446	CS20230722_CLUS_2066	2066 MS-SF Bsx Glut_1														
http://purl.obolibrary.org/obo/PCL_0114447	CS20230722_CLUS_2067	2067 MS-SF Bsx Glut_1														
http://purl.obolibrary.org/obo/PCL_0114448	CS20230722_CLUS_2068	2068 MS-SF Bsx Glut_1														
http://purl.obolibrary.org/obo/PCL_0114449	CS20230722_CLUS_2069	2069 MS-SF Bsx Glut_1														
http://purl.obolibrary.org/obo/PCL_0114450	CS20230722_CLUS_2070	2070 MS-SF Bsx Glut_1														
http://purl.obolibrary.org/obo/PCL_0114451	CS20230722_CLUS_2071	2071 MS-SF Bsx Glut_1														
http://purl.obolibrary.org/obo/PCL_0114452	CS20230722_CLUS_2072	2072 MS-SF Bsx Glut_1														
http://purl.obolibrary.org/obo/PCL_0114453	CS20230722_CLUS_2073	2073 AVPV-MEPO-SFO Tbr1 Glut_1														
http://purl.obolibrary.org/obo/PCL_0114454	CS20230722_CLUS_2074	2074 AVPV-MEPO-SFO Tbr1 Glut_1														
http://purl.obolibrary.org/obo/PCL_0114455	CS20230722_CLUS_2075	2075 AVPV-MEPO-SFO Tbr1 Glut_1														
http://purl.obolibrary.org/obo/PCL_0114456	CS20230722_CLUS_2076	2076 AVPV-MEPO-SFO Tbr1 Glut_1														
http://purl.obolibrary.org/obo/PCL_0114457	CS20230722_CLUS_2077	2077 AVPV-MEPO-SFO Tbr1 Glut_1														
http://purl.obolibrary.org/obo/PCL_0114458	CS20230722_CLUS_2078	2078 AVPV-MEPO-SFO Tbr1 Glut_1														
http://purl.obolibrary.org/obo/PCL_0114459	CS20230722_CLUS_2079	2079 AVPV-MEPO-SFO Tbr1 Glut_2														
http://purl.obolibrary.org/obo/PCL_0114460	CS20230722_CLUS_2080	2080 AVPV-MEPO-SFO Tbr1 Glut_2														
http://purl.obolibrary.org/obo/PCL_0114461	CS20230722_CLUS_2081	2081 AVPV-MEPO-SFO Tbr1 Glut_2														
http://purl.obolibrary.org/obo/PCL_0114462	CS20230722_CLUS_2082	2082 AVPV-MEPO-SFO Tbr1 Glut_2														
http://purl.obolibrary.org/obo/PCL_0114463	CS20230722_CLUS_2083	2083 AVPV-MEPO-SFO Tbr1 Glut_2														
http://purl.obolibrary.org/obo/PCL_0114464	CS20230722_CLUS_2084	2084 AVPV-MEPO-SFO Tbr1 Glut_3														
http://purl.obolibrary.org/obo/PCL_0114465	CS20230722_CLUS_2085	2085 AVPV-MEPO-SFO Tbr1 Glut_3														
http://purl.obolibrary.org/obo/PCL_0114466	CS20230722_CLUS_2086	2086 AVPV-MEPO-SFO Tbr1 Glut_3														
http://purl.obolibrary.org/obo/PCL_0114467	CS20230722_CLUS_2087	2087 AVPV-MEPO-SFO Tbr1 Glut_3														
http://purl.obolibrary.org/obo/PCL_0114468	CS20230722_CLUS_2088	2088 AVPV-MEPO-SFO Tbr1 Glut_3														
http://purl.obolibrary.org/obo/PCL_0114469	CS20230722_CLUS_2089	2089 AVPV-MEPO-SFO Tbr1 Glut_3														
http://purl.obolibrary.org/obo/PCL_0114470	CS20230722_CLUS_2090	2090 AVPV-MEPO-SFO Tbr1 Glut_3														
http://purl.obolibrary.org/obo/PCL_0114471	CS20230722_CLUS_2091	2091 AVPV-MEPO-SFO Tbr1 Glut_3														
http://purl.obolibrary.org/obo/PCL_0114472	CS20230722_CLUS_2092	2092 AVPV-MEPO-SFO Tbr1 Glut_4														
http://purl.obolibrary.org/obo/PCL_0114473	CS20230722_CLUS_2093	2093 AVPV-MEPO-SFO Tbr1 Glut_4														
http://purl.obolibrary.org/obo/PCL_0114474	CS20230722_CLUS_2094	2094 AVPV-MEPO-SFO Tbr1 Glut_4														
http://purl.obolibrary.org/obo/PCL_0114475	CS20230722_CLUS_2095	2095 AVPV-MEPO-SFO Tbr1 Glut_4														
http://purl.obolibrary.org/obo/PCL_0114476	CS20230722_CLUS_2096	2096 AVPV-MEPO-SFO Tbr1 Glut_5														
http://purl.obolibrary.org/obo/PCL_0114477	CS20230722_CLUS_2097	2097 AVPV-MEPO-SFO Tbr1 Glut_5														
http://purl.obolibrary.org/obo/PCL_0114478	CS20230722_CLUS_2098	2098 AVPV-MEPO-SFO Tbr1 Glut_5														
http://purl.obolibrary.org/obo/PCL_0114479	CS20230722_CLUS_2099	2099 LHA Barhl2 Glut_1														
http://purl.obolibrary.org/obo/PCL_0114480	CS20230722_CLUS_2100	2100 LHA Barhl2 Glut_1														
http://purl.obolibrary.org/obo/PCL_0114481	CS20230722_CLUS_2101	2101 LHA Barhl2 Glut_1														
http://purl.obolibrary.org/obo/PCL_0114482	CS20230722_CLUS_2102	2102 LHA Barhl2 Glut_1														
http://purl.obolibrary.org/obo/PCL_0114483	CS20230722_CLUS_2103	2103 LHA Barhl2 Glut_1														
http://purl.obolibrary.org/obo/PCL_0114484	CS20230722_CLUS_2104	2104 LHA Barhl2 Glut_1														
http://purl.obolibrary.org/obo/PCL_0114485	CS20230722_CLUS_2105	2105 LHA Barhl2 Glut_1														
http://purl.obolibrary.org/obo/PCL_0114486	CS20230722_CLUS_2106	2106 LHA Barhl2 Glut_2														
http://purl.obolibrary.org/obo/PCL_0114487	CS20230722_CLUS_2107	2107 LHA Barhl2 Glut_2														
http://purl.obolibrary.org/obo/PCL_0114488	CS20230722_CLUS_2108	2108 LHA Barhl2 Glut_2														
http://purl.obolibrary.org/obo/PCL_0114489	CS20230722_CLUS_2109	2109 LHA Barhl2 Glut_2														
http://purl.obolibrary.org/obo/PCL_0114490	CS20230722_CLUS_2110	2110 LHA Barhl2 Glut_2														
http://purl.obolibrary.org/obo/PCL_0114491	CS20230722_CLUS_2111	2111 LHA Barhl2 Glut_2														
http://purl.obolibrary.org/obo/PCL_0114493	CS20230722_CLUS_2113	2113 ADP-MPO Trp73 Glut_1														
http://purl.obolibrary.org/obo/PCL_0114494	CS20230722_CLUS_2114	2114 ADP-MPO Trp73 Glut_1														
http://purl.obolibrary.org/obo/PCL_0114495	CS20230722_CLUS_2115	2115 ADP-MPO Trp73 Glut_1														
http://purl.obolibrary.org/obo/PCL_0114496	CS20230722_CLUS_2116	2116 ADP-MPO Trp73 Glut_1														
http://purl.obolibrary.org/obo/PCL_0114497	CS20230722_CLUS_2117	2117 ADP-MPO Trp73 Glut_1														
http://purl.obolibrary.org/obo/PCL_0114498	CS20230722_CLUS_2118	2118 ADP-MPO Trp73 Glut_1														
http://purl.obolibrary.org/obo/PCL_0114499	CS20230722_CLUS_2119	2119 ADP-MPO Trp73 Glut_1														
http://purl.obolibrary.org/obo/PCL_0114500	CS20230722_CLUS_2120	2120 ADP-MPO Trp73 Glut_1														
http://purl.obolibrary.org/obo/PCL_0114501	CS20230722_CLUS_2121	2121 ADP-MPO Trp73 Glut_2														
http://purl.obolibrary.org/obo/PCL_0114502	CS20230722_CLUS_2122	2122 ADP-MPO Trp73 Glut_2														
http://purl.obolibrary.org/obo/PCL_0114503	CS20230722_CLUS_2123	2123 ADP-MPO Trp73 Glut_2														
http://purl.obolibrary.org/obo/PCL_0114504	CS20230722_CLUS_2124	2124 ADP-MPO Trp73 Glut_2														
http://purl.obolibrary.org/obo/PCL_0114505	CS20230722_CLUS_2125	2125 ADP-MPO Trp73 Glut_2														
http://purl.obolibrary.org/obo/PCL_0114506	CS20230722_CLUS_2126	2126 ADP-MPO Trp73 Glut_2														
http://purl.obolibrary.org/obo/PCL_0114507	CS20230722_CLUS_2127	2127 ADP-MPO Trp73 Glut_2														
http://purl.obolibrary.org/obo/PCL_0114508	CS20230722_CLUS_2128	2128 ADP-MPO Trp73 Glut_2														
http://purl.obolibrary.org/obo/PCL_0114509	CS20230722_CLUS_2129	2129 ADP-MPO Trp73 Glut_3														
http://purl.obolibrary.org/obo/PCL_0114510	CS20230722_CLUS_2130	2130 ADP-MPO Trp73 Glut_3														
http://purl.obolibrary.org/obo/PCL_0114511	CS20230722_CLUS_2131	2131 ADP-MPO Trp73 Glut_3														
http://purl.obolibrary.org/obo/PCL_0114512	CS20230722_CLUS_2132	2132 ADP-MPO Trp73 Glut_3														
http://purl.obolibrary.org/obo/PCL_0114513	CS20230722_CLUS_2133	2133 SI-MA-LPO-LHA Skor1 Glut_1														
http://purl.obolibrary.org/obo/PCL_0114514	CS20230722_CLUS_2134	2134 SI-MA-LPO-LHA Skor1 Glut_1														
http://purl.obolibrary.org/obo/PCL_0114515	CS20230722_CLUS_2135	2135 SI-MA-LPO-LHA Skor1 Glut_1														
http://purl.obolibrary.org/obo/PCL_0114516	CS20230722_CLUS_2136	2136 SI-MA-LPO-LHA Skor1 Glut_1														
http://purl.obolibrary.org/obo/PCL_0114517	CS20230722_CLUS_2137	2137 SI-MA-LPO-LHA Skor1 Glut_1														
http://purl.obolibrary.org/obo/PCL_0114518	CS20230722_CLUS_2138	2138 SI-MA-LPO-LHA Skor1 Glut_1														
http://purl.obolibrary.org/obo/PCL_0114519	CS20230722_CLUS_2139	2139 SI-MA-LPO-LHA Skor1 Glut_1														
http://purl.obolibrary.org/obo/PCL_0114520	CS20230722_CLUS_2140	2140 SI-MA-LPO-LHA Skor1 Glut_1														
http://purl.obolibrary.org/obo/PCL_0114521	CS20230722_CLUS_2141	2141 SI-MA-LPO-LHA Skor1 Glut_1														
http://purl.obolibrary.org/obo/PCL_0114522	CS20230722_CLUS_2142	2142 SI-MA-LPO-LHA Skor1 Glut_1														
http://purl.obolibrary.org/obo/PCL_0114523	CS20230722_CLUS_2143	2143 SI-MA-LPO-LHA Skor1 Glut_1														
http://purl.obolibrary.org/obo/PCL_0114524	CS20230722_CLUS_2144	2144 SI-MA-LPO-LHA Skor1 Glut_1														
http://purl.obolibrary.org/obo/PCL_0114525	CS20230722_CLUS_2145	2145 SI-MA-LPO-LHA Skor1 Glut_1														
http://purl.obolibrary.org/obo/PCL_0114526	CS20230722_CLUS_2146	2146 SI-MA-LPO-LHA Skor1 Glut_2														
http://purl.obolibrary.org/obo/PCL_0114527	CS20230722_CLUS_2147	2147 SI-MA-LPO-LHA Skor1 Glut_2														
http://purl.obolibrary.org/obo/PCL_0114528	CS20230722_CLUS_2148	2148 SI-MA-LPO-LHA Skor1 Glut_2														
http://purl.obolibrary.org/obo/PCL_0114529	CS20230722_CLUS_2149	2149 SI-MA-LPO-LHA Skor1 Glut_2														
http://purl.obolibrary.org/obo/PCL_0114530	CS20230722_CLUS_2150	2150 SI-MA-LPO-LHA Skor1 Glut_2														
http://purl.obolibrary.org/obo/PCL_0114531	CS20230722_CLUS_2151	2151 SI-MA-LPO-LHA Skor1 Glut_2														
http://purl.obolibrary.org/obo/PCL_0114532	CS20230722_CLUS_2152	2152 SI-MA-LPO-LHA Skor1 Glut_2														
http://purl.obolibrary.org/obo/PCL_0114533	CS20230722_CLUS_2153	2153 SI-MA-LPO-LHA Skor1 Glut_2														
http://purl.obolibrary.org/obo/PCL_0114534	CS20230722_CLUS_2154	2154 SI-MA-LPO-LHA Skor1 Glut_2														
http://purl.obolibrary.org/obo/PCL_0114535	CS20230722_CLUS_2155	2155 SI-MA-LPO-LHA Skor1 Glut_3														
http://purl.obolibrary.org/obo/PCL_0114536	CS20230722_CLUS_2156	2156 SI-MA-LPO-LHA Skor1 Glut_3														
http://purl.obolibrary.org/obo/PCL_0114537	CS20230722_CLUS_2157	2157 SI-MA-LPO-LHA Skor1 Glut_3														
http://purl.obolibrary.org/obo/PCL_0114538	CS20230722_CLUS_2158	2158 SI-MA-LPO-LHA Skor1 Glut_3														
http://purl.obolibrary.org/obo/PCL_0114539	CS20230722_CLUS_2159	2159 SI-MA-LPO-LHA Skor1 Glut_3														
http://purl.obolibrary.org/obo/PCL_0114540	CS20230722_CLUS_2160	2160 SI-MA-LPO-LHA Skor1 Glut_3														
http://purl.obolibrary.org/obo/PCL_0114541	CS20230722_CLUS_2161	2161 SI-MA-LPO-LHA Skor1 Glut_3														
http://purl.obolibrary.org/obo/PCL_0114542	CS20230722_CLUS_2162	2162 SI-MA-LPO-LHA Skor1 Glut_3														
http://purl.obolibrary.org/obo/PCL_0114543	CS20230722_CLUS_2163	2163 SI-MA-LPO-LHA Skor1 Glut_4														
http://purl.obolibrary.org/obo/PCL_0114544	CS20230722_CLUS_2164	2164 SI-MA-LPO-LHA Skor1 Glut_4														
http://purl.obolibrary.org/obo/PCL_0114545	CS20230722_CLUS_2165	2165 SI-MA-LPO-LHA Skor1 Glut_4														
http://purl.obolibrary.org/obo/PCL_0114546	CS20230722_CLUS_2166	2166 SI-MA-LPO-LHA Skor1 Glut_4														
http://purl.obolibrary.org/obo/PCL_0114547	CS20230722_CLUS_2167	2167 SI-MA-LPO-LHA Skor1 Glut_4														
http://purl.obolibrary.org/obo/PCL_0114548	CS20230722_CLUS_2168	2168 SI-MA-LPO-LHA Skor1 Glut_4														
http://purl.obolibrary.org/obo/PCL_0114549	CS20230722_CLUS_2169	2169 SI-MA-LPO-LHA Skor1 Glut_4														
http://purl.obolibrary.org/obo/PCL_0114550	CS20230722_CLUS_2170	2170 SI-MA-LPO-LHA Skor1 Glut_5														
http://purl.obolibrary.org/obo/PCL_0114551	CS20230722_CLUS_2171	2171 SI-MA-LPO-LHA Skor1 Glut_5														
http://purl.obolibrary.org/obo/PCL_0114552	CS20230722_CLUS_2172	2172 SI-MA-LPO-LHA Skor1 Glut_5														
http://purl.obolibrary.org/obo/PCL_0114553	CS20230722_CLUS_2173	2173 SI-MA-LPO-LHA Skor1 Glut_5														
http://purl.obolibrary.org/obo/PCL_0114554	CS20230722_CLUS_2174	2174 SI-MA-LPO-LHA Skor1 Glut_5														
http://purl.obolibrary.org/obo/PCL_0114555	CS20230722_CLUS_2175	2175 SI-MA-LPO-LHA Skor1 Glut_5														
http://purl.obolibrary.org/obo/PCL_0114556	CS20230722_CLUS_2176	2176 SI-MA-LPO-LHA Skor1 Glut_5														
http://purl.obolibrary.org/obo/PCL_0114557	CS20230722_CLUS_2177	2177 SI-MA-LPO-LHA Skor1 Glut_5														
http://purl.obolibrary.org/obo/PCL_0114558	CS20230722_CLUS_2178	2178 SI-MA-LPO-LHA Skor1 Glut_5														
http://purl.obolibrary.org/obo/PCL_0114559	CS20230722_CLUS_2179	2179 SI-MA-LPO-LHA Skor1 Glut_5														
http://purl.obolibrary.org/obo/PCL_0114560	CS20230722_CLUS_2180	2180 SI-MA-LPO-LHA Skor1 Glut_6														
http://purl.obolibrary.org/obo/PCL_0114561	CS20230722_CLUS_2181	2181 SI-MA-LPO-LHA Skor1 Glut_6														
http://purl.obolibrary.org/obo/PCL_0114562	CS20230722_CLUS_2182	2182 SI-MA-LPO-LHA Skor1 Glut_6														
http://purl.obolibrary.org/obo/PCL_0114563	CS20230722_CLUS_2183	2183 SI-MA-LPO-LHA Skor1 Glut_6														
http://purl.obolibrary.org/obo/PCL_0114564	CS20230722_CLUS_2184	2184 SI-MA-LPO-LHA Skor1 Glut_6														
http://purl.obolibrary.org/obo/PCL_0114565	CS20230722_CLUS_2185	2185 SI-MA-LPO-LHA Skor1 Glut_6														
http://purl.obolibrary.org/obo/PCL_0114566	CS20230722_CLUS_2186	2186 SI-MA-LPO-LHA Skor1 Glut_6														
http://purl.obolibrary.org/obo/PCL_0114567	CS20230722_CLUS_2187	2187 SI-MA-LPO-LHA Skor1 Glut_6														
http://purl.obolibrary.org/obo/PCL_0114568	CS20230722_CLUS_2188	2188 SI-MA-LPO-LHA Skor1 Glut_6														
http://purl.obolibrary.org/obo/PCL_0114569	CS20230722_CLUS_2189	2189 SI-MA-LPO-LHA Skor1 Glut_6														
http://purl.obolibrary.org/obo/PCL_0114570	CS20230722_CLUS_2190	2190 SI-MA-LPO-LHA Skor1 Glut_6														
http://purl.obolibrary.org/obo/PCL_0114571	CS20230722_CLUS_2191	2191 SI-MA-LPO-LHA Skor1 Glut_6														
http://purl.obolibrary.org/obo/PCL_0114572	CS20230722_CLUS_2192	2192 SI-MA-LPO-LHA Skor1 Glut_6														
http://purl.obolibrary.org/obo/PCL_0114573	CS20230722_CLUS_2193	2193 SI-MA-LPO-LHA Skor1 Glut_7														
http://purl.obolibrary.org/obo/PCL_0114574	CS20230722_CLUS_2194	2194 SI-MA-LPO-LHA Skor1 Glut_7														
http://purl.obolibrary.org/obo/PCL_0114575	CS20230722_CLUS_2195	2195 SI-MA-LPO-LHA Skor1 Glut_7														
http://purl.obolibrary.org/obo/PCL_0114576	CS20230722_CLUS_2196	2196 SI-MA-LPO-LHA Skor1 Glut_7														
http://purl.obolibrary.org/obo/PCL_0114577	CS20230722_CLUS_2197	2197 SI-MA-LPO-LHA Skor1 Glut_7														
http://purl.obolibrary.org/obo/PCL_0114578	CS20230722_CLUS_2198	2198 SI-MA-LPO-LHA Skor1 Glut_8														
http://purl.obolibrary.org/obo/PCL_0114579	CS20230722_CLUS_2199	2199 SI-MA-LPO-LHA Skor1 Glut_8														
http://purl.obolibrary.org/obo/PCL_0114580	CS20230722_CLUS_2200	2200 SI-MA-LPO-LHA Skor1 Glut_8														
http://purl.obolibrary.org/obo/PCL_0114581	CS20230722_CLUS_2201	2201 SI-MA-LPO-LHA Skor1 Glut_8														
http://purl.obolibrary.org/obo/PCL_0114582	CS20230722_CLUS_2202	2202 SI-MA-LPO-LHA Skor1 Glut_8														
http://purl.obolibrary.org/obo/PCL_0114583	CS20230722_CLUS_2203	2203 MEA Otp Foxp2 Glut_1														
http://purl.obolibrary.org/obo/PCL_0114584	CS20230722_CLUS_2204	2204 MEA Otp Foxp2 Glut_1														
http://purl.obolibrary.org/obo/PCL_0114585	CS20230722_CLUS_2205	2205 MEA Otp Foxp2 Glut_1														
http://purl.obolibrary.org/obo/PCL_0114586	CS20230722_CLUS_2206	2206 MEA Otp Foxp2 Glut_1														
http://purl.obolibrary.org/obo/PCL_0114587	CS20230722_CLUS_2207	2207 MEA Otp Foxp2 Glut_1														
http://purl.obolibrary.org/obo/PCL_0114588	CS20230722_CLUS_2208	2208 MEA-BST Otp Zic2 Glut_1														
http://purl.obolibrary.org/obo/PCL_0114589	CS20230722_CLUS_2209	2209 MEA-BST Otp Zic2 Glut_1														
http://purl.obolibrary.org/obo/PCL_0114590	CS20230722_CLUS_2210	2210 MEA-BST Otp Zic2 Glut_1														
http://purl.obolibrary.org/obo/PCL_0114591	CS20230722_CLUS_2211	2211 MEA-BST Otp Zic2 Glut_1														
http://purl.obolibrary.org/obo/PCL_0114592	CS20230722_CLUS_2212	2212 MEA-BST Otp Zic2 Glut_1														
http://purl.obolibrary.org/obo/PCL_0114593	CS20230722_CLUS_2213	2213 MEA-BST Otp Zic2 Glut_1														
http://purl.obolibrary.org/obo/PCL_0114594	CS20230722_CLUS_2214	2214 MEA-BST Otp Zic2 Glut_2														
http://purl.obolibrary.org/obo/PCL_0114595	CS20230722_CLUS_2215	2215 MEA-BST Otp Zic2 Glut_2														
http://purl.obolibrary.org/obo/PCL_0114596	CS20230722_CLUS_2216	2216 MEA-BST Otp Zic2 Glut_2														
http://purl.obolibrary.org/obo/PCL_0114598	CS20230722_CLUS_2218	2218 LHA-MEA Otp Glut_1														
http://purl.obolibrary.org/obo/PCL_0114599	CS20230722_CLUS_2219	2219 LHA-MEA Otp Glut_1														
http://purl.obolibrary.org/obo/PCL_0114600	CS20230722_CLUS_2220	2220 LHA-MEA Otp Glut_1														
http://purl.obolibrary.org/obo/PCL_0114601	CS20230722_CLUS_2221	2221 LHA-MEA Otp Glut_1														
http://purl.obolibrary.org/obo/PCL_0114602	CS20230722_CLUS_2222	2222 LHA-MEA Otp Glut_1														
http://purl.obolibrary.org/obo/PCL_0114603	CS20230722_CLUS_2223	2223 LHA-MEA Otp Glut_1														
http://purl.obolibrary.org/obo/PCL_0114606	CS20230722_CLUS_2226	2226 DMH Nkx2-4 Glut_2														
http://purl.obolibrary.org/obo/PCL_0114607	CS20230722_CLUS_2227	2227 DMH Nkx2-4 Glut_2														
http://purl.obolibrary.org/obo/PCL_0114608	CS20230722_CLUS_2228	2228 DMH Nkx2-4 Glut_2														
http://purl.obolibrary.org/obo/PCL_0114609	CS20230722_CLUS_2229	2229 DMH Nkx2-4 Glut_2														
http://purl.obolibrary.org/obo/PCL_0114610	CS20230722_CLUS_2230	2230 DMH Nkx2-4 Glut_2														
http://purl.obolibrary.org/obo/PCL_0114611	CS20230722_CLUS_2231	2231 MPN-MPO-PVpo Hmx2 Glut_1														
http://purl.obolibrary.org/obo/PCL_0114612	CS20230722_CLUS_2232	2232 MPN-MPO-PVpo Hmx2 Glut_1														
http://purl.obolibrary.org/obo/PCL_0114613	CS20230722_CLUS_2233	2233 MPN-MPO-PVpo Hmx2 Glut_1														
http://purl.obolibrary.org/obo/PCL_0114614	CS20230722_CLUS_2234	2234 MPN-MPO-PVpo Hmx2 Glut_1														
http://purl.obolibrary.org/obo/PCL_0114615	CS20230722_CLUS_2235	2235 MPN-MPO-PVpo Hmx2 Glut_1														
http://purl.obolibrary.org/obo/PCL_0114616	CS20230722_CLUS_2236	2236 MPN-MPO-PVpo Hmx2 Glut_1														
http://purl.obolibrary.org/obo/PCL_0114617	CS20230722_CLUS_2237	2237 MPN-MPO-PVpo Hmx2 Glut_1														
http://purl.obolibrary.org/obo/PCL_0114618	CS20230722_CLUS_2238	2238 MPN-MPO-PVpo Hmx2 Glut_1														
http://purl.obolibrary.org/obo/PCL_0114619	CS20230722_CLUS_2239	2239 MPN-MPO-PVpo Hmx2 Glut_1														
http://purl.obolibrary.org/obo/PCL_0114620	CS20230722_CLUS_2240	2240 MPN-MPO-PVpo Hmx2 Glut_2														
http://purl.obolibrary.org/obo/PCL_0114621	CS20230722_CLUS_2241	2241 MPN-MPO-PVpo Hmx2 Glut_2														
http://purl.obolibrary.org/obo/PCL_0114622	CS20230722_CLUS_2242	2242 MPN-MPO-PVpo Hmx2 Glut_2														
http://purl.obolibrary.org/obo/PCL_0114623	CS20230722_CLUS_2243	2243 MPN-MPO-PVpo Hmx2 Glut_2														
http://purl.obolibrary.org/obo/PCL_0114624	CS20230722_CLUS_2244	2244 MPN-MPO-PVpo Hmx2 Glut_2														
http://purl.obolibrary.org/obo/PCL_0114625	CS20230722_CLUS_2245	2245 MPN-MPO-PVpo Hmx2 Glut_2														
http://purl.obolibrary.org/obo/PCL_0114626	CS20230722_CLUS_2246	2246 MPN-MPO-PVpo Hmx2 Glut_2														
http://purl.obolibrary.org/obo/PCL_0114627	CS20230722_CLUS_2247	2247 MPN-MPO-PVpo Hmx2 Glut_3														
http://purl.obolibrary.org/obo/PCL_0114628	CS20230722_CLUS_2248	2248 MPN-MPO-PVpo Hmx2 Glut_3														
http://purl.obolibrary.org/obo/PCL_0114629	CS20230722_CLUS_2249	2249 MPN-MPO-PVpo Hmx2 Glut_3														
http://purl.obolibrary.org/obo/PCL_0114630	CS20230722_CLUS_2250	2250 MPN-MPO-PVpo Hmx2 Glut_3														
http://purl.obolibrary.org/obo/PCL_0114631	CS20230722_CLUS_2251	2251 MPN-MPO-PVpo Hmx2 Glut_3														
http://purl.obolibrary.org/obo/PCL_0114632	CS20230722_CLUS_2252	2252 MPN-MPO-PVpo Hmx2 Glut_4														
http://purl.obolibrary.org/obo/PCL_0114633	CS20230722_CLUS_2253	2253 MPN-MPO-PVpo Hmx2 Glut_4														
http://purl.obolibrary.org/obo/PCL_0114634	CS20230722_CLUS_2254	2254 MPN-MPO-PVpo Hmx2 Glut_4														
http://purl.obolibrary.org/obo/PCL_0114635	CS20230722_CLUS_2255	2255 MPN-MPO-PVpo Hmx2 Glut_4														
http://purl.obolibrary.org/obo/PCL_0114636	CS20230722_CLUS_2256	2256 MPN-MPO-PVpo Hmx2 Glut_4														
http://purl.obolibrary.org/obo/PCL_0114637	CS20230722_CLUS_2257	2257 MPN-MPO-PVpo Hmx2 Glut_5														
http://purl.obolibrary.org/obo/PCL_0114638	CS20230722_CLUS_2258	2258 MPN-MPO-PVpo Hmx2 Glut_5														
http://purl.obolibrary.org/obo/PCL_0114639	CS20230722_CLUS_2259	2259 MPN-MPO-PVpo Hmx2 Glut_5														
http://purl.obolibrary.org/obo/PCL_0114640	CS20230722_CLUS_2260	2260 MPN-MPO-PVpo Hmx2 Glut_6														
http://purl.obolibrary.org/obo/PCL_0114641	CS20230722_CLUS_2261	2261 MPN-MPO-PVpo Hmx2 Glut_6														
http://purl.obolibrary.org/obo/PCL_0114642	CS20230722_CLUS_2262	2262 MPN-MPO-PVpo Hmx2 Glut_6														
http://purl.obolibrary.org/obo/PCL_0114643	CS20230722_CLUS_2263	2263 DMH Hmx2 Glut_1														
http://purl.obolibrary.org/obo/PCL_0114644	CS20230722_CLUS_2264	2264 DMH Hmx2 Glut_1														
http://purl.obolibrary.org/obo/PCL_0114645	CS20230722_CLUS_2265	2265 DMH Hmx2 Glut_1														
http://purl.obolibrary.org/obo/PCL_0114646	CS20230722_CLUS_2266	2266 DMH Hmx2 Glut_1														
http://purl.obolibrary.org/obo/PCL_0114647	CS20230722_CLUS_2267	2267 DMH Hmx2 Glut_1														
http://purl.obolibrary.org/obo/PCL_0114648	CS20230722_CLUS_2268	2268 DMH Hmx2 Glut_1														
http://purl.obolibrary.org/obo/PCL_0114649	CS20230722_CLUS_2269	2269 DMH Hmx2 Glut_1														
http://purl.obolibrary.org/obo/PCL_0114650	CS20230722_CLUS_2270	2270 DMH Hmx2 Glut_1														
http://purl.obolibrary.org/obo/PCL_0114651	CS20230722_CLUS_2271	2271 DMH Hmx2 Glut_1														
http://purl.obolibrary.org/obo/PCL_0114652	CS20230722_CLUS_2272	2272 DMH Hmx2 Glut_2														
http://purl.obolibrary.org/obo/PCL_0114653	CS20230722_CLUS_2273	2273 DMH Hmx2 Glut_2														
http://purl.obolibrary.org/obo/PCL_0114654	CS20230722_CLUS_2274	2274 ARH-PVp Tbx3 Glut_1														
http://purl.obolibrary.org/obo/PCL_0114655	CS20230722_CLUS_2275	2275 ARH-PVp Tbx3 Glut_1														
http://purl.obolibrary.org/obo/PCL_0114656	CS20230722_CLUS_2276	2276 ARH-PVp Tbx3 Glut_1														
http://purl.obolibrary.org/obo/PCL_0114657	CS20230722_CLUS_2277	2277 ARH-PVp Tbx3 Glut_1														
http://purl.obolibrary.org/obo/PCL_0114658	CS20230722_CLUS_2278	2278 ARH-PVp Tbx3 Glut_2														
http://purl.obolibrary.org/obo/PCL_0114659	CS20230722_CLUS_2279	2279 ARH-PVp Tbx3 Glut_2														
http://purl.obolibrary.org/obo/PCL_0114660	CS20230722_CLUS_2280	2280 ARH-PVp Tbx3 Glut_2														
http://purl.obolibrary.org/obo/PCL_0114661	CS20230722_CLUS_2281	2281 ARH-PVp Tbx3 Glut_3														
http://purl.obolibrary.org/obo/PCL_0114662	CS20230722_CLUS_2282	2282 ARH-PVp Tbx3 Glut_3														
http://purl.obolibrary.org/obo/PCL_0114667	CS20230722_CLUS_2287	2287 DMH-LHA Vgll2 Glut_3														
http://purl.obolibrary.org/obo/PCL_0114668	CS20230722_CLUS_2288	2288 DMH-LHA Vgll2 Glut_3														
http://purl.obolibrary.org/obo/PCL_0114670	CS20230722_CLUS_2290	2290 VMH Fezf1 Glut_1														
http://purl.obolibrary.org/obo/PCL_0114671	CS20230722_CLUS_2291	2291 VMH Fezf1 Glut_1														
http://purl.obolibrary.org/obo/PCL_0114672	CS20230722_CLUS_2292	2292 VMH Fezf1 Glut_1														
http://purl.obolibrary.org/obo/PCL_0114673	CS20230722_CLUS_2293	2293 VMH Fezf1 Glut_1														
http://purl.obolibrary.org/obo/PCL_0114674	CS20230722_CLUS_2294	2294 VMH Fezf1 Glut_2														
http://purl.obolibrary.org/obo/PCL_0114675	CS20230722_CLUS_2295	2295 VMH Fezf1 Glut_2														
http://purl.obolibrary.org/obo/PCL_0114676	CS20230722_CLUS_2296	2296 VMH Fezf1 Glut_2														
http://purl.obolibrary.org/obo/PCL_0114677	CS20230722_CLUS_2297	2297 VMH Fezf1 Glut_2														
http://purl.obolibrary.org/obo/PCL_0114678	CS20230722_CLUS_2298	2298 VMH Fezf1 Glut_3														
http://purl.obolibrary.org/obo/PCL_0114679	CS20230722_CLUS_2299	2299 VMH Fezf1 Glut_3														
http://purl.obolibrary.org/obo/PCL_0114680	CS20230722_CLUS_2300	2300 VMH Fezf1 Glut_3														
http://purl.obolibrary.org/obo/PCL_0114681	CS20230722_CLUS_2301	2301 VMH Nr5a1 Glut_1														
http://purl.obolibrary.org/obo/PCL_0114682	CS20230722_CLUS_2302	2302 VMH Nr5a1 Glut_1														
http://purl.obolibrary.org/obo/PCL_0114683	CS20230722_CLUS_2303	2303 VMH Nr5a1 Glut_1														
http://purl.obolibrary.org/obo/PCL_0114684	CS20230722_CLUS_2304	2304 VMH Nr5a1 Glut_1														
http://purl.obolibrary.org/obo/PCL_0114685	CS20230722_CLUS_2305	2305 VMH Nr5a1 Glut_1														
http://purl.obolibrary.org/obo/PCL_0114686	CS20230722_CLUS_2306	2306 VMH Nr5a1 Glut_2														
http://purl.obolibrary.org/obo/PCL_0114687	CS20230722_CLUS_2307	2307 VMH Nr5a1 Glut_2														
http://purl.obolibrary.org/obo/PCL_0114688	CS20230722_CLUS_2308	2308 VMH Nr5a1 Glut_2														
http://purl.obolibrary.org/obo/PCL_0114689	CS20230722_CLUS_2309	2309 VMH Nr5a1 Glut_2														
http://purl.obolibrary.org/obo/PCL_0114690	CS20230722_CLUS_2310	2310 VMH Nr5a1 Glut_3														
http://purl.obolibrary.org/obo/PCL_0114691	CS20230722_CLUS_2311	2311 VMH Nr5a1 Glut_3														
http://purl.obolibrary.org/obo/PCL_0114692	CS20230722_CLUS_2312	2312 VMH Nr5a1 Glut_3														
http://purl.obolibrary.org/obo/PCL_0114693	CS20230722_CLUS_2313	2313 VMH Nr5a1 Glut_3														
http://purl.obolibrary.org/obo/PCL_0114694	CS20230722_CLUS_2314	2314 VMH Nr5a1 Glut_4														
http://purl.obolibrary.org/obo/PCL_0114695	CS20230722_CLUS_2315	2315 VMH Nr5a1 Glut_4														
http://purl.obolibrary.org/obo/PCL_0114696	CS20230722_CLUS_2316	2316 VMH Nr5a1 Glut_4														
http://purl.obolibrary.org/obo/PCL_0114697	CS20230722_CLUS_2317	2317 VMH Nr5a1 Glut_5														
http://purl.obolibrary.org/obo/PCL_0114698	CS20230722_CLUS_2318	2318 VMH Nr5a1 Glut_5														
http://purl.obolibrary.org/obo/PCL_0114700	CS20230722_CLUS_2320	2320 LHA Pmch Glut_1														
http://purl.obolibrary.org/obo/PCL_0114701	CS20230722_CLUS_2321	2321 LHA Pmch Glut_1														
http://purl.obolibrary.org/obo/PCL_0114702	CS20230722_CLUS_2322	2322 LHA Pmch Glut_1														
http://purl.obolibrary.org/obo/PCL_0114703	CS20230722_CLUS_2323	2323 LHA Pmch Glut_2														
http://purl.obolibrary.org/obo/PCL_0114704	CS20230722_CLUS_2324	2324 LHA Pmch Glut_2														
http://purl.obolibrary.org/obo/PCL_0114705	CS20230722_CLUS_2325	2325 LHA-AHN-PVH Otp Trh Glut_1														
http://purl.obolibrary.org/obo/PCL_0114706	CS20230722_CLUS_2326	2326 LHA-AHN-PVH Otp Trh Glut_1														
http://purl.obolibrary.org/obo/PCL_0114707	CS20230722_CLUS_2327	2327 LHA-AHN-PVH Otp Trh Glut_1														
http://purl.obolibrary.org/obo/PCL_0114708	CS20230722_CLUS_2328	2328 LHA-AHN-PVH Otp Trh Glut_1														
http://purl.obolibrary.org/obo/PCL_0114709	CS20230722_CLUS_2329	2329 LHA-AHN-PVH Otp Trh Glut_1														
http://purl.obolibrary.org/obo/PCL_0114710	CS20230722_CLUS_2330	2330 LHA-AHN-PVH Otp Trh Glut_2														
http://purl.obolibrary.org/obo/PCL_0114711	CS20230722_CLUS_2331	2331 LHA-AHN-PVH Otp Trh Glut_2														
http://purl.obolibrary.org/obo/PCL_0114712	CS20230722_CLUS_2332	2332 LHA-AHN-PVH Otp Trh Glut_2														
http://purl.obolibrary.org/obo/PCL_0114713	CS20230722_CLUS_2333	2333 LHA-AHN-PVH Otp Trh Glut_2														
http://purl.obolibrary.org/obo/PCL_0114714	CS20230722_CLUS_2334	2334 LHA-AHN-PVH Otp Trh Glut_3														
http://purl.obolibrary.org/obo/PCL_0114715	CS20230722_CLUS_2335	2335 LHA-AHN-PVH Otp Trh Glut_3														
http://purl.obolibrary.org/obo/PCL_0114716	CS20230722_CLUS_2336	2336 LHA-AHN-PVH Otp Trh Glut_3														
http://purl.obolibrary.org/obo/PCL_0114717	CS20230722_CLUS_2337	2337 LHA-AHN-PVH Otp Trh Glut_4														
http://purl.obolibrary.org/obo/PCL_0114718	CS20230722_CLUS_2338	2338 LHA-AHN-PVH Otp Trh Glut_4														
http://purl.obolibrary.org/obo/PCL_0114720	CS20230722_CLUS_2340	2340 AHN-RCH-LHA Otp Fezf1 Glut_1														
http://purl.obolibrary.org/obo/PCL_0114721	CS20230722_CLUS_2341	2341 AHN-RCH-LHA Otp Fezf1 Glut_1														
http://purl.obolibrary.org/obo/PCL_0114722	CS20230722_CLUS_2342	2342 AHN-RCH-LHA Otp Fezf1 Glut_1														
http://purl.obolibrary.org/obo/PCL_0114723	CS20230722_CLUS_2343	2343 AHN-RCH-LHA Otp Fezf1 Glut_1														
http://purl.obolibrary.org/obo/PCL_0114724	CS20230722_CLUS_2344	2344 AHN-RCH-LHA Otp Fezf1 Glut_1														
http://purl.obolibrary.org/obo/PCL_0114725	CS20230722_CLUS_2345	2345 AHN-RCH-LHA Otp Fezf1 Glut_2														
http://purl.obolibrary.org/obo/PCL_0114726	CS20230722_CLUS_2346	2346 AHN-RCH-LHA Otp Fezf1 Glut_2														
http://purl.obolibrary.org/obo/PCL_0114727	CS20230722_CLUS_2347	2347 AHN-RCH-LHA Otp Fezf1 Glut_2														
http://purl.obolibrary.org/obo/PCL_0114728	CS20230722_CLUS_2348	2348 AHN-RCH-LHA Otp Fezf1 Glut_2														
http://purl.obolibrary.org/obo/PCL_0114729	CS20230722_CLUS_2349	2349 AHN-RCH-LHA Otp Fezf1 Glut_2														
http://purl.obolibrary.org/obo/PCL_0114730	CS20230722_CLUS_2350	2350 AHN-RCH-LHA Otp Fezf1 Glut_2														
http://purl.obolibrary.org/obo/PCL_0114731	CS20230722_CLUS_2351	2351 AHN-RCH-LHA Otp Fezf1 Glut_2														
http://purl.obolibrary.org/obo/PCL_0114732	CS20230722_CLUS_2352	2352 AHN-RCH-LHA Otp Fezf1 Glut_3														
http://purl.obolibrary.org/obo/PCL_0114733	CS20230722_CLUS_2353	2353 AHN-RCH-LHA Otp Fezf1 Glut_3														
http://purl.obolibrary.org/obo/PCL_0114734	CS20230722_CLUS_2354	2354 AHN-RCH-LHA Otp Fezf1 Glut_3														
http://purl.obolibrary.org/obo/PCL_0114735	CS20230722_CLUS_2355	2355 AHN-RCH-LHA Otp Fezf1 Glut_3														
http://purl.obolibrary.org/obo/PCL_0114736	CS20230722_CLUS_2356	2356 AHN-RCH-LHA Otp Fezf1 Glut_4														
http://purl.obolibrary.org/obo/PCL_0114737	CS20230722_CLUS_2357	2357 AHN-RCH-LHA Otp Fezf1 Glut_4														
http://purl.obolibrary.org/obo/PCL_0114738	CS20230722_CLUS_2358	2358 AHN-RCH-LHA Otp Fezf1 Glut_4														
http://purl.obolibrary.org/obo/PCL_0114739	CS20230722_CLUS_2359	2359 AHN-RCH-LHA Otp Fezf1 Glut_4														
http://purl.obolibrary.org/obo/PCL_0114741	CS20230722_CLUS_2361	2361 AHN-RCH-LHA Otp Fezf1 Glut_6														
http://purl.obolibrary.org/obo/PCL_0114742	CS20230722_CLUS_2362	2362 AHN-RCH-LHA Otp Fezf1 Glut_6														
http://purl.obolibrary.org/obo/PCL_0114743	CS20230722_CLUS_2363	2363 AHN-RCH-LHA Otp Fezf1 Glut_6														
http://purl.obolibrary.org/obo/PCL_0114744	CS20230722_CLUS_2364	2364 PVH-SO-PVa Otp Glut_1														
http://purl.obolibrary.org/obo/PCL_0114745	CS20230722_CLUS_2365	2365 PVH-SO-PVa Otp Glut_1														
http://purl.obolibrary.org/obo/PCL_0114746	CS20230722_CLUS_2366	2366 PVH-SO-PVa Otp Glut_1														
http://purl.obolibrary.org/obo/PCL_0114747	CS20230722_CLUS_2367	2367 PVH-SO-PVa Otp Glut_1														
http://purl.obolibrary.org/obo/PCL_0114748	CS20230722_CLUS_2368	2368 PVH-SO-PVa Otp Glut_1														
http://purl.obolibrary.org/obo/PCL_0114749	CS20230722_CLUS_2369	2369 PVH-SO-PVa Otp Glut_2														
http://purl.obolibrary.org/obo/PCL_0114750	CS20230722_CLUS_2370	2370 PVH-SO-PVa Otp Glut_2														
http://purl.obolibrary.org/obo/PCL_0114751	CS20230722_CLUS_2371	2371 PVH-SO-PVa Otp Glut_2														
http://purl.obolibrary.org/obo/PCL_0114752	CS20230722_CLUS_2372	2372 PVH-SO-PVa Otp Glut_2														
http://purl.obolibrary.org/obo/PCL_0114753	CS20230722_CLUS_2373	2373 PVH-SO-PVa Otp Glut_2														
http://purl.obolibrary.org/obo/PCL_0114754	CS20230722_CLUS_2374	2374 PVH-SO-PVa Otp Glut_2														
http://purl.obolibrary.org/obo/PCL_0114755	CS20230722_CLUS_2375	2375 PVH-SO-PVa Otp Glut_3														
http://purl.obolibrary.org/obo/PCL_0114756	CS20230722_CLUS_2376	2376 PVH-SO-PVa Otp Glut_3														
http://purl.obolibrary.org/obo/PCL_0114757	CS20230722_CLUS_2377	2377 PVH-SO-PVa Otp Glut_3														
http://purl.obolibrary.org/obo/PCL_0114758	CS20230722_CLUS_2378	2378 PVH-SO-PVa Otp Glut_3														
http://purl.obolibrary.org/obo/PCL_0114759	CS20230722_CLUS_2379	2379 PVH-SO-PVa Otp Glut_4														
http://purl.obolibrary.org/obo/PCL_0114760	CS20230722_CLUS_2380	2380 PVH-SO-PVa Otp Glut_4														
http://purl.obolibrary.org/obo/PCL_0114761	CS20230722_CLUS_2381	2381 PVH-SO-PVa Otp Glut_4														
http://purl.obolibrary.org/obo/PCL_0114762	CS20230722_CLUS_2382	2382 PVH-SO-PVa Otp Glut_5														
http://purl.obolibrary.org/obo/PCL_0114763	CS20230722_CLUS_2383	2383 PVH-SO-PVa Otp Glut_5														
http://purl.obolibrary.org/obo/PCL_0114764	CS20230722_CLUS_2384	2384 PVH-SO-PVa Otp Glut_5														
http://purl.obolibrary.org/obo/PCL_0114765	CS20230722_CLUS_2385	2385 PVH-SO-PVa Otp Glut_6														
http://purl.obolibrary.org/obo/PCL_0114766	CS20230722_CLUS_2386	2386 PVH-SO-PVa Otp Glut_6														
http://purl.obolibrary.org/obo/PCL_0114767	CS20230722_CLUS_2387	2387 PH-ant-LHA Otp Bsx Glut_1														
http://purl.obolibrary.org/obo/PCL_0114768	CS20230722_CLUS_2388	2388 PH-ant-LHA Otp Bsx Glut_1														
http://purl.obolibrary.org/obo/PCL_0114769	CS20230722_CLUS_2389	2389 PH-ant-LHA Otp Bsx Glut_1														
http://purl.obolibrary.org/obo/PCL_0114770	CS20230722_CLUS_2390	2390 PH-ant-LHA Otp Bsx Glut_1														
http://purl.obolibrary.org/obo/PCL_0114771	CS20230722_CLUS_2391	2391 PH-ant-LHA Otp Bsx Glut_1														
http://purl.obolibrary.org/obo/PCL_0114772	CS20230722_CLUS_2392	2392 PH-ant-LHA Otp Bsx Glut_1														
http://purl.obolibrary.org/obo/PCL_0114773	CS20230722_CLUS_2393	2393 PH-ant-LHA Otp Bsx Glut_1														
http://purl.obolibrary.org/obo/PCL_0114774	CS20230722_CLUS_2394	2394 PH-ant-LHA Otp Bsx Glut_1														
http://purl.obolibrary.org/obo/PCL_0114775	CS20230722_CLUS_2395	2395 PH-ant-LHA Otp Bsx Glut_2														
http://purl.obolibrary.org/obo/PCL_0114776	CS20230722_CLUS_2396	2396 PH-ant-LHA Otp Bsx Glut_2														
http://purl.obolibrary.org/obo/PCL_0114777	CS20230722_CLUS_2397	2397 PH-ant-LHA Otp Bsx Glut_2														
http://purl.obolibrary.org/obo/PCL_0114778	CS20230722_CLUS_2398	2398 PH-ant-LHA Otp Bsx Glut_2														
http://purl.obolibrary.org/obo/PCL_0114779	CS20230722_CLUS_2399	2399 PH-ant-LHA Otp Bsx Glut_2														
http://purl.obolibrary.org/obo/PCL_0114780	CS20230722_CLUS_2400	2400 PH-ant-LHA Otp Bsx Glut_2														
http://purl.obolibrary.org/obo/PCL_0114781	CS20230722_CLUS_2401	2401 PH-ant-LHA Otp Bsx Glut_3														
http://purl.obolibrary.org/obo/PCL_0114782	CS20230722_CLUS_2402	2402 PH-ant-LHA Otp Bsx Glut_3														
http://purl.obolibrary.org/obo/PCL_0114783	CS20230722_CLUS_2403	2403 PH-ant-LHA Otp Bsx Glut_3														
http://purl.obolibrary.org/obo/PCL_0114784	CS20230722_CLUS_2404	2404 PH-ant-LHA Otp Bsx Glut_3														
http://purl.obolibrary.org/obo/PCL_0114785	CS20230722_CLUS_2405	2405 PH-ant-LHA Otp Bsx Glut_3														
http://purl.obolibrary.org/obo/PCL_0114786	CS20230722_CLUS_2406	2406 PH-ant-LHA Otp Bsx Glut_3														
http://purl.obolibrary.org/obo/PCL_0114787	CS20230722_CLUS_2407	2407 PH-ant-LHA Otp Bsx Glut_4														
http://purl.obolibrary.org/obo/PCL_0114788	CS20230722_CLUS_2408	2408 PH-ant-LHA Otp Bsx Glut_4														
http://purl.obolibrary.org/obo/PCL_0114789	CS20230722_CLUS_2409	2409 PH-ant-LHA Otp Bsx Glut_4														
http://purl.obolibrary.org/obo/PCL_0114790	CS20230722_CLUS_2410	2410 PH-ant-LHA Otp Bsx Glut_4														
http://purl.obolibrary.org/obo/PCL_0114791	CS20230722_CLUS_2411	2411 PH-ant-LHA Otp Bsx Glut_4														
http://purl.obolibrary.org/obo/PCL_0114792	CS20230722_CLUS_2412	2412 PH-ant-LHA Otp Bsx Glut_4														
http://purl.obolibrary.org/obo/PCL_0114793	CS20230722_CLUS_2413	2413 PH-ant-LHA Otp Bsx Glut_5														
http://purl.obolibrary.org/obo/PCL_0114794	CS20230722_CLUS_2414	2414 PH-ant-LHA Otp Bsx Glut_5														
http://purl.obolibrary.org/obo/PCL_0114795	CS20230722_CLUS_2415	2415 PH-ant-LHA Otp Bsx Glut_5														
http://purl.obolibrary.org/obo/PCL_0114796	CS20230722_CLUS_2416	2416 PH-ant-LHA Otp Bsx Glut_5														
http://purl.obolibrary.org/obo/PCL_0114797	CS20230722_CLUS_2417	2417 PH-ant-LHA Otp Bsx Glut_5														
http://purl.obolibrary.org/obo/PCL_0114798	CS20230722_CLUS_2418	2418 PH-ant-LHA Otp Bsx Glut_5														
http://purl.obolibrary.org/obo/PCL_0114799	CS20230722_CLUS_2419	2419 PH-ant-LHA Otp Bsx Glut_5														
http://purl.obolibrary.org/obo/PCL_0114800	CS20230722_CLUS_2420	2420 PH-ant-LHA Otp Bsx Glut_6														
http://purl.obolibrary.org/obo/PCL_0114801	CS20230722_CLUS_2421	2421 PH-ant-LHA Otp Bsx Glut_6														
http://purl.obolibrary.org/obo/PCL_0114802	CS20230722_CLUS_2422	2422 PH-ant-LHA Otp Bsx Glut_6														
http://purl.obolibrary.org/obo/PCL_0114803	CS20230722_CLUS_2423	2423 PH-ant-LHA Otp Bsx Glut_7														
http://purl.obolibrary.org/obo/PCL_0114804	CS20230722_CLUS_2424	2424 PH-ant-LHA Otp Bsx Glut_7														
http://purl.obolibrary.org/obo/PCL_0114805	CS20230722_CLUS_2425	2425 PH-ant-LHA Otp Bsx Glut_7														
http://purl.obolibrary.org/obo/PCL_0114806	CS20230722_CLUS_2426	2426 PH-ant-LHA Otp Bsx Glut_7														
http://purl.obolibrary.org/obo/PCL_0114807	CS20230722_CLUS_2427	2427 PH-ant-LHA Otp Bsx Glut_7														
http://purl.obolibrary.org/obo/PCL_0114808	CS20230722_CLUS_2428	2428 PH-ant-LHA Otp Bsx Glut_7														
http://purl.obolibrary.org/obo/PCL_0114809	CS20230722_CLUS_2429	2429 STN-PSTN Pitx2 Glut_1														
http://purl.obolibrary.org/obo/PCL_0114810	CS20230722_CLUS_2430	2430 STN-PSTN Pitx2 Glut_1														
http://purl.obolibrary.org/obo/PCL_0114811	CS20230722_CLUS_2431	2431 STN-PSTN Pitx2 Glut_1														
http://purl.obolibrary.org/obo/PCL_0114812	CS20230722_CLUS_2432	2432 STN-PSTN Pitx2 Glut_1														
http://purl.obolibrary.org/obo/PCL_0114813	CS20230722_CLUS_2433	2433 STN-PSTN Pitx2 Glut_1														
http://purl.obolibrary.org/obo/PCL_0114814	CS20230722_CLUS_2434	2434 STN-PSTN Pitx2 Glut_1														
http://purl.obolibrary.org/obo/PCL_0114815	CS20230722_CLUS_2435	2435 STN-PSTN Pitx2 Glut_1														
http://purl.obolibrary.org/obo/PCL_0114816	CS20230722_CLUS_2436	2436 STN-PSTN Pitx2 Glut_2														
http://purl.obolibrary.org/obo/PCL_0114817	CS20230722_CLUS_2437	2437 STN-PSTN Pitx2 Glut_2														
http://purl.obolibrary.org/obo/PCL_0114818	CS20230722_CLUS_2438	2438 STN-PSTN Pitx2 Glut_2														
http://purl.obolibrary.org/obo/PCL_0114819	CS20230722_CLUS_2439	2439 STN-PSTN Pitx2 Glut_2														
http://purl.obolibrary.org/obo/PCL_0114820	CS20230722_CLUS_2440	2440 STN-PSTN Pitx2 Glut_2														
http://purl.obolibrary.org/obo/PCL_0114821	CS20230722_CLUS_2441	2441 STN-PSTN Pitx2 Glut_2														
http://purl.obolibrary.org/obo/PCL_0114822	CS20230722_CLUS_2442	2442 STN-PSTN Pitx2 Glut_3														
http://purl.obolibrary.org/obo/PCL_0114823	CS20230722_CLUS_2443	2443 STN-PSTN Pitx2 Glut_3														
http://purl.obolibrary.org/obo/PCL_0114824	CS20230722_CLUS_2444	2444 STN-PSTN Pitx2 Glut_3														
http://purl.obolibrary.org/obo/PCL_0114825	CS20230722_CLUS_2445	2445 STN-PSTN Pitx2 Glut_3														
http://purl.obolibrary.org/obo/PCL_0114826	CS20230722_CLUS_2446	2446 STN-PSTN Pitx2 Glut_3														
http://purl.obolibrary.org/obo/PCL_0114827	CS20230722_CLUS_2447	2447 STN-PSTN Pitx2 Glut_3														
http://purl.obolibrary.org/obo/PCL_0114828	CS20230722_CLUS_2448	2448 STN-PSTN Pitx2 Glut_4														
http://purl.obolibrary.org/obo/PCL_0114829	CS20230722_CLUS_2449	2449 STN-PSTN Pitx2 Glut_4														
http://purl.obolibrary.org/obo/PCL_0114830	CS20230722_CLUS_2450	2450 STN-PSTN Pitx2 Glut_4														
http://purl.obolibrary.org/obo/PCL_0114831	CS20230722_CLUS_2451	2451 STN-PSTN Pitx2 Glut_4														
http://purl.obolibrary.org/obo/PCL_0114832	CS20230722_CLUS_2452	2452 STN-PSTN Pitx2 Glut_4														
http://purl.obolibrary.org/obo/PCL_0114833	CS20230722_CLUS_2453	2453 STN-PSTN Pitx2 Glut_5														
http://purl.obolibrary.org/obo/PCL_0114834	CS20230722_CLUS_2454	2454 STN-PSTN Pitx2 Glut_5														
http://purl.obolibrary.org/obo/PCL_0114835	CS20230722_CLUS_2455	2455 STN-PSTN Pitx2 Glut_5														
http://purl.obolibrary.org/obo/PCL_0114836	CS20230722_CLUS_2456	2456 STN-PSTN Pitx2 Glut_5														
http://purl.obolibrary.org/obo/PCL_0114837	CS20230722_CLUS_2457	2457 STN-PSTN Pitx2 Glut_6														
http://purl.obolibrary.org/obo/PCL_0114838	CS20230722_CLUS_2458	2458 STN-PSTN Pitx2 Glut_6														
http://purl.obolibrary.org/obo/PCL_0114840	CS20230722_CLUS_2460	2460 PMv-TMv Pitx2 Glut_1														
http://purl.obolibrary.org/obo/PCL_0114841	CS20230722_CLUS_2461	2461 PMv-TMv Pitx2 Glut_1														
http://purl.obolibrary.org/obo/PCL_0114842	CS20230722_CLUS_2462	2462 PMv-TMv Pitx2 Glut_1														
http://purl.obolibrary.org/obo/PCL_0114843	CS20230722_CLUS_2463	2463 PMv-TMv Pitx2 Glut_1														
http://purl.obolibrary.org/obo/PCL_0114844	CS20230722_CLUS_2464	2464 PMv-TMv Pitx2 Glut_1														
http://purl.obolibrary.org/obo/PCL_0114845	CS20230722_CLUS_2465	2465 PMv-TMv Pitx2 Glut_2														
http://purl.obolibrary.org/obo/PCL_0114846	CS20230722_CLUS_2466	2466 PMv-TMv Pitx2 Glut_2														
http://purl.obolibrary.org/obo/PCL_0114847	CS20230722_CLUS_2467	2467 PMv-TMv Pitx2 Glut_2														
http://purl.obolibrary.org/obo/PCL_0114848	CS20230722_CLUS_2468	2468 PMv-TMv Pitx2 Glut_2														
http://purl.obolibrary.org/obo/PCL_0114849	CS20230722_CLUS_2469	2469 PMv-TMv Pitx2 Glut_3														
http://purl.obolibrary.org/obo/PCL_0114850	CS20230722_CLUS_2470	2470 PMv-TMv Pitx2 Glut_3														
http://purl.obolibrary.org/obo/PCL_0114851	CS20230722_CLUS_2471	2471 PMv-TMv Pitx2 Glut_3														
http://purl.obolibrary.org/obo/PCL_0114852	CS20230722_CLUS_2472	2472 PMv-TMv Pitx2 Glut_3														
http://purl.obolibrary.org/obo/PCL_0114853	CS20230722_CLUS_2473	2473 PMv-TMv Pitx2 Glut_3														
http://purl.obolibrary.org/obo/PCL_0114854	CS20230722_CLUS_2474	2474 PH-an Pitx2 Glut_1														
http://purl.obolibrary.org/obo/PCL_0114855	CS20230722_CLUS_2475	2475 PH-an Pitx2 Glut_1														
http://purl.obolibrary.org/obo/PCL_0114856	CS20230722_CLUS_2476	2476 PH-an Pitx2 Glut_2														
http://purl.obolibrary.org/obo/PCL_0114857	CS20230722_CLUS_2477	2477 PH-an Pitx2 Glut_2														
http://purl.obolibrary.org/obo/PCL_0114858	CS20230722_CLUS_2478	2478 PH-an Pitx2 Glut_2														
http://purl.obolibrary.org/obo/PCL_0114859	CS20230722_CLUS_2479	2479 PH-an Pitx2 Glut_2														
http://purl.obolibrary.org/obo/PCL_0114860	CS20230722_CLUS_2480	2480 PH-an Pitx2 Glut_2														
http://purl.obolibrary.org/obo/PCL_0114861	CS20230722_CLUS_2481	2481 PH Pitx2 Glut_1														
http://purl.obolibrary.org/obo/PCL_0114862	CS20230722_CLUS_2482	2482 PH Pitx2 Glut_1														
http://purl.obolibrary.org/obo/PCL_0114863	CS20230722_CLUS_2483	2483 PH Pitx2 Glut_1														
http://purl.obolibrary.org/obo/PCL_0114864	CS20230722_CLUS_2484	2484 PH Pitx2 Glut_1														
http://purl.obolibrary.org/obo/PCL_0114865	CS20230722_CLUS_2485	2485 PH Pitx2 Glut_2														
http://purl.obolibrary.org/obo/PCL_0114866	CS20230722_CLUS_2486	2486 PH Pitx2 Glut_2														
http://purl.obolibrary.org/obo/PCL_0114867	CS20230722_CLUS_2487	2487 PH Pitx2 Glut_2														
http://purl.obolibrary.org/obo/PCL_0114868	CS20230722_CLUS_2488	2488 PH Pitx2 Glut_2														
http://purl.obolibrary.org/obo/PCL_0114869	CS20230722_CLUS_2489	2489 PH Pitx2 Glut_2														
http://purl.obolibrary.org/obo/PCL_0114870	CS20230722_CLUS_2490	2490 PH Pitx2 Glut_2														
http://purl.obolibrary.org/obo/PCL_0114871	CS20230722_CLUS_2491	2491 PH Pitx2 Glut_2														
http://purl.obolibrary.org/obo/PCL_0114872	CS20230722_CLUS_2492	2492 PH Pitx2 Glut_2														
http://purl.obolibrary.org/obo/PCL_0114873	CS20230722_CLUS_2493	2493 PH Pitx2 Glut_2														
http://purl.obolibrary.org/obo/PCL_0114874	CS20230722_CLUS_2494	2494 PH Pitx2 Glut_2														
http://purl.obolibrary.org/obo/PCL_0114875	CS20230722_CLUS_2495	2495 PH Pitx2 Glut_2														
http://purl.obolibrary.org/obo/PCL_0114876	CS20230722_CLUS_2496	2496 PH Pitx2 Glut_2														
http://purl.obolibrary.org/obo/PCL_0114877	CS20230722_CLUS_2497	2497 PH Pitx2 Glut_2														
http://purl.obolibrary.org/obo/PCL_0114878	CS20230722_CLUS_2498	2498 PH-LHA Foxb1 Glut_1														
http://purl.obolibrary.org/obo/PCL_0114879	CS20230722_CLUS_2499	2499 PH-LHA Foxb1 Glut_1														
http://purl.obolibrary.org/obo/PCL_0114880	CS20230722_CLUS_2500	2500 PH-LHA Foxb1 Glut_1														
http://purl.obolibrary.org/obo/PCL_0114881	CS20230722_CLUS_2501	2501 PH-LHA Foxb1 Glut_1														
http://purl.obolibrary.org/obo/PCL_0114882	CS20230722_CLUS_2502	2502 PH-LHA Foxb1 Glut_1														
http://purl.obolibrary.org/obo/PCL_0114883	CS20230722_CLUS_2503	2503 PH-LHA Foxb1 Glut_1														
http://purl.obolibrary.org/obo/PCL_0114884	CS20230722_CLUS_2504	2504 PH-LHA Foxb1 Glut_1														
http://purl.obolibrary.org/obo/PCL_0114885	CS20230722_CLUS_2505	2505 PH-LHA Foxb1 Glut_2														
http://purl.obolibrary.org/obo/PCL_0114886	CS20230722_CLUS_2506	2506 PH-LHA Foxb1 Glut_2														
http://purl.obolibrary.org/obo/PCL_0114887	CS20230722_CLUS_2507	2507 PH-LHA Foxb1 Glut_2														
http://purl.obolibrary.org/obo/PCL_0114888	CS20230722_CLUS_2508	2508 PH-LHA Foxb1 Glut_2														
http://purl.obolibrary.org/obo/PCL_0114889	CS20230722_CLUS_2509	2509 PH-LHA Foxb1 Glut_3														
http://purl.obolibrary.org/obo/PCL_0114890	CS20230722_CLUS_2510	2510 PH-LHA Foxb1 Glut_3														
http://purl.obolibrary.org/obo/PCL_0114891	CS20230722_CLUS_2511	2511 PH-LHA Foxb1 Glut_3														
http://purl.obolibrary.org/obo/PCL_0114892	CS20230722_CLUS_2512	2512 PH-LHA Foxb1 Glut_3														
http://purl.obolibrary.org/obo/PCL_0114893	CS20230722_CLUS_2513	2513 PH-LHA Foxb1 Glut_3														
http://purl.obolibrary.org/obo/PCL_0114894	CS20230722_CLUS_2514	2514 PH-LHA Foxb1 Glut_3														
http://purl.obolibrary.org/obo/PCL_0114895	CS20230722_CLUS_2515	2515 PH-LHA Foxb1 Glut_4														
http://purl.obolibrary.org/obo/PCL_0114896	CS20230722_CLUS_2516	2516 PH-LHA Foxb1 Glut_4														
http://purl.obolibrary.org/obo/PCL_0114897	CS20230722_CLUS_2517	2517 PH-LHA Foxb1 Glut_5														
http://purl.obolibrary.org/obo/PCL_0114898	CS20230722_CLUS_2518	2518 PH-LHA Foxb1 Glut_5														
http://purl.obolibrary.org/obo/PCL_0114900	CS20230722_CLUS_2520	2520 PH-LHA Foxb1 Glut_7														
http://purl.obolibrary.org/obo/PCL_0114901	CS20230722_CLUS_2521	2521 PH-LHA Foxb1 Glut_7														
http://purl.obolibrary.org/obo/PCL_0114902	CS20230722_CLUS_2522	2522 PMd-LHA Foxb1 Glut_1														
http://purl.obolibrary.org/obo/PCL_0114903	CS20230722_CLUS_2523	2523 PMd-LHA Foxb1 Glut_1														
http://purl.obolibrary.org/obo/PCL_0114904	CS20230722_CLUS_2524	2524 PMd-LHA Foxb1 Glut_2														
http://purl.obolibrary.org/obo/PCL_0114905	CS20230722_CLUS_2525	2525 PMd-LHA Foxb1 Glut_2														
http://purl.obolibrary.org/obo/PCL_0114906	CS20230722_CLUS_2526	2526 PMd-LHA Foxb1 Glut_2														
http://purl.obolibrary.org/obo/PCL_0114907	CS20230722_CLUS_2527	2527 PMd-LHA Foxb1 Glut_2														
http://purl.obolibrary.org/obo/PCL_0114908	CS20230722_CLUS_2528	2528 PMd-LHA Foxb1 Glut_2														
http://purl.obolibrary.org/obo/PCL_0114909	CS20230722_CLUS_2529	2529 PMd-LHA Foxb1 Glut_2														
http://purl.obolibrary.org/obo/PCL_0114910	CS20230722_CLUS_2530	2530 PMd-LHA Foxb1 Glut_2														
http://purl.obolibrary.org/obo/PCL_0114911	CS20230722_CLUS_2531	2531 PMd-LHA Foxb1 Glut_2														
http://purl.obolibrary.org/obo/PCL_0114912	CS20230722_CLUS_2532	2532 PMd-LHA Foxb1 Glut_2														
http://purl.obolibrary.org/obo/PCL_0114913	CS20230722_CLUS_2533	2533 PMd-LHA Foxb1 Glut_3														
http://purl.obolibrary.org/obo/PCL_0114914	CS20230722_CLUS_2534	2534 PMd-LHA Foxb1 Glut_3														
http://purl.obolibrary.org/obo/PCL_0114915	CS20230722_CLUS_2535	2535 PMd-LHA Foxb1 Glut_3														
http://purl.obolibrary.org/obo/PCL_0114916	CS20230722_CLUS_2536	2536 PH-SUM Foxa1 Glut_1														
http://purl.obolibrary.org/obo/PCL_0114917	CS20230722_CLUS_2537	2537 PH-SUM Foxa1 Glut_1														
http://purl.obolibrary.org/obo/PCL_0114918	CS20230722_CLUS_2538	2538 PH-SUM Foxa1 Glut_1														
http://purl.obolibrary.org/obo/PCL_0114919	CS20230722_CLUS_2539	2539 PH-SUM Foxa1 Glut_1														
http://purl.obolibrary.org/obo/PCL_0114920	CS20230722_CLUS_2540	2540 PH-SUM Foxa1 Glut_2														
http://purl.obolibrary.org/obo/PCL_0114921	CS20230722_CLUS_2541	2541 PH-SUM Foxa1 Glut_2														
http://purl.obolibrary.org/obo/PCL_0114922	CS20230722_CLUS_2542	2542 PH-SUM Foxa1 Glut_2														
http://purl.obolibrary.org/obo/PCL_0114923	CS20230722_CLUS_2543	2543 PH-SUM Foxa1 Glut_3														
http://purl.obolibrary.org/obo/PCL_0114924	CS20230722_CLUS_2544	2544 PH-SUM Foxa1 Glut_3														
http://purl.obolibrary.org/obo/PCL_0114925	CS20230722_CLUS_2545	2545 PH-SUM Foxa1 Glut_3														
http://purl.obolibrary.org/obo/PCL_0114926	CS20230722_CLUS_2546	2546 PH-SUM Foxa1 Glut_3														
http://purl.obolibrary.org/obo/PCL_0114927	CS20230722_CLUS_2547	2547 PH-SUM Foxa1 Glut_3														
http://purl.obolibrary.org/obo/PCL_0114928	CS20230722_CLUS_2548	2548 PH-SUM Foxa1 Glut_3														
http://purl.obolibrary.org/obo/PCL_0114929	CS20230722_CLUS_2549	2549 PH-SUM Foxa1 Glut_3														
http://purl.obolibrary.org/obo/PCL_0114930	CS20230722_CLUS_2550	2550 PH-SUM Foxa1 Glut_4														
http://purl.obolibrary.org/obo/PCL_0114931	CS20230722_CLUS_2551	2551 PH-SUM Foxa1 Glut_4														
http://purl.obolibrary.org/obo/PCL_0114932	CS20230722_CLUS_2552	2552 PH-SUM Foxa1 Glut_5														
http://purl.obolibrary.org/obo/PCL_0114933	CS20230722_CLUS_2553	2553 PH-SUM Foxa1 Glut_5														
http://purl.obolibrary.org/obo/PCL_0114934	CS20230722_CLUS_2554	2554 PH-SUM Foxa1 Glut_5														
http://purl.obolibrary.org/obo/PCL_0114935	CS20230722_CLUS_2555	2555 PH-SUM Foxa1 Glut_5														
http://purl.obolibrary.org/obo/PCL_0114936	CS20230722_CLUS_2556	2556 PH-SUM Foxa1 Glut_5														
http://purl.obolibrary.org/obo/PCL_0114937	CS20230722_CLUS_2557	2557 PH-SUM Foxa1 Glut_5														
http://purl.obolibrary.org/obo/PCL_0114938	CS20230722_CLUS_2558	2558 PH-SUM Foxa1 Glut_6														
http://purl.obolibrary.org/obo/PCL_0114939	CS20230722_CLUS_2559	2559 PH-SUM Foxa1 Glut_6														
http://purl.obolibrary.org/obo/PCL_0114940	CS20230722_CLUS_2560	2560 PH-SUM Foxa1 Glut_6														
http://purl.obolibrary.org/obo/PCL_0114941	CS20230722_CLUS_2561	2561 PH-SUM Foxa1 Glut_6														
http://purl.obolibrary.org/obo/PCL_0114942	CS20230722_CLUS_2562	2562 PH-SUM Foxa1 Glut_6														
http://purl.obolibrary.org/obo/PCL_0114943	CS20230722_CLUS_2563	2563 PH-SUM Foxa1 Glut_6														
http://purl.obolibrary.org/obo/PCL_0114945	CS20230722_CLUS_2565	2565 MM-ant Foxb1 Glut_1														
http://purl.obolibrary.org/obo/PCL_0114946	CS20230722_CLUS_2566	2566 MM-ant Foxb1 Glut_1														
http://purl.obolibrary.org/obo/PCL_0114947	CS20230722_CLUS_2567	2567 MM-ant Foxb1 Glut_1														
http://purl.obolibrary.org/obo/PCL_0114948	CS20230722_CLUS_2568	2568 MM-ant Foxb1 Glut_1														
http://purl.obolibrary.org/obo/PCL_0114949	CS20230722_CLUS_2569	2569 MM-ant Foxb1 Glut_1														
http://purl.obolibrary.org/obo/PCL_0114950	CS20230722_CLUS_2570	2570 MM-ant Foxb1 Glut_1														
http://purl.obolibrary.org/obo/PCL_0114951	CS20230722_CLUS_2571	2571 MM Foxb1 Glut_1														
http://purl.obolibrary.org/obo/PCL_0114952	CS20230722_CLUS_2572	2572 MM Foxb1 Glut_1														
http://purl.obolibrary.org/obo/PCL_0114953	CS20230722_CLUS_2573	2573 MM Foxb1 Glut_1														
http://purl.obolibrary.org/obo/PCL_0114954	CS20230722_CLUS_2574	2574 MM Foxb1 Glut_2														
http://purl.obolibrary.org/obo/PCL_0114955	CS20230722_CLUS_2575	2575 MM Foxb1 Glut_2														
http://purl.obolibrary.org/obo/PCL_0114956	CS20230722_CLUS_2576	2576 MM Foxb1 Glut_2														
http://purl.obolibrary.org/obo/PCL_0114957	CS20230722_CLUS_2577	2577 MM Foxb1 Glut_2														
http://purl.obolibrary.org/obo/PCL_0114958	CS20230722_CLUS_2578	2578 MH Tac2 Glut_1														
http://purl.obolibrary.org/obo/PCL_0114959	CS20230722_CLUS_2579	2579 MH Tac2 Glut_1														
http://purl.obolibrary.org/obo/PCL_0114960	CS20230722_CLUS_2580	2580 MH Tac2 Glut_1														
http://purl.obolibrary.org/obo/PCL_0114961	CS20230722_CLUS_2581	2581 MH Tac2 Glut_1														
http://purl.obolibrary.org/obo/PCL_0114962	CS20230722_CLUS_2582	2582 MH Tac2 Glut_2														
http://purl.obolibrary.org/obo/PCL_0114963	CS20230722_CLUS_2583	2583 MH Tac2 Glut_2														
http://purl.obolibrary.org/obo/PCL_0114964	CS20230722_CLUS_2584	2584 MH Tac2 Glut_2														
http://purl.obolibrary.org/obo/PCL_0114965	CS20230722_CLUS_2585	2585 MH Tac2 Glut_2														
http://purl.obolibrary.org/obo/PCL_0114966	CS20230722_CLUS_2586	2586 MH Tac2 Glut_2														
http://purl.obolibrary.org/obo/PCL_0114967	CS20230722_CLUS_2587	2587 MH Tac2 Glut_3														
http://purl.obolibrary.org/obo/PCL_0114968	CS20230722_CLUS_2588	2588 MH Tac2 Glut_3														
http://purl.obolibrary.org/obo/PCL_0114969	CS20230722_CLUS_2589	2589 MH Tac2 Glut_3														
http://purl.obolibrary.org/obo/PCL_0114970	CS20230722_CLUS_2590	2590 MH Tac2 Glut_3														
http://purl.obolibrary.org/obo/PCL_0114971	CS20230722_CLUS_2591	2591 MH Tac2 Glut_3														
http://purl.obolibrary.org/obo/PCL_0114972	CS20230722_CLUS_2592	2592 MH Tac2 Glut_3														
http://purl.obolibrary.org/obo/PCL_0114973	CS20230722_CLUS_2593	2593 MH Tac2 Glut_3														
http://purl.obolibrary.org/obo/PCL_0114974	CS20230722_CLUS_2594	2594 MH Tac2 Glut_4														
http://purl.obolibrary.org/obo/PCL_0114975	CS20230722_CLUS_2595	2595 MH Tac2 Glut_4														
http://purl.obolibrary.org/obo/PCL_0114976	CS20230722_CLUS_2596	2596 MH Tac2 Glut_5														
http://purl.obolibrary.org/obo/PCL_0114977	CS20230722_CLUS_2597	2597 MH Tac2 Glut_5														
http://purl.obolibrary.org/obo/PCL_0114978	CS20230722_CLUS_2598	2598 MH Tac2 Glut_5														
http://purl.obolibrary.org/obo/PCL_0114979	CS20230722_CLUS_2599	2599 LH Pou4f1 Sox1 Glut_1														
http://purl.obolibrary.org/obo/PCL_0114980	CS20230722_CLUS_2600	2600 LH Pou4f1 Sox1 Glut_1														
http://purl.obolibrary.org/obo/PCL_0114981	CS20230722_CLUS_2601	2601 LH Pou4f1 Sox1 Glut_2														
http://purl.obolibrary.org/obo/PCL_0114982	CS20230722_CLUS_2602	2602 LH Pou4f1 Sox1 Glut_2														
http://purl.obolibrary.org/obo/PCL_0114983	CS20230722_CLUS_2603	2603 LH Pou4f1 Sox1 Glut_2														
http://purl.obolibrary.org/obo/PCL_0114984	CS20230722_CLUS_2604	2604 LH Pou4f1 Sox1 Glut_2														
http://purl.obolibrary.org/obo/PCL_0114985	CS20230722_CLUS_2605	2605 LH Pou4f1 Sox1 Glut_2														
http://purl.obolibrary.org/obo/PCL_0114986	CS20230722_CLUS_2606	2606 LH Pou4f1 Sox1 Glut_3														
http://purl.obolibrary.org/obo/PCL_0114987	CS20230722_CLUS_2607	2607 LH Pou4f1 Sox1 Glut_3														
http://purl.obolibrary.org/obo/PCL_0114988	CS20230722_CLUS_2608	2608 LH Pou4f1 Sox1 Glut_3														
http://purl.obolibrary.org/obo/PCL_0114989	CS20230722_CLUS_2609	2609 LH Pou4f1 Sox1 Glut_4														
http://purl.obolibrary.org/obo/PCL_0114990	CS20230722_CLUS_2610	2610 LH Pou4f1 Sox1 Glut_4														
http://purl.obolibrary.org/obo/PCL_0114991	CS20230722_CLUS_2611	2611 LH Pou4f1 Sox1 Glut_4														
http://purl.obolibrary.org/obo/PCL_0114992	CS20230722_CLUS_2612	2612 LH Pou4f1 Sox1 Glut_4														
http://purl.obolibrary.org/obo/PCL_0114993	CS20230722_CLUS_2613	2613 AD Serpinb7 Glut_1														
http://purl.obolibrary.org/obo/PCL_0114994	CS20230722_CLUS_2614	2614 AD Serpinb7 Glut_1														
http://purl.obolibrary.org/obo/PCL_0114995	CS20230722_CLUS_2615	2615 AV Col27a1 Glut_1														
http://purl.obolibrary.org/obo/PCL_0114996	CS20230722_CLUS_2616	2616 AV Col27a1 Glut_1														
http://purl.obolibrary.org/obo/PCL_0114997	CS20230722_CLUS_2617	2617 PVT-PT Ntrk1 Glut_1														
http://purl.obolibrary.org/obo/PCL_0114998	CS20230722_CLUS_2618	2618 PVT-PT Ntrk1 Glut_1														
http://purl.obolibrary.org/obo/PCL_0114999	CS20230722_CLUS_2619	2619 PVT-PT Ntrk1 Glut_1														
http://purl.obolibrary.org/obo/PCL_0115000	CS20230722_CLUS_2620	2620 PVT-PT Ntrk1 Glut_2														
http://purl.obolibrary.org/obo/PCL_0115001	CS20230722_CLUS_2621	2621 PVT-PT Ntrk1 Glut_2														
http://purl.obolibrary.org/obo/PCL_0115002	CS20230722_CLUS_2622	2622 PVT-PT Ntrk1 Glut_2														
http://purl.obolibrary.org/obo/PCL_0115003	CS20230722_CLUS_2623	2623 PVT-PT Ntrk1 Glut_2														
http://purl.obolibrary.org/obo/PCL_0115004	CS20230722_CLUS_2624	2624 PVT-PT Ntrk1 Glut_3														
http://purl.obolibrary.org/obo/PCL_0115005	CS20230722_CLUS_2625	2625 PVT-PT Ntrk1 Glut_3														
http://purl.obolibrary.org/obo/PCL_0115006	CS20230722_CLUS_2626	2626 PVT-PT Ntrk1 Glut_3														
http://purl.obolibrary.org/obo/PCL_0115007	CS20230722_CLUS_2627	2627 PVT-PT Ntrk1 Glut_4														
http://purl.obolibrary.org/obo/PCL_0115008	CS20230722_CLUS_2628	2628 PVT-PT Ntrk1 Glut_4														
http://purl.obolibrary.org/obo/PCL_0115009	CS20230722_CLUS_2629	2629 PVT-PT Ntrk1 Glut_4														
http://purl.obolibrary.org/obo/PCL_0115010	CS20230722_CLUS_2630	2630 PVT-PT Ntrk1 Glut_5														
http://purl.obolibrary.org/obo/PCL_0115011	CS20230722_CLUS_2631	2631 PVT-PT Ntrk1 Glut_5														
http://purl.obolibrary.org/obo/PCL_0115013	CS20230722_CLUS_2633	2633 CM-IAD-CL-PCN Sema5b Glut_1														
http://purl.obolibrary.org/obo/PCL_0115014	CS20230722_CLUS_2634	2634 CM-IAD-CL-PCN Sema5b Glut_1														
http://purl.obolibrary.org/obo/PCL_0115015	CS20230722_CLUS_2635	2635 CM-IAD-CL-PCN Sema5b Glut_1														
http://purl.obolibrary.org/obo/PCL_0115016	CS20230722_CLUS_2636	2636 CM-IAD-CL-PCN Sema5b Glut_1														
http://purl.obolibrary.org/obo/PCL_0115017	CS20230722_CLUS_2637	2637 CM-IAD-CL-PCN Sema5b Glut_2														
http://purl.obolibrary.org/obo/PCL_0115018	CS20230722_CLUS_2638	2638 CM-IAD-CL-PCN Sema5b Glut_2														
http://purl.obolibrary.org/obo/PCL_0115019	CS20230722_CLUS_2639	2639 CM-IAD-CL-PCN Sema5b Glut_2														
http://purl.obolibrary.org/obo/PCL_0115020	CS20230722_CLUS_2640	2640 CM-IAD-CL-PCN Sema5b Glut_3														
http://purl.obolibrary.org/obo/PCL_0115021	CS20230722_CLUS_2641	2641 CM-IAD-CL-PCN Sema5b Glut_3														
http://purl.obolibrary.org/obo/PCL_0115022	CS20230722_CLUS_2642	2642 CM-IAD-CL-PCN Sema5b Glut_3														
http://purl.obolibrary.org/obo/PCL_0115023	CS20230722_CLUS_2643	2643 CM-IAD-CL-PCN Sema5b Glut_4														
http://purl.obolibrary.org/obo/PCL_0115024	CS20230722_CLUS_2644	2644 CM-IAD-CL-PCN Sema5b Glut_4														
http://purl.obolibrary.org/obo/PCL_0115025	CS20230722_CLUS_2645	2645 CM-IAD-CL-PCN Sema5b Glut_4														
http://purl.obolibrary.org/obo/PCL_0115026	CS20230722_CLUS_2646	2646 CM-IAD-CL-PCN Sema5b Glut_5														
http://purl.obolibrary.org/obo/PCL_0115027	CS20230722_CLUS_2647	2647 CM-IAD-CL-PCN Sema5b Glut_5														
http://purl.obolibrary.org/obo/PCL_0115028	CS20230722_CLUS_2648	2648 TH Prkcd Grin2c Glut_1														
http://purl.obolibrary.org/obo/PCL_0115029	CS20230722_CLUS_2649	2649 TH Prkcd Grin2c Glut_1														
http://purl.obolibrary.org/obo/PCL_0115031	CS20230722_CLUS_2651	2651 TH Prkcd Grin2c Glut_3														
http://purl.obolibrary.org/obo/PCL_0115032	CS20230722_CLUS_2652	2652 TH Prkcd Grin2c Glut_3														
http://purl.obolibrary.org/obo/PCL_0115033	CS20230722_CLUS_2653	2653 TH Prkcd Grin2c Glut_4														
http://purl.obolibrary.org/obo/PCL_0115034	CS20230722_CLUS_2654	2654 TH Prkcd Grin2c Glut_4														
http://purl.obolibrary.org/obo/PCL_0115035	CS20230722_CLUS_2655	2655 TH Prkcd Grin2c Glut_5														
http://purl.obolibrary.org/obo/PCL_0115036	CS20230722_CLUS_2656	2656 TH Prkcd Grin2c Glut_5														
http://purl.obolibrary.org/obo/PCL_0115037	CS20230722_CLUS_2657	2657 TH Prkcd Grin2c Glut_5														
http://purl.obolibrary.org/obo/PCL_0115038	CS20230722_CLUS_2658	2658 TH Prkcd Grin2c Glut_5														
http://purl.obolibrary.org/obo/PCL_0115039	CS20230722_CLUS_2659	2659 TH Prkcd Grin2c Glut_6														
http://purl.obolibrary.org/obo/PCL_0115040	CS20230722_CLUS_2660	2660 TH Prkcd Grin2c Glut_6														
http://purl.obolibrary.org/obo/PCL_0115041	CS20230722_CLUS_2661	2661 TH Prkcd Grin2c Glut_6														
http://purl.obolibrary.org/obo/PCL_0115042	CS20230722_CLUS_2662	2662 TH Prkcd Grin2c Glut_6														
http://purl.obolibrary.org/obo/PCL_0115043	CS20230722_CLUS_2663	2663 TH Prkcd Grin2c Glut_6														
http://purl.obolibrary.org/obo/PCL_0115044	CS20230722_CLUS_2664	2664 TH Prkcd Grin2c Glut_6														
http://purl.obolibrary.org/obo/PCL_0115045	CS20230722_CLUS_2665	2665 TH Prkcd Grin2c Glut_7														
http://purl.obolibrary.org/obo/PCL_0115046	CS20230722_CLUS_2666	2666 TH Prkcd Grin2c Glut_7														
http://purl.obolibrary.org/obo/PCL_0115047	CS20230722_CLUS_2667	2667 TH Prkcd Grin2c Glut_7														
http://purl.obolibrary.org/obo/PCL_0115048	CS20230722_CLUS_2668	2668 TH Prkcd Grin2c Glut_8														
http://purl.obolibrary.org/obo/PCL_0115049	CS20230722_CLUS_2669	2669 TH Prkcd Grin2c Glut_8														
http://purl.obolibrary.org/obo/PCL_0115050	CS20230722_CLUS_2670	2670 TH Prkcd Grin2c Glut_8														
http://purl.obolibrary.org/obo/PCL_0115051	CS20230722_CLUS_2671	2671 TH Prkcd Grin2c Glut_8														
http://purl.obolibrary.org/obo/PCL_0115052	CS20230722_CLUS_2672	2672 TH Prkcd Grin2c Glut_8														
http://purl.obolibrary.org/obo/PCL_0115053	CS20230722_CLUS_2673	2673 TH Prkcd Grin2c Glut_8														
http://purl.obolibrary.org/obo/PCL_0115054	CS20230722_CLUS_2674	2674 TH Prkcd Grin2c Glut_9														
http://purl.obolibrary.org/obo/PCL_0115055	CS20230722_CLUS_2675	2675 TH Prkcd Grin2c Glut_9														
http://purl.obolibrary.org/obo/PCL_0115056	CS20230722_CLUS_2676	2676 TH Prkcd Grin2c Glut_9														
http://purl.obolibrary.org/obo/PCL_0115057	CS20230722_CLUS_2677	2677 TH Prkcd Grin2c Glut_10														
http://purl.obolibrary.org/obo/PCL_0115058	CS20230722_CLUS_2678	2678 TH Prkcd Grin2c Glut_10														
http://purl.obolibrary.org/obo/PCL_0115059	CS20230722_CLUS_2679	2679 TH Prkcd Grin2c Glut_11														
http://purl.obolibrary.org/obo/PCL_0115060	CS20230722_CLUS_2680	2680 TH Prkcd Grin2c Glut_11														
http://purl.obolibrary.org/obo/PCL_0115061	CS20230722_CLUS_2681	2681 TH Prkcd Grin2c Glut_12														
http://purl.obolibrary.org/obo/PCL_0115062	CS20230722_CLUS_2682	2682 TH Prkcd Grin2c Glut_12														
http://purl.obolibrary.org/obo/PCL_0115063	CS20230722_CLUS_2683	2683 TH Prkcd Grin2c Glut_13														
http://purl.obolibrary.org/obo/PCL_0115064	CS20230722_CLUS_2684	2684 TH Prkcd Grin2c Glut_13														
http://purl.obolibrary.org/obo/PCL_0115065	CS20230722_CLUS_2685	2685 TH Prkcd Grin2c Glut_13														
http://purl.obolibrary.org/obo/PCL_0115066	CS20230722_CLUS_2686	2686 TH Prkcd Grin2c Glut_13														
http://purl.obolibrary.org/obo/PCL_0115067	CS20230722_CLUS_2687	2687 TH Prkcd Grin2c Glut_13														
http://purl.obolibrary.org/obo/PCL_0115068	CS20230722_CLUS_2688	2688 TH Prkcd Grin2c Glut_14														
http://purl.obolibrary.org/obo/PCL_0115069	CS20230722_CLUS_2689	2689 TH Prkcd Grin2c Glut_14														
http://purl.obolibrary.org/obo/PCL_0115070	CS20230722_CLUS_2690	2690 RE-Xi Nox4 Glut_1														
http://purl.obolibrary.org/obo/PCL_0115071	CS20230722_CLUS_2691	2691 RE-Xi Nox4 Glut_1														
http://purl.obolibrary.org/obo/PCL_0115072	CS20230722_CLUS_2692	2692 RE-Xi Nox4 Glut_1														
http://purl.obolibrary.org/obo/PCL_0115073	CS20230722_CLUS_2693	2693 RE-Xi Nox4 Glut_1														
http://purl.obolibrary.org/obo/PCL_0115074	CS20230722_CLUS_2694	2694 RE-Xi Nox4 Glut_2														
http://purl.obolibrary.org/obo/PCL_0115075	CS20230722_CLUS_2695	2695 RE-Xi Nox4 Glut_2														
http://purl.obolibrary.org/obo/PCL_0115076	CS20230722_CLUS_2696	2696 RE-Xi Nox4 Glut_2														
http://purl.obolibrary.org/obo/PCL_0115077	CS20230722_CLUS_2697	2697 RE-Xi Nox4 Glut_2														
http://purl.obolibrary.org/obo/PCL_0115078	CS20230722_CLUS_2698	2698 RE-Xi Nox4 Glut_3														
http://purl.obolibrary.org/obo/PCL_0115079	CS20230722_CLUS_2699	2699 RE-Xi Nox4 Glut_3														
http://purl.obolibrary.org/obo/PCL_0115080	CS20230722_CLUS_2700	2700 RE-Xi Nox4 Glut_3														
http://purl.obolibrary.org/obo/PCL_0115081	CS20230722_CLUS_2701	2701 RE-Xi Nox4 Glut_3														
http://purl.obolibrary.org/obo/PCL_0115082	CS20230722_CLUS_2702	2702 RE-Xi Nox4 Glut_3														
http://purl.obolibrary.org/obo/PCL_0115084	CS20230722_CLUS_2704	2704 MG-POL-SGN Nts Glut_1														
http://purl.obolibrary.org/obo/PCL_0115085	CS20230722_CLUS_2705	2705 MG-POL-SGN Nts Glut_1														
http://purl.obolibrary.org/obo/PCL_0115086	CS20230722_CLUS_2706	2706 MG-POL-SGN Nts Glut_1														
http://purl.obolibrary.org/obo/PCL_0115087	CS20230722_CLUS_2707	2707 MG-POL-SGN Nts Glut_2														
http://purl.obolibrary.org/obo/PCL_0115088	CS20230722_CLUS_2708	2708 MG-POL-SGN Nts Glut_2														
http://purl.obolibrary.org/obo/PCL_0115089	CS20230722_CLUS_2709	2709 MG-POL-SGN Nts Glut_2														
http://purl.obolibrary.org/obo/PCL_0115090	CS20230722_CLUS_2710	2710 PF Fzd5 Glut_1														
http://purl.obolibrary.org/obo/PCL_0115091	CS20230722_CLUS_2711	2711 PF Fzd5 Glut_1														
http://purl.obolibrary.org/obo/PCL_0115092	CS20230722_CLUS_2712	2712 PF Fzd5 Glut_1														
http://purl.obolibrary.org/obo/PCL_0115093	CS20230722_CLUS_2713	2713 PF Fzd5 Glut_1														
http://purl.obolibrary.org/obo/PCL_0115094	CS20230722_CLUS_2714	2714 PF Fzd5 Glut_1														
http://purl.obolibrary.org/obo/PCL_0115095	CS20230722_CLUS_2715	2715 PF Fzd5 Glut_1														
http://purl.obolibrary.org/obo/PCL_0115096	CS20230722_CLUS_2716	2716 PF Fzd5 Glut_1														
http://purl.obolibrary.org/obo/PCL_0115097	CS20230722_CLUS_2717	2717 PF Fzd5 Glut_1														
http://purl.obolibrary.org/obo/PCL_0115098	CS20230722_CLUS_2718	2718 PF Fzd5 Glut_1														
http://purl.obolibrary.org/obo/PCL_0115099	CS20230722_CLUS_2719	2719 PF Fzd5 Glut_1														
http://purl.obolibrary.org/obo/PCL_0115100	CS20230722_CLUS_2720	2720 PF Fzd5 Glut_2														
http://purl.obolibrary.org/obo/PCL_0115101	CS20230722_CLUS_2721	2721 PF Fzd5 Glut_2														
http://purl.obolibrary.org/obo/PCL_0115102	CS20230722_CLUS_2722	2722 PF Fzd5 Glut_2														
http://purl.obolibrary.org/obo/PCL_0115103	CS20230722_CLUS_2723	2723 PF Fzd5 Glut_2														
http://purl.obolibrary.org/obo/PCL_0115104	CS20230722_CLUS_2724	2724 PF Fzd5 Glut_2														
http://purl.obolibrary.org/obo/PCL_0115105	CS20230722_CLUS_2725	2725 PF Fzd5 Glut_2														
http://purl.obolibrary.org/obo/PCL_0115106	CS20230722_CLUS_2726	2726 PRC-PAG Pax6 Glut_1														
http://purl.obolibrary.org/obo/PCL_0115107	CS20230722_CLUS_2727	2727 PRC-PAG Pax6 Glut_1														
http://purl.obolibrary.org/obo/PCL_0115108	CS20230722_CLUS_2728	2728 PRC-PAG Pax6 Glut_1														
http://purl.obolibrary.org/obo/PCL_0115109	CS20230722_CLUS_2729	2729 PRC-PAG Pax6 Glut_1														
http://purl.obolibrary.org/obo/PCL_0115110	CS20230722_CLUS_2730	2730 PRC-PAG Pax6 Glut_1														
http://purl.obolibrary.org/obo/PCL_0115111	CS20230722_CLUS_2731	2731 PRC-PAG Pax6 Glut_1														
http://purl.obolibrary.org/obo/PCL_0115112	CS20230722_CLUS_2732	2732 PRC-PAG Pax6 Glut_1														
http://purl.obolibrary.org/obo/PCL_0115113	CS20230722_CLUS_2733	2733 PRC-PAG Pax6 Glut_2														
http://purl.obolibrary.org/obo/PCL_0115114	CS20230722_CLUS_2734	2734 PRC-PAG Pax6 Glut_2														
http://purl.obolibrary.org/obo/PCL_0115115	CS20230722_CLUS_2735	2735 PRC-PAG Pax6 Glut_2														
http://purl.obolibrary.org/obo/PCL_0115116	CS20230722_CLUS_2736	2736 PRC-PAG Pax6 Glut_2														
http://purl.obolibrary.org/obo/PCL_0115117	CS20230722_CLUS_2737	2737 PRC-PAG Pax6 Glut_2														
http://purl.obolibrary.org/obo/PCL_0115118	CS20230722_CLUS_2738	2738 PRC-PAG Pax6 Glut_2														
http://purl.obolibrary.org/obo/PCL_0115119	CS20230722_CLUS_2739	2739 PRC-PAG Pax6 Glut_2														
http://purl.obolibrary.org/obo/PCL_0115120	CS20230722_CLUS_2740	2740 PRC-PAG Pax6 Glut_2														
http://purl.obolibrary.org/obo/PCL_0115121	CS20230722_CLUS_2741	2741 PRC-PAG Pax6 Glut_3														
http://purl.obolibrary.org/obo/PCL_0115122	CS20230722_CLUS_2742	2742 PRC-PAG Pax6 Glut_3														
http://purl.obolibrary.org/obo/PCL_0115123	CS20230722_CLUS_2743	2743 PRC-PAG Pax6 Glut_3														
http://purl.obolibrary.org/obo/PCL_0115124	CS20230722_CLUS_2744	2744 PRC-PAG Pax6 Glut_3														
http://purl.obolibrary.org/obo/PCL_0115125	CS20230722_CLUS_2745	2745 PRC-PAG Pax6 Glut_3														
http://purl.obolibrary.org/obo/PCL_0115126	CS20230722_CLUS_2746	2746 PRC-PAG Pax6 Glut_3														
http://purl.obolibrary.org/obo/PCL_0115127	CS20230722_CLUS_2747	2747 PRC-PAG Pax6 Glut_3														
http://purl.obolibrary.org/obo/PCL_0115128	CS20230722_CLUS_2748	2748 PRC-PAG Pax6 Glut_4														
http://purl.obolibrary.org/obo/PCL_0115129	CS20230722_CLUS_2749	2749 PRC-PAG Pax6 Glut_4														
http://purl.obolibrary.org/obo/PCL_0115130	CS20230722_CLUS_2750	2750 PRC-PAG Pax6 Glut_4														
http://purl.obolibrary.org/obo/PCL_0115132	CS20230722_CLUS_2752	2752 MB-ant-ve Dmrta2 Glut_1														
http://purl.obolibrary.org/obo/PCL_0115133	CS20230722_CLUS_2753	2753 MB-ant-ve Dmrta2 Glut_1														
http://purl.obolibrary.org/obo/PCL_0115134	CS20230722_CLUS_2754	2754 MB-ant-ve Dmrta2 Glut_1														
http://purl.obolibrary.org/obo/PCL_0115135	CS20230722_CLUS_2755	2755 MB-ant-ve Dmrta2 Glut_1														
http://purl.obolibrary.org/obo/PCL_0115136	CS20230722_CLUS_2756	2756 MB-ant-ve Dmrta2 Glut_1														
http://purl.obolibrary.org/obo/PCL_0115137	CS20230722_CLUS_2757	2757 MB-ant-ve Dmrta2 Glut_1														
http://purl.obolibrary.org/obo/PCL_0115138	CS20230722_CLUS_2758	2758 MB-ant-ve Dmrta2 Glut_1														
http://purl.obolibrary.org/obo/PCL_0115139	CS20230722_CLUS_2759	2759 MB-ant-ve Dmrta2 Glut_1														
http://purl.obolibrary.org/obo/PCL_0115140	CS20230722_CLUS_2760	2760 MB-ant-ve Dmrta2 Glut_1														
http://purl.obolibrary.org/obo/PCL_0115142	CS20230722_CLUS_2762	2762 MRN-PAG Nkx6-1 Glut_1														
http://purl.obolibrary.org/obo/PCL_0115143	CS20230722_CLUS_2763	2763 MRN-PAG Nkx6-1 Glut_1														
http://purl.obolibrary.org/obo/PCL_0115144	CS20230722_CLUS_2764	2764 MRN-PAG Nkx6-1 Glut_1														
http://purl.obolibrary.org/obo/PCL_0115145	CS20230722_CLUS_2765	2765 MRN-PAG Nkx6-1 Glut_2														
http://purl.obolibrary.org/obo/PCL_0115146	CS20230722_CLUS_2766	2766 MRN-PAG Nkx6-1 Glut_2														
http://purl.obolibrary.org/obo/PCL_0115147	CS20230722_CLUS_2767	2767 IF-RL-CLI-PAG Foxa1 Glut_1														
http://purl.obolibrary.org/obo/PCL_0115148	CS20230722_CLUS_2768	2768 IF-RL-CLI-PAG Foxa1 Glut_1														
http://purl.obolibrary.org/obo/PCL_0115149	CS20230722_CLUS_2769	2769 IF-RL-CLI-PAG Foxa1 Glut_1														
http://purl.obolibrary.org/obo/PCL_0115150	CS20230722_CLUS_2770	2770 IF-RL-CLI-PAG Foxa1 Glut_1														
http://purl.obolibrary.org/obo/PCL_0115151	CS20230722_CLUS_2771	2771 IF-RL-CLI-PAG Foxa1 Glut_1														
http://purl.obolibrary.org/obo/PCL_0115152	CS20230722_CLUS_2772	2772 IF-RL-CLI-PAG Foxa1 Glut_2														
http://purl.obolibrary.org/obo/PCL_0115153	CS20230722_CLUS_2773	2773 IF-RL-CLI-PAG Foxa1 Glut_2														
http://purl.obolibrary.org/obo/PCL_0115154	CS20230722_CLUS_2774	2774 IF-RL-CLI-PAG Foxa1 Glut_2														
http://purl.obolibrary.org/obo/PCL_0115155	CS20230722_CLUS_2775	2775 IF-RL-CLI-PAG Foxa1 Glut_3														
http://purl.obolibrary.org/obo/PCL_0115156	CS20230722_CLUS_2776	2776 IF-RL-CLI-PAG Foxa1 Glut_3														
http://purl.obolibrary.org/obo/PCL_0115157	CS20230722_CLUS_2777	2777 IF-RL-CLI-PAG Foxa1 Glut_3														
http://purl.obolibrary.org/obo/PCL_0115158	CS20230722_CLUS_2778	2778 IF-RL-CLI-PAG Foxa1 Glut_4														
http://purl.obolibrary.org/obo/PCL_0115159	CS20230722_CLUS_2779	2779 IF-RL-CLI-PAG Foxa1 Glut_4														
http://purl.obolibrary.org/obo/PCL_0115161	CS20230722_CLUS_2781	2781 PAG-SC Neurod2 Meis2 Glut_1														
http://purl.obolibrary.org/obo/PCL_0115162	CS20230722_CLUS_2782	2782 PAG-SC Neurod2 Meis2 Glut_1														
http://purl.obolibrary.org/obo/PCL_0115163	CS20230722_CLUS_2783	2783 PAG-SC Neurod2 Meis2 Glut_1														
http://purl.obolibrary.org/obo/PCL_0115164	CS20230722_CLUS_2784	2784 PAG-SC Neurod2 Meis2 Glut_1														
http://purl.obolibrary.org/obo/PCL_0115165	CS20230722_CLUS_2785	2785 PAG-SC Neurod2 Meis2 Glut_1														
http://purl.obolibrary.org/obo/PCL_0115166	CS20230722_CLUS_2786	2786 PAG-SC Neurod2 Meis2 Glut_2														
http://purl.obolibrary.org/obo/PCL_0115167	CS20230722_CLUS_2787	2787 PAG-SC Neurod2 Meis2 Glut_2														
http://purl.obolibrary.org/obo/PCL_0115168	CS20230722_CLUS_2788	2788 PAG-SC Neurod2 Meis2 Glut_2														
http://purl.obolibrary.org/obo/PCL_0115169	CS20230722_CLUS_2789	2789 PAG-SC Neurod2 Meis2 Glut_2														
http://purl.obolibrary.org/obo/PCL_0115171	CS20230722_CLUS_2791	2791 PAG-SC Neurod2 Meis2 Glut_4														
http://purl.obolibrary.org/obo/PCL_0115172	CS20230722_CLUS_2792	2792 PAG-SC Neurod2 Meis2 Glut_4														
http://purl.obolibrary.org/obo/PCL_0115173	CS20230722_CLUS_2793	2793 PAG-SC Neurod2 Meis2 Glut_4														
http://purl.obolibrary.org/obo/PCL_0115174	CS20230722_CLUS_2794	2794 PAG-SC Neurod2 Meis2 Glut_4														
http://purl.obolibrary.org/obo/PCL_0115175	CS20230722_CLUS_2795	2795 PAG-SC Neurod2 Meis2 Glut_4														
http://purl.obolibrary.org/obo/PCL_0115176	CS20230722_CLUS_2796	2796 PAG-SC Neurod2 Meis2 Glut_4														
http://purl.obolibrary.org/obo/PCL_0115177	CS20230722_CLUS_2797	2797 PAG-SC Neurod2 Meis2 Glut_4														
http://purl.obolibrary.org/obo/PCL_0115178	CS20230722_CLUS_2798	2798 PAG Pou4f3 Glut_1														
http://purl.obolibrary.org/obo/PCL_0115179	CS20230722_CLUS_2799	2799 PAG Pou4f3 Glut_1														
http://purl.obolibrary.org/obo/PCL_0115180	CS20230722_CLUS_2800	2800 PAG Pou4f3 Glut_1														
http://purl.obolibrary.org/obo/PCL_0115181	CS20230722_CLUS_2801	2801 PAG Pou4f3 Glut_1														
http://purl.obolibrary.org/obo/PCL_0115182	CS20230722_CLUS_2802	2802 PAG Pou4f3 Glut_1														
http://purl.obolibrary.org/obo/PCL_0115183	CS20230722_CLUS_2803	2803 PAG Pou4f3 Glut_1														
http://purl.obolibrary.org/obo/PCL_0115184	CS20230722_CLUS_2804	2804 PAG Pou4f3 Glut_1														
http://purl.obolibrary.org/obo/PCL_0115185	CS20230722_CLUS_2805	2805 PAG Pou4f3 Glut_1														
http://purl.obolibrary.org/obo/PCL_0115186	CS20230722_CLUS_2806	2806 PAG Pou4f3 Glut_1														
http://purl.obolibrary.org/obo/PCL_0115187	CS20230722_CLUS_2807	2807 PAG Pou4f3 Glut_1														
http://purl.obolibrary.org/obo/PCL_0115188	CS20230722_CLUS_2808	2808 PAG Pou4f3 Glut_2														
http://purl.obolibrary.org/obo/PCL_0115189	CS20230722_CLUS_2809	2809 PAG Pou4f3 Glut_2														
http://purl.obolibrary.org/obo/PCL_0115190	CS20230722_CLUS_2810	2810 PAG Pou4f3 Glut_2														
http://purl.obolibrary.org/obo/PCL_0115191	CS20230722_CLUS_2811	2811 PAG Pou4f3 Glut_3														
http://purl.obolibrary.org/obo/PCL_0115192	CS20230722_CLUS_2812	2812 PAG Pou4f3 Glut_3														
http://purl.obolibrary.org/obo/PCL_0115193	CS20230722_CLUS_2813	2813 CUN Evx2 Lhx2 Glut_1														
http://purl.obolibrary.org/obo/PCL_0115194	CS20230722_CLUS_2814	2814 CUN Evx2 Lhx2 Glut_1														
http://purl.obolibrary.org/obo/PCL_0115195	CS20230722_CLUS_2815	2815 CUN Evx2 Lhx2 Glut_1														
http://purl.obolibrary.org/obo/PCL_0115196	CS20230722_CLUS_2816	2816 CUN Evx2 Lhx2 Glut_1														
http://purl.obolibrary.org/obo/PCL_0115197	CS20230722_CLUS_2817	2817 CUN Evx2 Lhx2 Glut_1														
http://purl.obolibrary.org/obo/PCL_0115198	CS20230722_CLUS_2818	2818 CUN Evx2 Lhx2 Glut_1														
http://purl.obolibrary.org/obo/PCL_0115199	CS20230722_CLUS_2819	2819 CUN Evx2 Lhx2 Glut_2														
http://purl.obolibrary.org/obo/PCL_0115200	CS20230722_CLUS_2820	2820 CUN Evx2 Lhx2 Glut_2														
http://purl.obolibrary.org/obo/PCL_0115201	CS20230722_CLUS_2821	2821 CUN Evx2 Lhx2 Glut_2														
http://purl.obolibrary.org/obo/PCL_0115202	CS20230722_CLUS_2822	2822 CUN Evx2 Lhx2 Glut_2														
http://purl.obolibrary.org/obo/PCL_0115203	CS20230722_CLUS_2823	2823 CUN Evx2 Lhx2 Glut_2														
http://purl.obolibrary.org/obo/PCL_0115204	CS20230722_CLUS_2824	2824 CUN Evx2 Lhx2 Glut_2														
http://purl.obolibrary.org/obo/PCL_0115205	CS20230722_CLUS_2825	2825 CUN Evx2 Lhx2 Glut_2														
http://purl.obolibrary.org/obo/PCL_0115206	CS20230722_CLUS_2826	2826 CUN Evx2 Lhx2 Glut_3														
http://purl.obolibrary.org/obo/PCL_0115207	CS20230722_CLUS_2827	2827 CUN Evx2 Lhx2 Glut_3														
http://purl.obolibrary.org/obo/PCL_0115208	CS20230722_CLUS_2828	2828 CUN Evx2 Lhx2 Glut_3														
http://purl.obolibrary.org/obo/PCL_0115209	CS20230722_CLUS_2829	2829 CUN Evx2 Lhx2 Glut_3														
http://purl.obolibrary.org/obo/PCL_0115210	CS20230722_CLUS_2830	2830 CUN Evx2 Lhx2 Glut_3														
http://purl.obolibrary.org/obo/PCL_0115211	CS20230722_CLUS_2831	2831 CUN Evx2 Lhx2 Glut_3														
http://purl.obolibrary.org/obo/PCL_0115212	CS20230722_CLUS_2832	2832 CUN Evx2 Lhx2 Glut_4														
http://purl.obolibrary.org/obo/PCL_0115213	CS20230722_CLUS_2833	2833 CUN Evx2 Lhx2 Glut_4														
http://purl.obolibrary.org/obo/PCL_0115214	CS20230722_CLUS_2834	2834 CUN Evx2 Lhx2 Glut_4														
http://purl.obolibrary.org/obo/PCL_0115215	CS20230722_CLUS_2835	2835 CUN Evx2 Lhx2 Glut_4														
http://purl.obolibrary.org/obo/PCL_0115216	CS20230722_CLUS_2836	2836 CUN Evx2 Lhx2 Glut_4														
http://purl.obolibrary.org/obo/PCL_0115217	CS20230722_CLUS_2837	2837 CUN Evx2 Lhx2 Glut_5														
http://purl.obolibrary.org/obo/PCL_0115218	CS20230722_CLUS_2838	2838 CUN Evx2 Lhx2 Glut_5														
http://purl.obolibrary.org/obo/PCL_0115219	CS20230722_CLUS_2839	2839 CUN Evx2 Lhx2 Glut_5														
http://purl.obolibrary.org/obo/PCL_0115220	CS20230722_CLUS_2840	2840 CUN Evx2 Lhx2 Glut_5														
http://purl.obolibrary.org/obo/PCL_0115221	CS20230722_CLUS_2841	2841 APN C1ql2 Glut_1														
http://purl.obolibrary.org/obo/PCL_0115222	CS20230722_CLUS_2842	2842 APN C1ql2 Glut_1														
http://purl.obolibrary.org/obo/PCL_0115223	CS20230722_CLUS_2843	2843 APN C1ql2 Glut_1														
http://purl.obolibrary.org/obo/PCL_0115224	CS20230722_CLUS_2844	2844 APN C1ql2 Glut_1														
http://purl.obolibrary.org/obo/PCL_0115225	CS20230722_CLUS_2845	2845 APN C1ql2 Glut_1														
http://purl.obolibrary.org/obo/PCL_0115226	CS20230722_CLUS_2846	2846 APN C1ql2 Glut_1														
http://purl.obolibrary.org/obo/PCL_0115227	CS20230722_CLUS_2847	2847 APN C1ql2 Glut_1														
http://purl.obolibrary.org/obo/PCL_0115228	CS20230722_CLUS_2848	2848 APN C1ql4 Glut_1														
http://purl.obolibrary.org/obo/PCL_0115229	CS20230722_CLUS_2849	2849 APN C1ql4 Glut_1														
http://purl.obolibrary.org/obo/PCL_0115230	CS20230722_CLUS_2850	2850 APN C1ql4 Glut_1														
http://purl.obolibrary.org/obo/PCL_0115231	CS20230722_CLUS_2851	2851 APN C1ql4 Glut_1														
http://purl.obolibrary.org/obo/PCL_0115232	CS20230722_CLUS_2852	2852 APN C1ql4 Glut_1														
http://purl.obolibrary.org/obo/PCL_0115233	CS20230722_CLUS_2853	2853 APN C1ql4 Glut_1														
http://purl.obolibrary.org/obo/PCL_0115234	CS20230722_CLUS_2854	2854 APN C1ql4 Glut_1														
http://purl.obolibrary.org/obo/PCL_0115235	CS20230722_CLUS_2855	2855 APN C1ql4 Glut_1														
http://purl.obolibrary.org/obo/PCL_0115236	CS20230722_CLUS_2856	2856 APN C1ql4 Glut_1														
http://purl.obolibrary.org/obo/PCL_0115237	CS20230722_CLUS_2857	2857 PAG-MRN Pou3f1 Glut_1														
http://purl.obolibrary.org/obo/PCL_0115238	CS20230722_CLUS_2858	2858 PAG-MRN Pou3f1 Glut_1														
http://purl.obolibrary.org/obo/PCL_0115239	CS20230722_CLUS_2859	2859 PAG-MRN Pou3f1 Glut_1														
http://purl.obolibrary.org/obo/PCL_0115240	CS20230722_CLUS_2860	2860 PAG-MRN Pou3f1 Glut_1														
http://purl.obolibrary.org/obo/PCL_0115241	CS20230722_CLUS_2861	2861 PAG-MRN Pou3f1 Glut_1														
http://purl.obolibrary.org/obo/PCL_0115242	CS20230722_CLUS_2862	2862 PAG-MRN Pou3f1 Glut_1														
http://purl.obolibrary.org/obo/PCL_0115243	CS20230722_CLUS_2863	2863 PAG-MRN Pou3f1 Glut_1														
http://purl.obolibrary.org/obo/PCL_0115244	CS20230722_CLUS_2864	2864 PAG-MRN Pou3f1 Glut_1														
http://purl.obolibrary.org/obo/PCL_0115245	CS20230722_CLUS_2865	2865 PAG-MRN Pou3f1 Glut_1														
http://purl.obolibrary.org/obo/PCL_0115246	CS20230722_CLUS_2866	2866 PAG-MRN Pou3f1 Glut_1														
http://purl.obolibrary.org/obo/PCL_0115247	CS20230722_CLUS_2867	2867 PAG-MRN Pou3f1 Glut_1														
http://purl.obolibrary.org/obo/PCL_0115250	CS20230722_CLUS_2870	2870 PAG-MRN Pou3f1 Glut_4														
http://purl.obolibrary.org/obo/PCL_0115251	CS20230722_CLUS_2871	2871 PAG-MRN Pou3f1 Glut_4														
http://purl.obolibrary.org/obo/PCL_0115252	CS20230722_CLUS_2872	2872 PAG-MRN Pou3f1 Glut_4														
http://purl.obolibrary.org/obo/PCL_0115253	CS20230722_CLUS_2873	2873 PAG-MRN Pou3f1 Glut_4														
http://purl.obolibrary.org/obo/PCL_0115254	CS20230722_CLUS_2874	2874 PAG-MRN Pou3f1 Glut_5														
http://purl.obolibrary.org/obo/PCL_0115255	CS20230722_CLUS_2875	2875 PAG-MRN Pou3f1 Glut_5														
http://purl.obolibrary.org/obo/PCL_0115256	CS20230722_CLUS_2876	2876 PAG-MRN Pou3f1 Glut_5														
http://purl.obolibrary.org/obo/PCL_0115257	CS20230722_CLUS_2877	2877 PAG-MRN Pou3f1 Glut_5														
http://purl.obolibrary.org/obo/PCL_0115258	CS20230722_CLUS_2878	2878 PAG-MRN Pou3f1 Glut_5														
http://purl.obolibrary.org/obo/PCL_0115259	CS20230722_CLUS_2879	2879 PAG-MRN Pou3f1 Glut_6														
http://purl.obolibrary.org/obo/PCL_0115260	CS20230722_CLUS_2880	2880 PAG-MRN Pou3f1 Glut_6														
http://purl.obolibrary.org/obo/PCL_0115261	CS20230722_CLUS_2881	2881 PAG-MRN Pou3f1 Glut_6														
http://purl.obolibrary.org/obo/PCL_0115262	CS20230722_CLUS_2882	2882 PAG-MRN Pou3f1 Glut_6														
http://purl.obolibrary.org/obo/PCL_0115263	CS20230722_CLUS_2883	2883 PAG-MRN Pou3f1 Glut_6														
http://purl.obolibrary.org/obo/PCL_0115264	CS20230722_CLUS_2884	2884 MRN Pou3f1 C1ql4 Glut_1														
http://purl.obolibrary.org/obo/PCL_0115265	CS20230722_CLUS_2885	2885 MRN Pou3f1 C1ql4 Glut_1														
http://purl.obolibrary.org/obo/PCL_0115266	CS20230722_CLUS_2886	2886 MRN Pou3f1 C1ql4 Glut_1														
http://purl.obolibrary.org/obo/PCL_0115267	CS20230722_CLUS_2887	2887 MRN Pou3f1 C1ql4 Glut_1														
http://purl.obolibrary.org/obo/PCL_0115268	CS20230722_CLUS_2888	2888 MRN Pou3f1 C1ql4 Glut_1														
http://purl.obolibrary.org/obo/PCL_0115269	CS20230722_CLUS_2889	2889 MRN Pou3f1 C1ql4 Glut_1														
http://purl.obolibrary.org/obo/PCL_0115270	CS20230722_CLUS_2890	2890 MRN Pou3f1 C1ql4 Glut_2														
http://purl.obolibrary.org/obo/PCL_0115271	CS20230722_CLUS_2891	2891 MRN Pou3f1 C1ql4 Glut_2														
http://purl.obolibrary.org/obo/PCL_0115272	CS20230722_CLUS_2892	2892 MRN Pou3f1 C1ql4 Glut_2														
http://purl.obolibrary.org/obo/PCL_0115273	CS20230722_CLUS_2893	2893 MRN Pou3f1 C1ql4 Glut_2														
http://purl.obolibrary.org/obo/PCL_0115274	CS20230722_CLUS_2894	2894 MRN Pou3f1 C1ql4 Glut_2														
http://purl.obolibrary.org/obo/PCL_0115275	CS20230722_CLUS_2895	2895 MRN Pou3f1 C1ql4 Glut_3														
http://purl.obolibrary.org/obo/PCL_0115276	CS20230722_CLUS_2896	2896 MRN Pou3f1 C1ql4 Glut_3														
http://purl.obolibrary.org/obo/PCL_0115277	CS20230722_CLUS_2897	2897 PRC-PAG Tcf7l2 Irx2 Glut_1														
http://purl.obolibrary.org/obo/PCL_0115278	CS20230722_CLUS_2898	2898 PRC-PAG Tcf7l2 Irx2 Glut_1														
http://purl.obolibrary.org/obo/PCL_0115279	CS20230722_CLUS_2899	2899 PRC-PAG Tcf7l2 Irx2 Glut_1														
http://purl.obolibrary.org/obo/PCL_0115280	CS20230722_CLUS_2900	2900 PRC-PAG Tcf7l2 Irx2 Glut_1														
http://purl.obolibrary.org/obo/PCL_0115281	CS20230722_CLUS_2901	2901 PRC-PAG Tcf7l2 Irx2 Glut_1														
http://purl.obolibrary.org/obo/PCL_0115282	CS20230722_CLUS_2902	2902 PRC-PAG Tcf7l2 Irx2 Glut_1														
http://purl.obolibrary.org/obo/PCL_0115283	CS20230722_CLUS_2903	2903 PRC-PAG Tcf7l2 Irx2 Glut_1														
http://purl.obolibrary.org/obo/PCL_0115284	CS20230722_CLUS_2904	2904 PRC-PAG Tcf7l2 Irx2 Glut_1														
http://purl.obolibrary.org/obo/PCL_0115285	CS20230722_CLUS_2905	2905 PRC-PAG Tcf7l2 Irx2 Glut_1														
http://purl.obolibrary.org/obo/PCL_0115286	CS20230722_CLUS_2906	2906 PRC-PAG Tcf7l2 Irx2 Glut_1														
http://purl.obolibrary.org/obo/PCL_0115287	CS20230722_CLUS_2907	2907 PRC-PAG Tcf7l2 Irx2 Glut_1														
http://purl.obolibrary.org/obo/PCL_0115288	CS20230722_CLUS_2908	2908 PRC-PAG Tcf7l2 Irx2 Glut_2														
http://purl.obolibrary.org/obo/PCL_0115289	CS20230722_CLUS_2909	2909 PRC-PAG Tcf7l2 Irx2 Glut_2														
http://purl.obolibrary.org/obo/PCL_0115290	CS20230722_CLUS_2910	2910 PRC-PAG Tcf7l2 Irx2 Glut_2														
http://purl.obolibrary.org/obo/PCL_0115291	CS20230722_CLUS_2911	2911 PRC-PAG Tcf7l2 Irx2 Glut_2														
http://purl.obolibrary.org/obo/PCL_0115292	CS20230722_CLUS_2912	2912 PRC-PAG Tcf7l2 Irx2 Glut_2														
http://purl.obolibrary.org/obo/PCL_0115293	CS20230722_CLUS_2913	2913 PRC-PAG Tcf7l2 Irx2 Glut_2														
http://purl.obolibrary.org/obo/PCL_0115294	CS20230722_CLUS_2914	2914 PRC-PAG Tcf7l2 Irx2 Glut_2														
http://purl.obolibrary.org/obo/PCL_0115295	CS20230722_CLUS_2915	2915 PRC-PAG Tcf7l2 Irx2 Glut_2														
http://purl.obolibrary.org/obo/PCL_0115296	CS20230722_CLUS_2916	2916 PRC-PAG Tcf7l2 Irx2 Glut_3														
http://purl.obolibrary.org/obo/PCL_0115297	CS20230722_CLUS_2917	2917 PRC-PAG Tcf7l2 Irx2 Glut_3														
http://purl.obolibrary.org/obo/PCL_0115298	CS20230722_CLUS_2918	2918 PRC-PAG Tcf7l2 Irx2 Glut_3														
http://purl.obolibrary.org/obo/PCL_0115299	CS20230722_CLUS_2919	2919 PRC-PAG Tcf7l2 Irx2 Glut_3														
http://purl.obolibrary.org/obo/PCL_0115301	CS20230722_CLUS_2921	2921 PRC-PAG Tcf7l2 Irx2 Glut_5														
http://purl.obolibrary.org/obo/PCL_0115302	CS20230722_CLUS_2922	2922 PRC-PAG Tcf7l2 Irx2 Glut_5														
http://purl.obolibrary.org/obo/PCL_0115303	CS20230722_CLUS_2923	2923 PRC-PAG Tcf7l2 Irx2 Glut_5														
http://purl.obolibrary.org/obo/PCL_0115304	CS20230722_CLUS_2924	2924 PRC-PAG Tcf7l2 Irx2 Glut_5														
http://purl.obolibrary.org/obo/PCL_0115305	CS20230722_CLUS_2925	2925 SPA-SPFm-SPFp-POL-PIL-PoT Sp9 Glut_1														
http://purl.obolibrary.org/obo/PCL_0115306	CS20230722_CLUS_2926	2926 SPA-SPFm-SPFp-POL-PIL-PoT Sp9 Glut_1														
http://purl.obolibrary.org/obo/PCL_0115307	CS20230722_CLUS_2927	2927 SPA-SPFm-SPFp-POL-PIL-PoT Sp9 Glut_1														
http://purl.obolibrary.org/obo/PCL_0115308	CS20230722_CLUS_2928	2928 SPA-SPFm-SPFp-POL-PIL-PoT Sp9 Glut_1														
http://purl.obolibrary.org/obo/PCL_0115309	CS20230722_CLUS_2929	2929 SPA-SPFm-SPFp-POL-PIL-PoT Sp9 Glut_1														
http://purl.obolibrary.org/obo/PCL_0115310	CS20230722_CLUS_2930	2930 SPA-SPFm-SPFp-POL-PIL-PoT Sp9 Glut_1														
http://purl.obolibrary.org/obo/PCL_0115311	CS20230722_CLUS_2931	2931 SPA-SPFm-SPFp-POL-PIL-PoT Sp9 Glut_1														
http://purl.obolibrary.org/obo/PCL_0115312	CS20230722_CLUS_2932	2932 SPA-SPFm-SPFp-POL-PIL-PoT Sp9 Glut_1														
http://purl.obolibrary.org/obo/PCL_0115313	CS20230722_CLUS_2933	2933 SPA-SPFm-SPFp-POL-PIL-PoT Sp9 Glut_1														
http://purl.obolibrary.org/obo/PCL_0115314	CS20230722_CLUS_2934	2934 SPA-SPFm-SPFp-POL-PIL-PoT Sp9 Glut_1														
http://purl.obolibrary.org/obo/PCL_0115315	CS20230722_CLUS_2935	2935 SPA-SPFm-SPFp-POL-PIL-PoT Sp9 Glut_1														
http://purl.obolibrary.org/obo/PCL_0115316	CS20230722_CLUS_2936	2936 SPA-SPFm-SPFp-POL-PIL-PoT Sp9 Glut_1														
http://purl.obolibrary.org/obo/PCL_0115317	CS20230722_CLUS_2937	2937 SPA-SPFm-SPFp-POL-PIL-PoT Sp9 Glut_1														
http://purl.obolibrary.org/obo/PCL_0115318	CS20230722_CLUS_2938	2938 SPA-SPFm-SPFp-POL-PIL-PoT Sp9 Glut_2														
http://purl.obolibrary.org/obo/PCL_0115319	CS20230722_CLUS_2939	2939 SPA-SPFm-SPFp-POL-PIL-PoT Sp9 Glut_2														
http://purl.obolibrary.org/obo/PCL_0115320	CS20230722_CLUS_2940	2940 SPA-SPFm-SPFp-POL-PIL-PoT Sp9 Glut_2														
http://purl.obolibrary.org/obo/PCL_0115321	CS20230722_CLUS_2941	2941 SPA-SPFm-SPFp-POL-PIL-PoT Sp9 Glut_2														
http://purl.obolibrary.org/obo/PCL_0115322	CS20230722_CLUS_2942	2942 SPA-SPFm-SPFp-POL-PIL-PoT Sp9 Glut_2														
http://purl.obolibrary.org/obo/PCL_0115323	CS20230722_CLUS_2943	2943 SPA-SPFm-SPFp-POL-PIL-PoT Sp9 Glut_2														
http://purl.obolibrary.org/obo/PCL_0115324	CS20230722_CLUS_2944	2944 SPA-SPFm-SPFp-POL-PIL-PoT Sp9 Glut_2														
http://purl.obolibrary.org/obo/PCL_0115325	CS20230722_CLUS_2945	2945 SPA-SPFm-SPFp-POL-PIL-PoT Sp9 Glut_2														
http://purl.obolibrary.org/obo/PCL_0115326	CS20230722_CLUS_2946	2946 SPA-SPFm-SPFp-POL-PIL-PoT Sp9 Glut_3														
http://purl.obolibrary.org/obo/PCL_0115327	CS20230722_CLUS_2947	2947 SPA-SPFm-SPFp-POL-PIL-PoT Sp9 Glut_3														
http://purl.obolibrary.org/obo/PCL_0115328	CS20230722_CLUS_2948	2948 SPA-SPFm-SPFp-POL-PIL-PoT Sp9 Glut_3														
http://purl.obolibrary.org/obo/PCL_0115329	CS20230722_CLUS_2949	2949 SPA-SPFm-SPFp-POL-PIL-PoT Sp9 Glut_3														
http://purl.obolibrary.org/obo/PCL_0115330	CS20230722_CLUS_2950	2950 SPA-SPFm-SPFp-POL-PIL-PoT Sp9 Glut_3														
http://purl.obolibrary.org/obo/PCL_0115331	CS20230722_CLUS_2951	2951 SPA-SPFm-SPFp-POL-PIL-PoT Sp9 Glut_3														
http://purl.obolibrary.org/obo/PCL_0115332	CS20230722_CLUS_2952	2952 SPA-SPFm-SPFp-POL-PIL-PoT Sp9 Glut_3														
http://purl.obolibrary.org/obo/PCL_0115333	CS20230722_CLUS_2953	2953 SPA-SPFm-SPFp-POL-PIL-PoT Sp9 Glut_3														
http://purl.obolibrary.org/obo/PCL_0115334	CS20230722_CLUS_2954	2954 SPA-SPFm-SPFp-POL-PIL-PoT Sp9 Glut_3														
http://purl.obolibrary.org/obo/PCL_0115335	CS20230722_CLUS_2955	2955 SPA-SPFm-SPFp-POL-PIL-PoT Sp9 Glut_3														
http://purl.obolibrary.org/obo/PCL_0115336	CS20230722_CLUS_2956	2956 SPA-SPFm-SPFp-POL-PIL-PoT Sp9 Glut_4														
http://purl.obolibrary.org/obo/PCL_0115337	CS20230722_CLUS_2957	2957 SPA-SPFm-SPFp-POL-PIL-PoT Sp9 Glut_4														
http://purl.obolibrary.org/obo/PCL_0115338	CS20230722_CLUS_2958	2958 SPA-SPFm-SPFp-POL-PIL-PoT Sp9 Glut_4														
http://purl.obolibrary.org/obo/PCL_0115339	CS20230722_CLUS_2959	2959 SPA-SPFm-SPFp-POL-PIL-PoT Sp9 Glut_4														
http://purl.obolibrary.org/obo/PCL_0115340	CS20230722_CLUS_2960	2960 SPA-SPFm-SPFp-POL-PIL-PoT Sp9 Glut_4														
http://purl.obolibrary.org/obo/PCL_0115341	CS20230722_CLUS_2961	2961 SPA-SPFm-SPFp-POL-PIL-PoT Sp9 Glut_4														
http://purl.obolibrary.org/obo/PCL_0115342	CS20230722_CLUS_2962	2962 SPA-SPFm-SPFp-POL-PIL-PoT Sp9 Glut_4														
http://purl.obolibrary.org/obo/PCL_0115343	CS20230722_CLUS_2963	2963 SPA-SPFm-SPFp-POL-PIL-PoT Sp9 Glut_4														
http://purl.obolibrary.org/obo/PCL_0115344	CS20230722_CLUS_2964	2964 SPA-SPFm-SPFp-POL-PIL-PoT Sp9 Glut_4														
http://purl.obolibrary.org/obo/PCL_0115345	CS20230722_CLUS_2965	2965 SPA-SPFm-SPFp-POL-PIL-PoT Sp9 Glut_5														
http://purl.obolibrary.org/obo/PCL_0115346	CS20230722_CLUS_2966	2966 SPA-SPFm-SPFp-POL-PIL-PoT Sp9 Glut_5														
http://purl.obolibrary.org/obo/PCL_0115347	CS20230722_CLUS_2967	2967 SPA-SPFm-SPFp-POL-PIL-PoT Sp9 Glut_5														
http://purl.obolibrary.org/obo/PCL_0115348	CS20230722_CLUS_2968	2968 SPA-SPFm-SPFp-POL-PIL-PoT Sp9 Glut_5														
http://purl.obolibrary.org/obo/PCL_0115349	CS20230722_CLUS_2969	2969 SPA-SPFm-SPFp-POL-PIL-PoT Sp9 Glut_5														
http://purl.obolibrary.org/obo/PCL_0115350	CS20230722_CLUS_2970	2970 SPA-SPFm-SPFp-POL-PIL-PoT Sp9 Glut_5														
http://purl.obolibrary.org/obo/PCL_0115351	CS20230722_CLUS_2971	2971 SPA-SPFm-SPFp-POL-PIL-PoT Sp9 Glut_5														
http://purl.obolibrary.org/obo/PCL_0115352	CS20230722_CLUS_2972	2972 SPA-SPFm-SPFp-POL-PIL-PoT Sp9 Glut_5														
http://purl.obolibrary.org/obo/PCL_0115353	CS20230722_CLUS_2973	2973 SPA-SPFm-SPFp-POL-PIL-PoT Sp9 Glut_5														
http://purl.obolibrary.org/obo/PCL_0115354	CS20230722_CLUS_2974	2974 SPA-SPFm-SPFp-POL-PIL-PoT Sp9 Glut_6														
http://purl.obolibrary.org/obo/PCL_0115355	CS20230722_CLUS_2975	2975 SPA-SPFm-SPFp-POL-PIL-PoT Sp9 Glut_6														
http://purl.obolibrary.org/obo/PCL_0115356	CS20230722_CLUS_2976	2976 SPA-SPFm-SPFp-POL-PIL-PoT Sp9 Glut_6														
http://purl.obolibrary.org/obo/PCL_0115357	CS20230722_CLUS_2977	2977 SPA-SPFm-SPFp-POL-PIL-PoT Sp9 Glut_6														
http://purl.obolibrary.org/obo/PCL_0115358	CS20230722_CLUS_2978	2978 SPA-SPFm-SPFp-POL-PIL-PoT Sp9 Glut_6														
http://purl.obolibrary.org/obo/PCL_0115359	CS20230722_CLUS_2979	2979 SPA-SPFm-SPFp-POL-PIL-PoT Sp9 Glut_6														
http://purl.obolibrary.org/obo/PCL_0115360	CS20230722_CLUS_2980	2980 SPA-SPFm-SPFp-POL-PIL-PoT Sp9 Glut_6														
http://purl.obolibrary.org/obo/PCL_0115361	CS20230722_CLUS_2981	2981 SPA-SPFm-SPFp-POL-PIL-PoT Sp9 Glut_6														
http://purl.obolibrary.org/obo/PCL_0115362	CS20230722_CLUS_2982	2982 SPA-SPFm-SPFp-POL-PIL-PoT Sp9 Glut_6														
http://purl.obolibrary.org/obo/PCL_0115363	CS20230722_CLUS_2983	2983 SPA-SPFm-SPFp-POL-PIL-PoT Sp9 Glut_7														
http://purl.obolibrary.org/obo/PCL_0115364	CS20230722_CLUS_2984	2984 SPA-SPFm-SPFp-POL-PIL-PoT Sp9 Glut_7														
http://purl.obolibrary.org/obo/PCL_0115365	CS20230722_CLUS_2985	2985 SPA-SPFm-SPFp-POL-PIL-PoT Sp9 Glut_7														
http://purl.obolibrary.org/obo/PCL_0115366	CS20230722_CLUS_2986	2986 SPA-SPFm-SPFp-POL-PIL-PoT Sp9 Glut_7														
http://purl.obolibrary.org/obo/PCL_0115367	CS20230722_CLUS_2987	2987 SPA-SPFm-SPFp-POL-PIL-PoT Sp9 Glut_7														
http://purl.obolibrary.org/obo/PCL_0115368	CS20230722_CLUS_2988	2988 SPA-SPFm-SPFp-POL-PIL-PoT Sp9 Glut_8														
http://purl.obolibrary.org/obo/PCL_0115369	CS20230722_CLUS_2989	2989 SPA-SPFm-SPFp-POL-PIL-PoT Sp9 Glut_8														
http://purl.obolibrary.org/obo/PCL_0115370	CS20230722_CLUS_2990	2990 SPA-SPFm-SPFp-POL-PIL-PoT Sp9 Glut_8														
http://purl.obolibrary.org/obo/PCL_0115371	CS20230722_CLUS_2991	2991 SPA-SPFm-SPFp-POL-PIL-PoT Sp9 Glut_8														
http://purl.obolibrary.org/obo/PCL_0115372	CS20230722_CLUS_2992	2992 SPA-SPFm-SPFp-POL-PIL-PoT Sp9 Glut_8														
http://purl.obolibrary.org/obo/PCL_0115373	CS20230722_CLUS_2993	2993 SPA-SPFm-SPFp-POL-PIL-PoT Sp9 Glut_8														
http://purl.obolibrary.org/obo/PCL_0115374	CS20230722_CLUS_2994	2994 SPA-SPFm-SPFp-POL-PIL-PoT Sp9 Glut_8														
http://purl.obolibrary.org/obo/PCL_0115375	CS20230722_CLUS_2995	2995 SPA-SPFm-SPFp-POL-PIL-PoT Sp9 Glut_9														
http://purl.obolibrary.org/obo/PCL_0115376	CS20230722_CLUS_2996	2996 SPA-SPFm-SPFp-POL-PIL-PoT Sp9 Glut_9														
http://purl.obolibrary.org/obo/PCL_0115377	CS20230722_CLUS_2997	2997 SPA-SPFm-SPFp-POL-PIL-PoT Sp9 Glut_9														
http://purl.obolibrary.org/obo/PCL_0115378	CS20230722_CLUS_2998	2998 SPA-SPFm-SPFp-POL-PIL-PoT Sp9 Glut_9														
http://purl.obolibrary.org/obo/PCL_0115379	CS20230722_CLUS_2999	2999 SPA-SPFm-SPFp-POL-PIL-PoT Sp9 Glut_9														
http://purl.obolibrary.org/obo/PCL_0115380	CS20230722_CLUS_3000	3000 SPA-SPFm-SPFp-POL-PIL-PoT Sp9 Glut_10														
http://purl.obolibrary.org/obo/PCL_0115381	CS20230722_CLUS_3001	3001 SPA-SPFm-SPFp-POL-PIL-PoT Sp9 Glut_10														
http://purl.obolibrary.org/obo/PCL_0115382	CS20230722_CLUS_3002	3002 SPA-SPFm-SPFp-POL-PIL-PoT Sp9 Glut_11														
http://purl.obolibrary.org/obo/PCL_0115383	CS20230722_CLUS_3003	3003 SPA-SPFm-SPFp-POL-PIL-PoT Sp9 Glut_11														
http://purl.obolibrary.org/obo/PCL_0115384	CS20230722_CLUS_3004	3004 SPA-SPFm-SPFp-POL-PIL-PoT Sp9 Glut_12														
http://purl.obolibrary.org/obo/PCL_0115385	CS20230722_CLUS_3005	3005 SPA-SPFm-SPFp-POL-PIL-PoT Sp9 Glut_12														
http://purl.obolibrary.org/obo/PCL_0115386	CS20230722_CLUS_3006	3006 SPA-SPFm-SPFp-POL-PIL-PoT Sp9 Glut_12														
http://purl.obolibrary.org/obo/PCL_0115387	CS20230722_CLUS_3007	3007 PAG-SC Pou4f1 Zic1 Glut_1														
http://purl.obolibrary.org/obo/PCL_0115388	CS20230722_CLUS_3008	3008 PAG-SC Pou4f1 Zic1 Glut_1														
http://purl.obolibrary.org/obo/PCL_0115389	CS20230722_CLUS_3009	3009 PAG-SC Pou4f1 Zic1 Glut_1														
http://purl.obolibrary.org/obo/PCL_0115390	CS20230722_CLUS_3010	3010 PAG-SC Pou4f1 Zic1 Glut_1														
http://purl.obolibrary.org/obo/PCL_0115391	CS20230722_CLUS_3011	3011 PAG-SC Pou4f1 Zic1 Glut_1														
http://purl.obolibrary.org/obo/PCL_0115392	CS20230722_CLUS_3012	3012 PAG-SC Pou4f1 Zic1 Glut_1														
http://purl.obolibrary.org/obo/PCL_0115393	CS20230722_CLUS_3013	3013 PAG-SC Pou4f1 Zic1 Glut_1														
http://purl.obolibrary.org/obo/PCL_0115394	CS20230722_CLUS_3014	3014 PAG-SC Pou4f1 Zic1 Glut_1														
http://purl.obolibrary.org/obo/PCL_0115395	CS20230722_CLUS_3015	3015 PAG-SC Pou4f1 Zic1 Glut_1														
http://purl.obolibrary.org/obo/PCL_0115396	CS20230722_CLUS_3016	3016 PAG-SC Pou4f1 Zic1 Glut_1														
http://purl.obolibrary.org/obo/PCL_0115397	CS20230722_CLUS_3017	3017 PAG-SC Pou4f1 Zic1 Glut_1														
http://purl.obolibrary.org/obo/PCL_0115398	CS20230722_CLUS_3018	3018 PAG-SC Pou4f1 Zic1 Glut_1														
http://purl.obolibrary.org/obo/PCL_0115399	CS20230722_CLUS_3019	3019 PAG-SC Pou4f1 Zic1 Glut_1														
http://purl.obolibrary.org/obo/PCL_0115400	CS20230722_CLUS_3020	3020 PAG-SC Pou4f1 Zic1 Glut_1														
http://purl.obolibrary.org/obo/PCL_0115401	CS20230722_CLUS_3021	3021 PAG-SC Pou4f1 Zic1 Glut_2														
http://purl.obolibrary.org/obo/PCL_0115402	CS20230722_CLUS_3022	3022 PAG-SC Pou4f1 Zic1 Glut_2														
http://purl.obolibrary.org/obo/PCL_0115403	CS20230722_CLUS_3023	3023 PAG-SC Pou4f1 Zic1 Glut_2														
http://purl.obolibrary.org/obo/PCL_0115404	CS20230722_CLUS_3024	3024 PAG-SC Pou4f1 Zic1 Glut_2														
http://purl.obolibrary.org/obo/PCL_0115405	CS20230722_CLUS_3025	3025 PAG-SC Pou4f1 Zic1 Glut_2														
http://purl.obolibrary.org/obo/PCL_0115406	CS20230722_CLUS_3026	3026 PAG-SC Pou4f1 Zic1 Glut_2														
http://purl.obolibrary.org/obo/PCL_0115407	CS20230722_CLUS_3027	3027 PAG-SC Pou4f1 Zic1 Glut_2														
http://purl.obolibrary.org/obo/PCL_0115408	CS20230722_CLUS_3028	3028 PAG-SC Pou4f1 Zic1 Glut_2														
http://purl.obolibrary.org/obo/PCL_0115409	CS20230722_CLUS_3029	3029 PAG-SC Pou4f1 Zic1 Glut_2														
http://purl.obolibrary.org/obo/PCL_0115410	CS20230722_CLUS_3030	3030 PAG-SC Pou4f1 Zic1 Glut_2														
http://purl.obolibrary.org/obo/PCL_0115411	CS20230722_CLUS_3031	3031 PAG-SC Pou4f1 Zic1 Glut_2														
http://purl.obolibrary.org/obo/PCL_0115412	CS20230722_CLUS_3032	3032 PAG-SC Pou4f1 Zic1 Glut_2														
http://purl.obolibrary.org/obo/PCL_0115413	CS20230722_CLUS_3033	3033 PAG-SC Pou4f1 Zic1 Glut_2														
http://purl.obolibrary.org/obo/PCL_0115414	CS20230722_CLUS_3034	3034 PAG-SC Pou4f1 Zic1 Glut_2														
http://purl.obolibrary.org/obo/PCL_0115415	CS20230722_CLUS_3035	3035 PAG-SC Pou4f1 Zic1 Glut_3														
http://purl.obolibrary.org/obo/PCL_0115416	CS20230722_CLUS_3036	3036 PAG-SC Pou4f1 Zic1 Glut_3														
http://purl.obolibrary.org/obo/PCL_0115417	CS20230722_CLUS_3037	3037 PAG-SC Pou4f1 Zic1 Glut_3														
http://purl.obolibrary.org/obo/PCL_0115418	CS20230722_CLUS_3038	3038 PAG-SC Pou4f1 Zic1 Glut_3														
http://purl.obolibrary.org/obo/PCL_0115419	CS20230722_CLUS_3039	3039 PAG-SC Pou4f1 Zic1 Glut_3														
http://purl.obolibrary.org/obo/PCL_0115420	CS20230722_CLUS_3040	3040 PAG-MRN Tfap2b Glut_1														
http://purl.obolibrary.org/obo/PCL_0115421	CS20230722_CLUS_3041	3041 PAG-MRN Tfap2b Glut_1														
http://purl.obolibrary.org/obo/PCL_0115422	CS20230722_CLUS_3042	3042 PAG-MRN Tfap2b Glut_1														
http://purl.obolibrary.org/obo/PCL_0115423	CS20230722_CLUS_3043	3043 PAG-MRN Tfap2b Glut_1														
http://purl.obolibrary.org/obo/PCL_0115424	CS20230722_CLUS_3044	3044 PAG-MRN Tfap2b Glut_1														
http://purl.obolibrary.org/obo/PCL_0115425	CS20230722_CLUS_3045	3045 PAG-MRN Tfap2b Glut_1														
http://purl.obolibrary.org/obo/PCL_0115426	CS20230722_CLUS_3046	3046 PAG-MRN Tfap2b Glut_1														
http://purl.obolibrary.org/obo/PCL_0115427	CS20230722_CLUS_3047	3047 PAG-MRN Tfap2b Glut_1														
http://purl.obolibrary.org/obo/PCL_0115428	CS20230722_CLUS_3048	3048 PAG-MRN Tfap2b Glut_1														
http://purl.obolibrary.org/obo/PCL_0115429	CS20230722_CLUS_3049	3049 PAG-MRN Tfap2b Glut_1														
http://purl.obolibrary.org/obo/PCL_0115430	CS20230722_CLUS_3050	3050 PAG-MRN Tfap2b Glut_1														
http://purl.obolibrary.org/obo/PCL_0115431	CS20230722_CLUS_3051	3051 PAG-MRN Tfap2b Glut_1														
http://purl.obolibrary.org/obo/PCL_0115432	CS20230722_CLUS_3052	3052 PAG-MRN Tfap2b Glut_1														
http://purl.obolibrary.org/obo/PCL_0115433	CS20230722_CLUS_3053	3053 PAG-MRN Tfap2b Glut_1														
http://purl.obolibrary.org/obo/PCL_0115434	CS20230722_CLUS_3054	3054 PAG-MRN Tfap2b Glut_1														
http://purl.obolibrary.org/obo/PCL_0115435	CS20230722_CLUS_3055	3055 PAG-MRN Tfap2b Glut_1														
http://purl.obolibrary.org/obo/PCL_0115436	CS20230722_CLUS_3056	3056 PAG-MRN Tfap2b Glut_1														
http://purl.obolibrary.org/obo/PCL_0115437	CS20230722_CLUS_3057	3057 PAG-MRN Tfap2b Glut_1														
http://purl.obolibrary.org/obo/PCL_0115438	CS20230722_CLUS_3058	3058 PAG-MRN Tfap2b Glut_1														
http://purl.obolibrary.org/obo/PCL_0115439	CS20230722_CLUS_3059	3059 PAG-MRN Tfap2b Glut_1														
http://purl.obolibrary.org/obo/PCL_0115440	CS20230722_CLUS_3060	3060 PAG-MRN Tfap2b Glut_1														
http://purl.obolibrary.org/obo/PCL_0115441	CS20230722_CLUS_3061	3061 PAG-MRN Tfap2b Glut_1														
http://purl.obolibrary.org/obo/PCL_0115442	CS20230722_CLUS_3062	3062 PAG-MRN Tfap2b Glut_1														
http://purl.obolibrary.org/obo/PCL_0115443	CS20230722_CLUS_3063	3063 PAG-MRN Tfap2b Glut_1														
http://purl.obolibrary.org/obo/PCL_0115444	CS20230722_CLUS_3064	3064 PAG-MRN Tfap2b Glut_1														
http://purl.obolibrary.org/obo/PCL_0115445	CS20230722_CLUS_3065	3065 PAG-MRN Tfap2b Glut_1														
http://purl.obolibrary.org/obo/PCL_0115446	CS20230722_CLUS_3066	3066 PAG-MRN Tfap2b Glut_1														
http://purl.obolibrary.org/obo/PCL_0115447	CS20230722_CLUS_3067	3067 PAG-MRN Tfap2b Glut_1														
http://purl.obolibrary.org/obo/PCL_0115448	CS20230722_CLUS_3068	3068 PAG-MRN Tfap2b Glut_1														
http://purl.obolibrary.org/obo/PCL_0115449	CS20230722_CLUS_3069	3069 PAG-MRN Tfap2b Glut_1														
http://purl.obolibrary.org/obo/PCL_0115450	CS20230722_CLUS_3070	3070 PAG-MRN Tfap2b Glut_1														
http://purl.obolibrary.org/obo/PCL_0115451	CS20230722_CLUS_3071	3071 PAG-MRN Tfap2b Glut_1														
http://purl.obolibrary.org/obo/PCL_0115452	CS20230722_CLUS_3072	3072 PAG-MRN Tfap2b Glut_2														
http://purl.obolibrary.org/obo/PCL_0115453	CS20230722_CLUS_3073	3073 PAG-MRN Tfap2b Glut_2														
http://purl.obolibrary.org/obo/PCL_0115454	CS20230722_CLUS_3074	3074 PAG-MRN Tfap2b Glut_2														
http://purl.obolibrary.org/obo/PCL_0115455	CS20230722_CLUS_3075	3075 PAG-MRN Tfap2b Glut_2														
http://purl.obolibrary.org/obo/PCL_0115456	CS20230722_CLUS_3076	3076 PAG-MRN Tfap2b Glut_2														
http://purl.obolibrary.org/obo/PCL_0115457	CS20230722_CLUS_3077	3077 PAG Pou4f1 Bnc2 Glut_1														
http://purl.obolibrary.org/obo/PCL_0115458	CS20230722_CLUS_3078	3078 PAG Pou4f1 Bnc2 Glut_1														
http://purl.obolibrary.org/obo/PCL_0115459	CS20230722_CLUS_3079	3079 PAG Pou4f1 Bnc2 Glut_1														
http://purl.obolibrary.org/obo/PCL_0115460	CS20230722_CLUS_3080	3080 PAG Pou4f1 Bnc2 Glut_1														
http://purl.obolibrary.org/obo/PCL_0115461	CS20230722_CLUS_3081	3081 PAG Pou4f1 Bnc2 Glut_1														
http://purl.obolibrary.org/obo/PCL_0115462	CS20230722_CLUS_3082	3082 PAG Pou4f1 Bnc2 Glut_1														
http://purl.obolibrary.org/obo/PCL_0115463	CS20230722_CLUS_3083	3083 PAG Pou4f1 Bnc2 Glut_1														
http://purl.obolibrary.org/obo/PCL_0115464	CS20230722_CLUS_3084	3084 PAG Pou4f1 Bnc2 Glut_1														
http://purl.obolibrary.org/obo/PCL_0115465	CS20230722_CLUS_3085	3085 PAG Pou4f1 Bnc2 Glut_1														
http://purl.obolibrary.org/obo/PCL_0115466	CS20230722_CLUS_3086	3086 PAG Pou4f1 Bnc2 Glut_1														
http://purl.obolibrary.org/obo/PCL_0115467	CS20230722_CLUS_3087	3087 PAG Pou4f1 Bnc2 Glut_1														
http://purl.obolibrary.org/obo/PCL_0115468	CS20230722_CLUS_3088	3088 PAG Pou4f1 Bnc2 Glut_2														
http://purl.obolibrary.org/obo/PCL_0115469	CS20230722_CLUS_3089	3089 PAG Pou4f1 Bnc2 Glut_2														
http://purl.obolibrary.org/obo/PCL_0115470	CS20230722_CLUS_3090	3090 PAG Pou4f1 Bnc2 Glut_2														
http://purl.obolibrary.org/obo/PCL_0115471	CS20230722_CLUS_3091	3091 PAG Pou4f1 Bnc2 Glut_2														
http://purl.obolibrary.org/obo/PCL_0115472	CS20230722_CLUS_3092	3092 PAG Pou4f1 Bnc2 Glut_2														
http://purl.obolibrary.org/obo/PCL_0115473	CS20230722_CLUS_3093	3093 PAG Pou4f1 Bnc2 Glut_2														
http://purl.obolibrary.org/obo/PCL_0115474	CS20230722_CLUS_3094	3094 PAG Pou4f1 Bnc2 Glut_2														
http://purl.obolibrary.org/obo/PCL_0115475	CS20230722_CLUS_3095	3095 PAG Pou4f1 Bnc2 Glut_2														
http://purl.obolibrary.org/obo/PCL_0115476	CS20230722_CLUS_3096	3096 PAG Pou4f1 Bnc2 Glut_2														
http://purl.obolibrary.org/obo/PCL_0115477	CS20230722_CLUS_3097	3097 PAG Pou4f1 Bnc2 Glut_2														
http://purl.obolibrary.org/obo/PCL_0115478	CS20230722_CLUS_3098	3098 PAG Pou4f1 Bnc2 Glut_2														
http://purl.obolibrary.org/obo/PCL_0115479	CS20230722_CLUS_3099	3099 PAG Pou4f1 Ebf2 Glut_1														
http://purl.obolibrary.org/obo/PCL_0115480	CS20230722_CLUS_3100	3100 PAG Pou4f1 Ebf2 Glut_1														
http://purl.obolibrary.org/obo/PCL_0115481	CS20230722_CLUS_3101	3101 PAG Pou4f1 Ebf2 Glut_1														
http://purl.obolibrary.org/obo/PCL_0115482	CS20230722_CLUS_3102	3102 PAG Pou4f1 Ebf2 Glut_1														
http://purl.obolibrary.org/obo/PCL_0115483	CS20230722_CLUS_3103	3103 PAG Pou4f1 Ebf2 Glut_1														
http://purl.obolibrary.org/obo/PCL_0115484	CS20230722_CLUS_3104	3104 PAG Pou4f1 Ebf2 Glut_1														
http://purl.obolibrary.org/obo/PCL_0115485	CS20230722_CLUS_3105	3105 PAG Pou4f1 Ebf2 Glut_1														
http://purl.obolibrary.org/obo/PCL_0115486	CS20230722_CLUS_3106	3106 PAG Pou4f1 Ebf2 Glut_1														
http://purl.obolibrary.org/obo/PCL_0115487	CS20230722_CLUS_3107	3107 PAG Pou4f1 Ebf2 Glut_1														
http://purl.obolibrary.org/obo/PCL_0115488	CS20230722_CLUS_3108	3108 PAG Pou4f1 Ebf2 Glut_1														
http://purl.obolibrary.org/obo/PCL_0115489	CS20230722_CLUS_3109	3109 PAG Pou4f1 Ebf2 Glut_2														
http://purl.obolibrary.org/obo/PCL_0115490	CS20230722_CLUS_3110	3110 PAG Pou4f1 Ebf2 Glut_2														
http://purl.obolibrary.org/obo/PCL_0115491	CS20230722_CLUS_3111	3111 PAG Pou4f1 Ebf2 Glut_2														
http://purl.obolibrary.org/obo/PCL_0115492	CS20230722_CLUS_3112	3112 PAG Pou4f1 Ebf2 Glut_2														
http://purl.obolibrary.org/obo/PCL_0115493	CS20230722_CLUS_3113	3113 PAG Pou4f1 Ebf2 Glut_2														
http://purl.obolibrary.org/obo/PCL_0115494	CS20230722_CLUS_3114	3114 PAG Pou4f1 Ebf2 Glut_2														
http://purl.obolibrary.org/obo/PCL_0115495	CS20230722_CLUS_3115	3115 PAG Pou4f1 Ebf2 Glut_2														
http://purl.obolibrary.org/obo/PCL_0115496	CS20230722_CLUS_3116	3116 PAG Pou4f1 Ebf2 Glut_2														
http://purl.obolibrary.org/obo/PCL_0115497	CS20230722_CLUS_3117	3117 PAG Pou4f1 Ebf2 Glut_2														
http://purl.obolibrary.org/obo/PCL_0115498	CS20230722_CLUS_3118	3118 PAG Pou4f1 Ebf2 Glut_3														
http://purl.obolibrary.org/obo/PCL_0115499	CS20230722_CLUS_3119	3119 PAG Pou4f1 Ebf2 Glut_3														
http://purl.obolibrary.org/obo/PCL_0115500	CS20230722_CLUS_3120	3120 PAG Pou4f1 Ebf2 Glut_3														
http://purl.obolibrary.org/obo/PCL_0115501	CS20230722_CLUS_3121	3121 PAG Pou4f1 Ebf2 Glut_3														
http://purl.obolibrary.org/obo/PCL_0115502	CS20230722_CLUS_3122	3122 PAG Pou4f1 Ebf2 Glut_3														
http://purl.obolibrary.org/obo/PCL_0115503	CS20230722_CLUS_3123	3123 PAG Pou4f1 Ebf2 Glut_3														
http://purl.obolibrary.org/obo/PCL_0115504	CS20230722_CLUS_3124	3124 PAG Pou4f1 Ebf2 Glut_4														
http://purl.obolibrary.org/obo/PCL_0115505	CS20230722_CLUS_3125	3125 PAG Pou4f1 Ebf2 Glut_4														
http://purl.obolibrary.org/obo/PCL_0115506	CS20230722_CLUS_3126	3126 PAG Pou4f1 Ebf2 Glut_4														
http://purl.obolibrary.org/obo/PCL_0115507	CS20230722_CLUS_3127	3127 PAG Pou4f1 Ebf2 Glut_4														
http://purl.obolibrary.org/obo/PCL_0115508	CS20230722_CLUS_3128	3128 PAG Pou4f1 Ebf2 Glut_4														
http://purl.obolibrary.org/obo/PCL_0115509	CS20230722_CLUS_3129	3129 PAG Pou4f1 Ebf2 Glut_4														
http://purl.obolibrary.org/obo/PCL_0115510	CS20230722_CLUS_3130	3130 PAG Pou4f1 Ebf2 Glut_4														
http://purl.obolibrary.org/obo/PCL_0115511	CS20230722_CLUS_3131	3131 PAG Pou4f1 Ebf2 Glut_4														
http://purl.obolibrary.org/obo/PCL_0115512	CS20230722_CLUS_3132	3132 PAG Pou4f1 Ebf2 Glut_5														
http://purl.obolibrary.org/obo/PCL_0115513	CS20230722_CLUS_3133	3133 PAG Pou4f1 Ebf2 Glut_5														
http://purl.obolibrary.org/obo/PCL_0115514	CS20230722_CLUS_3134	3134 PAG Pou4f1 Ebf2 Glut_6														
http://purl.obolibrary.org/obo/PCL_0115515	CS20230722_CLUS_3135	3135 PAG Pou4f1 Ebf2 Glut_6														
http://purl.obolibrary.org/obo/PCL_0115516	CS20230722_CLUS_3136	3136 PAG Pou4f1 Ebf2 Glut_6														
http://purl.obolibrary.org/obo/PCL_0115517	CS20230722_CLUS_3137	3137 PAG Pou4f1 Ebf2 Glut_6														
http://purl.obolibrary.org/obo/PCL_0115518	CS20230722_CLUS_3138	3138 PAG Pou4f1 Ebf2 Glut_7														
http://purl.obolibrary.org/obo/PCL_0115519	CS20230722_CLUS_3139	3139 PAG Pou4f1 Ebf2 Glut_7														
http://purl.obolibrary.org/obo/PCL_0115520	CS20230722_CLUS_3140	3140 PAG Pou4f1 Ebf2 Glut_7														
http://purl.obolibrary.org/obo/PCL_0115521	CS20230722_CLUS_3141	3141 PAG Pou4f1 Ebf2 Glut_7														
http://purl.obolibrary.org/obo/PCL_0115523	CS20230722_CLUS_3143	3143 PAG Pou4f2 Glut_1														
http://purl.obolibrary.org/obo/PCL_0115524	CS20230722_CLUS_3144	3144 PAG Pou4f2 Glut_1														
http://purl.obolibrary.org/obo/PCL_0115525	CS20230722_CLUS_3145	3145 PAG Pou4f2 Glut_1														
http://purl.obolibrary.org/obo/PCL_0115526	CS20230722_CLUS_3146	3146 PAG Pou4f2 Glut_1														
http://purl.obolibrary.org/obo/PCL_0115527	CS20230722_CLUS_3147	3147 PAG Pou4f2 Glut_1														
http://purl.obolibrary.org/obo/PCL_0115528	CS20230722_CLUS_3148	3148 PAG Pou4f2 Glut_1														
http://purl.obolibrary.org/obo/PCL_0115529	CS20230722_CLUS_3149	3149 PAG Pou4f2 Glut_1														
http://purl.obolibrary.org/obo/PCL_0115530	CS20230722_CLUS_3150	3150 PAG Pou4f2 Glut_1														
http://purl.obolibrary.org/obo/PCL_0115531	CS20230722_CLUS_3151	3151 PAG Pou4f2 Glut_1														
http://purl.obolibrary.org/obo/PCL_0115532	CS20230722_CLUS_3152	3152 PAG Pou4f2 Glut_1														
http://purl.obolibrary.org/obo/PCL_0115533	CS20230722_CLUS_3153	3153 PAG Pou4f2 Glut_1														
http://purl.obolibrary.org/obo/PCL_0115534	CS20230722_CLUS_3154	3154 PAG Pou4f2 Glut_1														
http://purl.obolibrary.org/obo/PCL_0115535	CS20230722_CLUS_3155	3155 PAG Pou4f2 Glut_1														
http://purl.obolibrary.org/obo/PCL_0115536	CS20230722_CLUS_3156	3156 PAG Pou4f2 Glut_2														
http://purl.obolibrary.org/obo/PCL_0115537	CS20230722_CLUS_3157	3157 PAG Pou4f2 Glut_2														
http://purl.obolibrary.org/obo/PCL_0115538	CS20230722_CLUS_3158	3158 PAG Pou4f2 Glut_2														
http://purl.obolibrary.org/obo/PCL_0115539	CS20230722_CLUS_3159	3159 PAG Pou4f2 Glut_2														
http://purl.obolibrary.org/obo/PCL_0115540	CS20230722_CLUS_3160	3160 PAG Pou4f2 Glut_2														
http://purl.obolibrary.org/obo/PCL_0115541	CS20230722_CLUS_3161	3161 PAG Pou4f2 Glut_2														
http://purl.obolibrary.org/obo/PCL_0115542	CS20230722_CLUS_3162	3162 PAG Pou4f2 Glut_3														
http://purl.obolibrary.org/obo/PCL_0115543	CS20230722_CLUS_3163	3163 PAG Pou4f2 Glut_3														
http://purl.obolibrary.org/obo/PCL_0115544	CS20230722_CLUS_3164	3164 PAG Pou4f2 Glut_3														
http://purl.obolibrary.org/obo/PCL_0115545	CS20230722_CLUS_3165	3165 PAG Pou4f2 Glut_3														
http://purl.obolibrary.org/obo/PCL_0115546	CS20230722_CLUS_3166	3166 PAG Pou4f2 Glut_3														
http://purl.obolibrary.org/obo/PCL_0115547	CS20230722_CLUS_3167	3167 PAG Pou4f2 Glut_4														
http://purl.obolibrary.org/obo/PCL_0115548	CS20230722_CLUS_3168	3168 PAG Pou4f2 Glut_4														
http://purl.obolibrary.org/obo/PCL_0115549	CS20230722_CLUS_3169	3169 PAG Pou4f2 Glut_4														
http://purl.obolibrary.org/obo/PCL_0115550	CS20230722_CLUS_3170	3170 PAG Pou4f2 Glut_4														
http://purl.obolibrary.org/obo/PCL_0115551	CS20230722_CLUS_3171	3171 PAG Pou4f2 Glut_4														
http://purl.obolibrary.org/obo/PCL_0115552	CS20230722_CLUS_3172	3172 PAG Pou4f2 Glut_5														
http://purl.obolibrary.org/obo/PCL_0115553	CS20230722_CLUS_3173	3173 PAG Pou4f2 Glut_5														
http://purl.obolibrary.org/obo/PCL_0115554	CS20230722_CLUS_3174	3174 PAG Pou4f2 Glut_5														
http://purl.obolibrary.org/obo/PCL_0115555	CS20230722_CLUS_3175	3175 PAG Pou4f2 Glut_5														
http://purl.obolibrary.org/obo/PCL_0115556	CS20230722_CLUS_3176	3176 PAG Pou4f2 Mesi2 Glut_1														
http://purl.obolibrary.org/obo/PCL_0115557	CS20230722_CLUS_3177	3177 PAG Pou4f2 Mesi2 Glut_1														
http://purl.obolibrary.org/obo/PCL_0115558	CS20230722_CLUS_3178	3178 PAG Pou4f2 Mesi2 Glut_1														
http://purl.obolibrary.org/obo/PCL_0115559	CS20230722_CLUS_3179	3179 PAG Pou4f2 Mesi2 Glut_1														
http://purl.obolibrary.org/obo/PCL_0115560	CS20230722_CLUS_3180	3180 PAG Pou4f2 Mesi2 Glut_1														
http://purl.obolibrary.org/obo/PCL_0115561	CS20230722_CLUS_3181	3181 PAG Pou4f2 Mesi2 Glut_2														
http://purl.obolibrary.org/obo/PCL_0115562	CS20230722_CLUS_3182	3182 PAG Pou4f2 Mesi2 Glut_2														
http://purl.obolibrary.org/obo/PCL_0115563	CS20230722_CLUS_3183	3183 PAG Pou4f2 Mesi2 Glut_2														
http://purl.obolibrary.org/obo/PCL_0115564	CS20230722_CLUS_3184	3184 PAG Pou4f2 Mesi2 Glut_2														
http://purl.obolibrary.org/obo/PCL_0115565	CS20230722_CLUS_3185	3185 PAG Pou4f2 Mesi2 Glut_2														
http://purl.obolibrary.org/obo/PCL_0115566	CS20230722_CLUS_3186	3186 PAG Pou4f2 Mesi2 Glut_2														
http://purl.obolibrary.org/obo/PCL_0115567	CS20230722_CLUS_3187	3187 PAG Pou4f2 Mesi2 Glut_2														
http://purl.obolibrary.org/obo/PCL_0115568	CS20230722_CLUS_3188	3188 PAG Pou4f2 Mesi2 Glut_3														
http://purl.obolibrary.org/obo/PCL_0115569	CS20230722_CLUS_3189	3189 PAG Pou4f2 Mesi2 Glut_3														
http://purl.obolibrary.org/obo/PCL_0115570	CS20230722_CLUS_3190	3190 PAG Pou4f2 Mesi2 Glut_3														
http://purl.obolibrary.org/obo/PCL_0115571	CS20230722_CLUS_3191	3191 PAG Pou4f2 Mesi2 Glut_3														
http://purl.obolibrary.org/obo/PCL_0115572	CS20230722_CLUS_3192	3192 PAG Pou4f2 Mesi2 Glut_3														
http://purl.obolibrary.org/obo/PCL_0115573	CS20230722_CLUS_3193	3193 PAG Pou4f2 Mesi2 Glut_4														
http://purl.obolibrary.org/obo/PCL_0115574	CS20230722_CLUS_3194	3194 PAG Pou4f2 Mesi2 Glut_4														
http://purl.obolibrary.org/obo/PCL_0115575	CS20230722_CLUS_3195	3195 PAG Pou4f2 Mesi2 Glut_4														
http://purl.obolibrary.org/obo/PCL_0115576	CS20230722_CLUS_3196	3196 PAG Pou4f2 Mesi2 Glut_5														
http://purl.obolibrary.org/obo/PCL_0115577	CS20230722_CLUS_3197	3197 PAG Pou4f2 Mesi2 Glut_5														
http://purl.obolibrary.org/obo/PCL_0115578	CS20230722_CLUS_3198	3198 PAG Pou4f2 Mesi2 Glut_5														
http://purl.obolibrary.org/obo/PCL_0115579	CS20230722_CLUS_3199	3199 PAG Pou4f2 Mesi2 Glut_5														
http://purl.obolibrary.org/obo/PCL_0115580	CS20230722_CLUS_3200	3200 PAG Pou4f2 Mesi2 Glut_6														
http://purl.obolibrary.org/obo/PCL_0115581	CS20230722_CLUS_3201	3201 PAG Pou4f2 Mesi2 Glut_6														
http://purl.obolibrary.org/obo/PCL_0115582	CS20230722_CLUS_3202	3202 PAG Pou4f2 Mesi2 Glut_6														
http://purl.obolibrary.org/obo/PCL_0115584	CS20230722_CLUS_3204	3204 SC Bnc2 Glut_2														
http://purl.obolibrary.org/obo/PCL_0115585	CS20230722_CLUS_3205	3205 SC Bnc2 Glut_2														
http://purl.obolibrary.org/obo/PCL_0115586	CS20230722_CLUS_3206	3206 SC Bnc2 Glut_3														
http://purl.obolibrary.org/obo/PCL_0115587	CS20230722_CLUS_3207	3207 SC Bnc2 Glut_3														
http://purl.obolibrary.org/obo/PCL_0115588	CS20230722_CLUS_3208	3208 SC Bnc2 Glut_3														
http://purl.obolibrary.org/obo/PCL_0115589	CS20230722_CLUS_3209	3209 SC Bnc2 Glut_4														
http://purl.obolibrary.org/obo/PCL_0115590	CS20230722_CLUS_3210	3210 SC Bnc2 Glut_4														
http://purl.obolibrary.org/obo/PCL_0115591	CS20230722_CLUS_3211	3211 SCig Foxb1 Glut_1														
http://purl.obolibrary.org/obo/PCL_0115592	CS20230722_CLUS_3212	3212 SCig Foxb1 Glut_1														
http://purl.obolibrary.org/obo/PCL_0115593	CS20230722_CLUS_3213	3213 SCig Foxb1 Glut_1														
http://purl.obolibrary.org/obo/PCL_0115594	CS20230722_CLUS_3214	3214 SCig Foxb1 Glut_1														
http://purl.obolibrary.org/obo/PCL_0115595	CS20230722_CLUS_3215	3215 SCig Foxb1 Glut_1														
http://purl.obolibrary.org/obo/PCL_0115596	CS20230722_CLUS_3216	3216 SCig Foxb1 Glut_1														
http://purl.obolibrary.org/obo/PCL_0115597	CS20230722_CLUS_3217	3217 SCig Foxb1 Glut_1														
http://purl.obolibrary.org/obo/PCL_0115598	CS20230722_CLUS_3218	3218 SCig Foxb1 Glut_1														
http://purl.obolibrary.org/obo/PCL_0115599	CS20230722_CLUS_3219	3219 SCig Foxb1 Glut_1														
http://purl.obolibrary.org/obo/PCL_0115600	CS20230722_CLUS_3220	3220 SCig Foxb1 Glut_1														
http://purl.obolibrary.org/obo/PCL_0115601	CS20230722_CLUS_3221	3221 SCig Foxb1 Glut_2														
http://purl.obolibrary.org/obo/PCL_0115602	CS20230722_CLUS_3222	3222 SCig Foxb1 Glut_2														
http://purl.obolibrary.org/obo/PCL_0115603	CS20230722_CLUS_3223	3223 SCig Foxb1 Glut_2														
http://purl.obolibrary.org/obo/PCL_0115604	CS20230722_CLUS_3224	3224 SCig Foxb1 Glut_2														
http://purl.obolibrary.org/obo/PCL_0115605	CS20230722_CLUS_3225	3225 SCig Foxb1 Glut_2														
http://purl.obolibrary.org/obo/PCL_0115606	CS20230722_CLUS_3226	3226 SCig Foxb1 Glut_2														
http://purl.obolibrary.org/obo/PCL_0115607	CS20230722_CLUS_3227	3227 SCig Foxb1 Glut_3														
http://purl.obolibrary.org/obo/PCL_0115608	CS20230722_CLUS_3228	3228 SCig Foxb1 Glut_3														
http://purl.obolibrary.org/obo/PCL_0115609	CS20230722_CLUS_3229	3229 SCig Foxb1 Glut_3														
http://purl.obolibrary.org/obo/PCL_0115610	CS20230722_CLUS_3230	3230 SCig Foxb1 Glut_3														
http://purl.obolibrary.org/obo/PCL_0115611	CS20230722_CLUS_3231	3231 SCig Foxb1 Glut_3														
http://purl.obolibrary.org/obo/PCL_0115612	CS20230722_CLUS_3232	3232 SCig Foxb1 Glut_3														
http://purl.obolibrary.org/obo/PCL_0115613	CS20230722_CLUS_3233	3233 SCig Foxb1 Glut_3														
http://purl.obolibrary.org/obo/PCL_0115614	CS20230722_CLUS_3234	3234 SCig Foxb1 Glut_4														
http://purl.obolibrary.org/obo/PCL_0115615	CS20230722_CLUS_3235	3235 SCig Foxb1 Glut_4														
http://purl.obolibrary.org/obo/PCL_0115616	CS20230722_CLUS_3236	3236 SCig Foxb1 Glut_4														
http://purl.obolibrary.org/obo/PCL_0115617	CS20230722_CLUS_3237	3237 SCig Foxb1 Glut_4														
http://purl.obolibrary.org/obo/PCL_0115618	CS20230722_CLUS_3238	3238 SCig Foxb1 Glut_4														
http://purl.obolibrary.org/obo/PCL_0115619	CS20230722_CLUS_3239	3239 SCig Foxb1 Glut_4														
http://purl.obolibrary.org/obo/PCL_0115620	CS20230722_CLUS_3240	3240 SCig Foxb1 Glut_4														
http://purl.obolibrary.org/obo/PCL_0115621	CS20230722_CLUS_3241	3241 SCig-an-PPT Foxb1 Glut_1														
http://purl.obolibrary.org/obo/PCL_0115622	CS20230722_CLUS_3242	3242 SCig-an-PPT Foxb1 Glut_1														
http://purl.obolibrary.org/obo/PCL_0115623	CS20230722_CLUS_3243	3243 SCig-an-PPT Foxb1 Glut_1														
http://purl.obolibrary.org/obo/PCL_0115624	CS20230722_CLUS_3244	3244 SCig-an-PPT Foxb1 Glut_1														
http://purl.obolibrary.org/obo/PCL_0115625	CS20230722_CLUS_3245	3245 SCig-an-PPT Foxb1 Glut_1														
http://purl.obolibrary.org/obo/PCL_0115626	CS20230722_CLUS_3246	3246 SCig-an-PPT Foxb1 Glut_1														
http://purl.obolibrary.org/obo/PCL_0115627	CS20230722_CLUS_3247	3247 SCig-an-PPT Foxb1 Glut_1														
http://purl.obolibrary.org/obo/PCL_0115628	CS20230722_CLUS_3248	3248 SCig-an-PPT Foxb1 Glut_1														
http://purl.obolibrary.org/obo/PCL_0115629	CS20230722_CLUS_3249	3249 SCig-an-PPT Foxb1 Glut_1														
http://purl.obolibrary.org/obo/PCL_0115630	CS20230722_CLUS_3250	3250 SCig-an-PPT Foxb1 Glut_1														
http://purl.obolibrary.org/obo/PCL_0115631	CS20230722_CLUS_3251	3251 SCig-an-PPT Foxb1 Glut_1														
http://purl.obolibrary.org/obo/PCL_0115632	CS20230722_CLUS_3252	3252 SCig Foxb1 Otx2 Glut_1														
http://purl.obolibrary.org/obo/PCL_0115633	CS20230722_CLUS_3253	3253 SCig Foxb1 Otx2 Glut_1														
http://purl.obolibrary.org/obo/PCL_0115634	CS20230722_CLUS_3254	3254 SCig Foxb1 Otx2 Glut_1														
http://purl.obolibrary.org/obo/PCL_0115635	CS20230722_CLUS_3255	3255 SCig Foxb1 Otx2 Glut_1														
http://purl.obolibrary.org/obo/PCL_0115636	CS20230722_CLUS_3256	3256 SCdg-PAG Tfap2b Glut_1														
http://purl.obolibrary.org/obo/PCL_0115637	CS20230722_CLUS_3257	3257 SCdg-PAG Tfap2b Glut_1														
http://purl.obolibrary.org/obo/PCL_0115638	CS20230722_CLUS_3258	3258 SCdg-PAG Tfap2b Glut_1														
http://purl.obolibrary.org/obo/PCL_0115639	CS20230722_CLUS_3259	3259 SCdg-PAG Tfap2b Glut_1														
http://purl.obolibrary.org/obo/PCL_0115640	CS20230722_CLUS_3260	3260 SCdg-PAG Tfap2b Glut_1														
http://purl.obolibrary.org/obo/PCL_0115641	CS20230722_CLUS_3261	3261 SCdg-PAG Tfap2b Glut_1														
http://purl.obolibrary.org/obo/PCL_0115642	CS20230722_CLUS_3262	3262 SCdg-PAG Tfap2b Glut_1														
http://purl.obolibrary.org/obo/PCL_0115643	CS20230722_CLUS_3263	3263 SCiw Pitx2 Glut_1														
http://purl.obolibrary.org/obo/PCL_0115644	CS20230722_CLUS_3264	3264 SCiw Pitx2 Glut_1														
http://purl.obolibrary.org/obo/PCL_0115645	CS20230722_CLUS_3265	3265 SCiw Pitx2 Glut_1														
http://purl.obolibrary.org/obo/PCL_0115646	CS20230722_CLUS_3266	3266 SCiw Pitx2 Glut_1														
http://purl.obolibrary.org/obo/PCL_0115647	CS20230722_CLUS_3267	3267 SCiw Pitx2 Glut_1														
http://purl.obolibrary.org/obo/PCL_0115648	CS20230722_CLUS_3268	3268 SCiw Pitx2 Glut_1														
http://purl.obolibrary.org/obo/PCL_0115649	CS20230722_CLUS_3269	3269 SCiw Pitx2 Glut_1														
http://purl.obolibrary.org/obo/PCL_0115650	CS20230722_CLUS_3270	3270 SCiw Pitx2 Glut_1														
http://purl.obolibrary.org/obo/PCL_0115651	CS20230722_CLUS_3271	3271 SCiw Pitx2 Glut_1														
http://purl.obolibrary.org/obo/PCL_0115652	CS20230722_CLUS_3272	3272 SCiw Pitx2 Glut_1														
http://purl.obolibrary.org/obo/PCL_0115653	CS20230722_CLUS_3273	3273 SCiw Pitx2 Glut_2														
http://purl.obolibrary.org/obo/PCL_0115654	CS20230722_CLUS_3274	3274 SCiw Pitx2 Glut_2														
http://purl.obolibrary.org/obo/PCL_0115655	CS20230722_CLUS_3275	3275 SCiw Pitx2 Glut_2														
http://purl.obolibrary.org/obo/PCL_0115656	CS20230722_CLUS_3276	3276 SCiw Pitx2 Glut_2														
http://purl.obolibrary.org/obo/PCL_0115657	CS20230722_CLUS_3277	3277 SCiw Pitx2 Glut_2														
http://purl.obolibrary.org/obo/PCL_0115658	CS20230722_CLUS_3278	3278 SCiw Pitx2 Glut_2														
http://purl.obolibrary.org/obo/PCL_0115659	CS20230722_CLUS_3279	3279 SCiw Pitx2 Glut_3														
http://purl.obolibrary.org/obo/PCL_0115660	CS20230722_CLUS_3280	3280 SCiw Pitx2 Glut_3														
http://purl.obolibrary.org/obo/PCL_0115661	CS20230722_CLUS_3281	3281 SCiw Pitx2 Glut_3														
http://purl.obolibrary.org/obo/PCL_0115662	CS20230722_CLUS_3282	3282 IC Tfap2d Maf Glut_1														
http://purl.obolibrary.org/obo/PCL_0115663	CS20230722_CLUS_3283	3283 IC Tfap2d Maf Glut_1														
http://purl.obolibrary.org/obo/PCL_0115664	CS20230722_CLUS_3284	3284 IC Tfap2d Maf Glut_1														
http://purl.obolibrary.org/obo/PCL_0115665	CS20230722_CLUS_3285	3285 IC Tfap2d Maf Glut_1														
http://purl.obolibrary.org/obo/PCL_0115666	CS20230722_CLUS_3286	3286 IC Tfap2d Maf Glut_1														
http://purl.obolibrary.org/obo/PCL_0115667	CS20230722_CLUS_3287	3287 IC Tfap2d Maf Glut_1														
http://purl.obolibrary.org/obo/PCL_0115668	CS20230722_CLUS_3288	3288 IC Tfap2d Maf Glut_1														
http://purl.obolibrary.org/obo/PCL_0115669	CS20230722_CLUS_3289	3289 IC Tfap2d Maf Glut_1														
http://purl.obolibrary.org/obo/PCL_0115670	CS20230722_CLUS_3290	3290 IC Tfap2d Maf Glut_1														
http://purl.obolibrary.org/obo/PCL_0115671	CS20230722_CLUS_3291	3291 IC Tfap2d Maf Glut_2														
http://purl.obolibrary.org/obo/PCL_0115672	CS20230722_CLUS_3292	3292 IC Tfap2d Maf Glut_2														
http://purl.obolibrary.org/obo/PCL_0115673	CS20230722_CLUS_3293	3293 IC Tfap2d Maf Glut_2														
http://purl.obolibrary.org/obo/PCL_0115674	CS20230722_CLUS_3294	3294 IC Tfap2d Maf Glut_2														
http://purl.obolibrary.org/obo/PCL_0115675	CS20230722_CLUS_3295	3295 IC Tfap2d Maf Glut_2														
http://purl.obolibrary.org/obo/PCL_0115676	CS20230722_CLUS_3296	3296 IC Tfap2d Maf Glut_2														
http://purl.obolibrary.org/obo/PCL_0115677	CS20230722_CLUS_3297	3297 IC Tfap2d Maf Glut_2														
http://purl.obolibrary.org/obo/PCL_0115678	CS20230722_CLUS_3298	3298 IC Tfap2d Maf Glut_2														
http://purl.obolibrary.org/obo/PCL_0115679	CS20230722_CLUS_3299	3299 IC Tfap2d Maf Glut_2														
http://purl.obolibrary.org/obo/PCL_0115680	CS20230722_CLUS_3300	3300 IC Tfap2d Maf Glut_2														
http://purl.obolibrary.org/obo/PCL_0115681	CS20230722_CLUS_3301	3301 IC Tfap2d Maf Glut_2														
http://purl.obolibrary.org/obo/PCL_0115682	CS20230722_CLUS_3302	3302 IC Tfap2d Maf Glut_2														
http://purl.obolibrary.org/obo/PCL_0115683	CS20230722_CLUS_3303	3303 IC Tfap2d Maf Glut_3														
http://purl.obolibrary.org/obo/PCL_0115684	CS20230722_CLUS_3304	3304 IC Tfap2d Maf Glut_3														
http://purl.obolibrary.org/obo/PCL_0115685	CS20230722_CLUS_3305	3305 IC Tfap2d Maf Glut_3														
http://purl.obolibrary.org/obo/PCL_0115686	CS20230722_CLUS_3306	3306 IC Tfap2d Maf Glut_3														
http://purl.obolibrary.org/obo/PCL_0115687	CS20230722_CLUS_3307	3307 IC Tfap2d Maf Glut_3														
http://purl.obolibrary.org/obo/PCL_0115688	CS20230722_CLUS_3308	3308 IC Tfap2d Maf Glut_3														
http://purl.obolibrary.org/obo/PCL_0115689	CS20230722_CLUS_3309	3309 IC Tfap2d Maf Glut_4														
http://purl.obolibrary.org/obo/PCL_0115690	CS20230722_CLUS_3310	3310 IC Tfap2d Maf Glut_4														
http://purl.obolibrary.org/obo/PCL_0115691	CS20230722_CLUS_3311	3311 IC Tfap2d Maf Glut_4														
http://purl.obolibrary.org/obo/PCL_0115692	CS20230722_CLUS_3312	3312 IC Tfap2d Maf Glut_4														
http://purl.obolibrary.org/obo/PCL_0115693	CS20230722_CLUS_3313	3313 IC Tfap2d Maf Glut_4														
http://purl.obolibrary.org/obo/PCL_0115694	CS20230722_CLUS_3314	3314 IC Tfap2d Maf Glut_4														
http://purl.obolibrary.org/obo/PCL_0115696	CS20230722_CLUS_3316	3316 IC Tfap2d Maf Glut_6														
http://purl.obolibrary.org/obo/PCL_0115697	CS20230722_CLUS_3317	3317 IC Tfap2d Maf Glut_6														
http://purl.obolibrary.org/obo/PCL_0115698	CS20230722_CLUS_3318	3318 IC Tfap2d Maf Glut_6														
http://purl.obolibrary.org/obo/PCL_0115699	CS20230722_CLUS_3319	3319 IC Tfap2d Maf Glut_6														
http://purl.obolibrary.org/obo/PCL_0115700	CS20230722_CLUS_3320	3320 CUN-PPN Evx2 Meis2 Glut_1														
http://purl.obolibrary.org/obo/PCL_0115701	CS20230722_CLUS_3321	3321 CUN-PPN Evx2 Meis2 Glut_1														
http://purl.obolibrary.org/obo/PCL_0115702	CS20230722_CLUS_3322	3322 CUN-PPN Evx2 Meis2 Glut_1														
http://purl.obolibrary.org/obo/PCL_0115703	CS20230722_CLUS_3323	3323 CUN-PPN Evx2 Meis2 Glut_1														
http://purl.obolibrary.org/obo/PCL_0115704	CS20230722_CLUS_3324	3324 CUN-PPN Evx2 Meis2 Glut_1														
http://purl.obolibrary.org/obo/PCL_0115705	CS20230722_CLUS_3325	3325 CUN-PPN Evx2 Meis2 Glut_1														
http://purl.obolibrary.org/obo/PCL_0115706	CS20230722_CLUS_3326	3326 CUN-PPN Evx2 Meis2 Glut_1														
http://purl.obolibrary.org/obo/PCL_0115707	CS20230722_CLUS_3327	3327 CUN-PPN Evx2 Meis2 Glut_1														
http://purl.obolibrary.org/obo/PCL_0115708	CS20230722_CLUS_3328	3328 CUN-PPN Evx2 Meis2 Glut_1														
http://purl.obolibrary.org/obo/PCL_0115709	CS20230722_CLUS_3329	3329 CUN-PPN Evx2 Meis2 Glut_1														
http://purl.obolibrary.org/obo/PCL_0115710	CS20230722_CLUS_3330	3330 CUN-PPN Evx2 Meis2 Glut_1														
http://purl.obolibrary.org/obo/PCL_0115711	CS20230722_CLUS_3331	3331 CUN-PPN Evx2 Meis2 Glut_1														
http://purl.obolibrary.org/obo/PCL_0115712	CS20230722_CLUS_3332	3332 CUN-PPN Evx2 Meis2 Glut_1														
http://purl.obolibrary.org/obo/PCL_0115713	CS20230722_CLUS_3333	3333 CUN-PPN Evx2 Meis2 Glut_1														
http://purl.obolibrary.org/obo/PCL_0115714	CS20230722_CLUS_3334	3334 CUN-PPN Evx2 Meis2 Glut_1														
http://purl.obolibrary.org/obo/PCL_0115715	CS20230722_CLUS_3335	3335 CUN-PPN Evx2 Meis2 Glut_1														
http://purl.obolibrary.org/obo/PCL_0115716	CS20230722_CLUS_3336	3336 CUN-PPN Evx2 Meis2 Glut_2														
http://purl.obolibrary.org/obo/PCL_0115717	CS20230722_CLUS_3337	3337 CUN-PPN Evx2 Meis2 Glut_2														
http://purl.obolibrary.org/obo/PCL_0115718	CS20230722_CLUS_3338	3338 CUN-PPN Evx2 Meis2 Glut_3														
http://purl.obolibrary.org/obo/PCL_0115719	CS20230722_CLUS_3339	3339 CUN-PPN Evx2 Meis2 Glut_3														
http://purl.obolibrary.org/obo/PCL_0115720	CS20230722_CLUS_3340	3340 CUN-PPN Evx2 Meis2 Glut_3														
http://purl.obolibrary.org/obo/PCL_0115721	CS20230722_CLUS_3341	3341 CUN-PPN Evx2 Meis2 Glut_3														
http://purl.obolibrary.org/obo/PCL_0115722	CS20230722_CLUS_3342	3342 CUN-PPN Evx2 Meis2 Glut_4														
http://purl.obolibrary.org/obo/PCL_0115723	CS20230722_CLUS_3343	3343 CUN-PPN Evx2 Meis2 Glut_4														
http://purl.obolibrary.org/obo/PCL_0115724	CS20230722_CLUS_3344	3344 CUN-PPN Evx2 Meis2 Glut_4														
http://purl.obolibrary.org/obo/PCL_0115725	CS20230722_CLUS_3345	3345 CUN-PPN Evx2 Meis2 Glut_4														
http://purl.obolibrary.org/obo/PCL_0115726	CS20230722_CLUS_3346	3346 CUN-PPN Evx2 Meis2 Glut_4														
http://purl.obolibrary.org/obo/PCL_0115727	CS20230722_CLUS_3347	3347 CUN-PPN Evx2 Meis2 Glut_4														
http://purl.obolibrary.org/obo/PCL_0115728	CS20230722_CLUS_3348	3348 CUN-PPN Evx2 Meis2 Glut_4														
http://purl.obolibrary.org/obo/PCL_0115729	CS20230722_CLUS_3349	3349 CUN-PPN Evx2 Meis2 Glut_5														
http://purl.obolibrary.org/obo/PCL_0115730	CS20230722_CLUS_3350	3350 CUN-PPN Evx2 Meis2 Glut_5														
http://purl.obolibrary.org/obo/PCL_0115731	CS20230722_CLUS_3351	3351 CUN-PPN Evx2 Meis2 Glut_5														
http://purl.obolibrary.org/obo/PCL_0115734	CS20230722_CLUS_3354	3354 SCig Tfap2b Chrnb3 Glut_1														
http://purl.obolibrary.org/obo/PCL_0115735	CS20230722_CLUS_3355	3355 SCig Tfap2b Chrnb3 Glut_1														
http://purl.obolibrary.org/obo/PCL_0115736	CS20230722_CLUS_3356	3356 SCig Tfap2b Chrnb3 Glut_1														
http://purl.obolibrary.org/obo/PCL_0115737	CS20230722_CLUS_3357	3357 SCig Tfap2b Chrnb3 Glut_1														
http://purl.obolibrary.org/obo/PCL_0115738	CS20230722_CLUS_3358	3358 SCop Pou4f2 Neurod2 Glut_1														
http://purl.obolibrary.org/obo/PCL_0115739	CS20230722_CLUS_3359	3359 SCop Pou4f2 Neurod2 Glut_1														
http://purl.obolibrary.org/obo/PCL_0115740	CS20230722_CLUS_3360	3360 SCop Pou4f2 Neurod2 Glut_1														
http://purl.obolibrary.org/obo/PCL_0115741	CS20230722_CLUS_3361	3361 SCsg Pde5a Glut_1														
http://purl.obolibrary.org/obo/PCL_0115742	CS20230722_CLUS_3362	3362 SCsg Pde5a Glut_1														
http://purl.obolibrary.org/obo/PCL_0115743	CS20230722_CLUS_3363	3363 SCsg Pde5a Glut_2														
http://purl.obolibrary.org/obo/PCL_0115744	CS20230722_CLUS_3364	3364 SCsg Pde5a Glut_2														
http://purl.obolibrary.org/obo/PCL_0115745	CS20230722_CLUS_3365	3365 SCsg Pde5a Glut_2														
http://purl.obolibrary.org/obo/PCL_0115746	CS20230722_CLUS_3366	3366 SCsg Pde5a Glut_3														
http://purl.obolibrary.org/obo/PCL_0115747	CS20230722_CLUS_3367	3367 SCsg Pde5a Glut_3														
http://purl.obolibrary.org/obo/PCL_0115748	CS20230722_CLUS_3368	3368 SCsg Pde5a Glut_3														
http://purl.obolibrary.org/obo/PCL_0115749	CS20230722_CLUS_3369	3369 SCsg Pde5a Glut_3														
http://purl.obolibrary.org/obo/PCL_0115750	CS20230722_CLUS_3370	3370 SCsg Pde5a Glut_3														
http://purl.obolibrary.org/obo/PCL_0115751	CS20230722_CLUS_3371	3371 SCop Sln Glut_1														
http://purl.obolibrary.org/obo/PCL_0115752	CS20230722_CLUS_3372	3372 SCop Sln Glut_1														
http://purl.obolibrary.org/obo/PCL_0115753	CS20230722_CLUS_3373	3373 SCop Sln Glut_1														
http://purl.obolibrary.org/obo/PCL_0115754	CS20230722_CLUS_3374	3374 SCop Sln Glut_1														
http://purl.obolibrary.org/obo/PCL_0115755	CS20230722_CLUS_3375	3375 SCop Sln Glut_1														
http://purl.obolibrary.org/obo/PCL_0115756	CS20230722_CLUS_3376	3376 SCop Sln Glut_1														
http://purl.obolibrary.org/obo/PCL_0115757	CS20230722_CLUS_3377	3377 SCop Sln Glut_1														
http://purl.obolibrary.org/obo/PCL_0115758	CS20230722_CLUS_3378	3378 SCop Sln Glut_1														
http://purl.obolibrary.org/obo/PCL_0115759	CS20230722_CLUS_3379	3379 SCop Sln Glut_1														
http://purl.obolibrary.org/obo/PCL_0115760	CS20230722_CLUS_3380	3380 SCop Sln Glut_1														
http://purl.obolibrary.org/obo/PCL_0115761	CS20230722_CLUS_3381	3381 SCop Sln Glut_1														
http://purl.obolibrary.org/obo/PCL_0115763	CS20230722_CLUS_3383	3383 ND-INC Foxd2 Glut_1														
http://purl.obolibrary.org/obo/PCL_0115764	CS20230722_CLUS_3384	3384 ND-INC Foxd2 Glut_1														
http://purl.obolibrary.org/obo/PCL_0115765	CS20230722_CLUS_3385	3385 ND-INC Foxd2 Glut_1														
http://purl.obolibrary.org/obo/PCL_0115766	CS20230722_CLUS_3386	3386 PAG-MRN Rln3 Gaba_1														
http://purl.obolibrary.org/obo/PCL_0115767	CS20230722_CLUS_3387	3387 PAG-MRN Rln3 Gaba_1														
http://purl.obolibrary.org/obo/PCL_0115768	CS20230722_CLUS_3388	3388 PAG-MRN Rln3 Gaba_1														
http://purl.obolibrary.org/obo/PCL_0115769	CS20230722_CLUS_3389	3389 PPN-CUN-PCG Otp En1 Gaba_1														
http://purl.obolibrary.org/obo/PCL_0115770	CS20230722_CLUS_3390	3390 PPN-CUN-PCG Otp En1 Gaba_1														
http://purl.obolibrary.org/obo/PCL_0115771	CS20230722_CLUS_3391	3391 PPN-CUN-PCG Otp En1 Gaba_1														
http://purl.obolibrary.org/obo/PCL_0115772	CS20230722_CLUS_3392	3392 PPN-CUN-PCG Otp En1 Gaba_1														
http://purl.obolibrary.org/obo/PCL_0115773	CS20230722_CLUS_3393	3393 PPN-CUN-PCG Otp En1 Gaba_2														
http://purl.obolibrary.org/obo/PCL_0115774	CS20230722_CLUS_3394	3394 PPN-CUN-PCG Otp En1 Gaba_2														
http://purl.obolibrary.org/obo/PCL_0115775	CS20230722_CLUS_3395	3395 PPN-CUN-PCG Otp En1 Gaba_2														
http://purl.obolibrary.org/obo/PCL_0115776	CS20230722_CLUS_3396	3396 PPN-CUN-PCG Otp En1 Gaba_2														
http://purl.obolibrary.org/obo/PCL_0115777	CS20230722_CLUS_3397	3397 PPN-CUN-PCG Otp En1 Gaba_2														
http://purl.obolibrary.org/obo/PCL_0115778	CS20230722_CLUS_3398	3398 PPN-CUN-PCG Otp En1 Gaba_2														
http://purl.obolibrary.org/obo/PCL_0115779	CS20230722_CLUS_3399	3399 PPN-CUN-PCG Otp En1 Gaba_2														
http://purl.obolibrary.org/obo/PCL_0115780	CS20230722_CLUS_3400	3400 PPN-CUN-PCG Otp En1 Gaba_2														
http://purl.obolibrary.org/obo/PCL_0115781	CS20230722_CLUS_3401	3401 PPN-CUN-PCG Otp En1 Gaba_3														
http://purl.obolibrary.org/obo/PCL_0115782	CS20230722_CLUS_3402	3402 PPN-CUN-PCG Otp En1 Gaba_3														
http://purl.obolibrary.org/obo/PCL_0115783	CS20230722_CLUS_3403	3403 PPN-CUN-PCG Otp En1 Gaba_3														
http://purl.obolibrary.org/obo/PCL_0115784	CS20230722_CLUS_3404	3404 PPN-CUN-PCG Otp En1 Gaba_3														
http://purl.obolibrary.org/obo/PCL_0115785	CS20230722_CLUS_3405	3405 PPN-CUN-PCG Otp En1 Gaba_3														
http://purl.obolibrary.org/obo/PCL_0115786	CS20230722_CLUS_3406	3406 PPN-CUN-PCG Otp En1 Gaba_3														
http://purl.obolibrary.org/obo/PCL_0115787	CS20230722_CLUS_3407	3407 PPN-CUN-PCG Otp En1 Gaba_3														
http://purl.obolibrary.org/obo/PCL_0115788	CS20230722_CLUS_3408	3408 MRN-PPN-CUN Pax8 Gaba_1														
http://purl.obolibrary.org/obo/PCL_0115789	CS20230722_CLUS_3409	3409 MRN-PPN-CUN Pax8 Gaba_1														
http://purl.obolibrary.org/obo/PCL_0115790	CS20230722_CLUS_3410	3410 MRN-PPN-CUN Pax8 Gaba_1														
http://purl.obolibrary.org/obo/PCL_0115791	CS20230722_CLUS_3411	3411 MRN-PPN-CUN Pax8 Gaba_1														
http://purl.obolibrary.org/obo/PCL_0115792	CS20230722_CLUS_3412	3412 MRN-PPN-CUN Pax8 Gaba_1														
http://purl.obolibrary.org/obo/PCL_0115793	CS20230722_CLUS_3413	3413 MRN-PPN-CUN Pax8 Gaba_2														
http://purl.obolibrary.org/obo/PCL_0115794	CS20230722_CLUS_3414	3414 MRN-PPN-CUN Pax8 Gaba_2														
http://purl.obolibrary.org/obo/PCL_0115795	CS20230722_CLUS_3415	3415 MRN-PPN-CUN Pax8 Gaba_2														
http://purl.obolibrary.org/obo/PCL_0115796	CS20230722_CLUS_3416	3416 MRN-PPN-CUN Pax8 Gaba_2														
http://purl.obolibrary.org/obo/PCL_0115797	CS20230722_CLUS_3417	3417 MRN-PPN-CUN Pax8 Gaba_2														
http://purl.obolibrary.org/obo/PCL_0115799	CS20230722_CLUS_3419	3419 MRN-VTN-PPN Pax5 Cdh23 Gaba_1														
http://purl.obolibrary.org/obo/PCL_0115800	CS20230722_CLUS_3420	3420 MRN-VTN-PPN Pax5 Cdh23 Gaba_1														
http://purl.obolibrary.org/obo/PCL_0115801	CS20230722_CLUS_3421	3421 MRN-VTN-PPN Pax5 Cdh23 Gaba_1														
http://purl.obolibrary.org/obo/PCL_0115802	CS20230722_CLUS_3422	3422 MRN-VTN-PPN Pax5 Cdh23 Gaba_1														
http://purl.obolibrary.org/obo/PCL_0115803	CS20230722_CLUS_3423	3423 MRN-VTN-PPN Pax5 Cdh23 Gaba_1														
http://purl.obolibrary.org/obo/PCL_0115804	CS20230722_CLUS_3424	3424 MRN-VTN-PPN Pax5 Cdh23 Gaba_1														
http://purl.obolibrary.org/obo/PCL_0115805	CS20230722_CLUS_3425	3425 MRN-VTN-PPN Pax5 Cdh23 Gaba_2														
http://purl.obolibrary.org/obo/PCL_0115806	CS20230722_CLUS_3426	3426 MRN-VTN-PPN Pax5 Cdh23 Gaba_2														
http://purl.obolibrary.org/obo/PCL_0115807	CS20230722_CLUS_3427	3427 MRN-VTN-PPN Pax5 Cdh23 Gaba_2														
http://purl.obolibrary.org/obo/PCL_0115808	CS20230722_CLUS_3428	3428 MRN-VTN-PPN Pax5 Cdh23 Gaba_2														
http://purl.obolibrary.org/obo/PCL_0115809	CS20230722_CLUS_3429	3429 MRN-VTN-PPN Pax5 Cdh23 Gaba_2														
http://purl.obolibrary.org/obo/PCL_0115810	CS20230722_CLUS_3430	3430 MRN-VTN-PPN Pax5 Cdh23 Gaba_2														
http://purl.obolibrary.org/obo/PCL_0115811	CS20230722_CLUS_3431	3431 MRN-VTN-PPN Pax5 Cdh23 Gaba_2														
http://purl.obolibrary.org/obo/PCL_0115812	CS20230722_CLUS_3432	3432 MRN-VTN-PPN Pax5 Cdh23 Gaba_2														
http://purl.obolibrary.org/obo/PCL_0115813	CS20230722_CLUS_3433	3433 SNr-VTA Pax5 Npas1 Gaba_1														
http://purl.obolibrary.org/obo/PCL_0115814	CS20230722_CLUS_3434	3434 SNr-VTA Pax5 Npas1 Gaba_1														
http://purl.obolibrary.org/obo/PCL_0115815	CS20230722_CLUS_3435	3435 SNr-VTA Pax5 Npas1 Gaba_1														
http://purl.obolibrary.org/obo/PCL_0115816	CS20230722_CLUS_3436	3436 SNr-VTA Pax5 Npas1 Gaba_1														
http://purl.obolibrary.org/obo/PCL_0115817	CS20230722_CLUS_3437	3437 SNr-VTA Pax5 Npas1 Gaba_1														
http://purl.obolibrary.org/obo/PCL_0115818	CS20230722_CLUS_3438	3438 SNr-VTA Pax5 Npas1 Gaba_1														
http://purl.obolibrary.org/obo/PCL_0115819	CS20230722_CLUS_3439	3439 SNr-VTA Pax5 Npas1 Gaba_1														
http://purl.obolibrary.org/obo/PCL_0115820	CS20230722_CLUS_3440	3440 SNr-VTA Pax5 Npas1 Gaba_1														
http://purl.obolibrary.org/obo/PCL_0115822	CS20230722_CLUS_3442	3442 PAG-PPN Pax5 Sox21 Gaba_1														
http://purl.obolibrary.org/obo/PCL_0115823	CS20230722_CLUS_3443	3443 PAG-PPN Pax5 Sox21 Gaba_1														
http://purl.obolibrary.org/obo/PCL_0115824	CS20230722_CLUS_3444	3444 PAG-PPN Pax5 Sox21 Gaba_1														
http://purl.obolibrary.org/obo/PCL_0115825	CS20230722_CLUS_3445	3445 PAG-PPN Pax5 Sox21 Gaba_1														
http://purl.obolibrary.org/obo/PCL_0115826	CS20230722_CLUS_3446	3446 PAG-PPN Pax5 Sox21 Gaba_1														
http://purl.obolibrary.org/obo/PCL_0115827	CS20230722_CLUS_3447	3447 PAG-PPN Pax5 Sox21 Gaba_2														
http://purl.obolibrary.org/obo/PCL_0115828	CS20230722_CLUS_3448	3448 PAG-PPN Pax5 Sox21 Gaba_2														
http://purl.obolibrary.org/obo/PCL_0115829	CS20230722_CLUS_3449	3449 PAG-PPN Pax5 Sox21 Gaba_2														
http://purl.obolibrary.org/obo/PCL_0115830	CS20230722_CLUS_3450	3450 PAG-PPN Pax5 Sox21 Gaba_2														
http://purl.obolibrary.org/obo/PCL_0115831	CS20230722_CLUS_3451	3451 PAG-PPN Pax5 Sox21 Gaba_2														
http://purl.obolibrary.org/obo/PCL_0115832	CS20230722_CLUS_3452	3452 PAG-PPN Pax5 Sox21 Gaba_3														
http://purl.obolibrary.org/obo/PCL_0115833	CS20230722_CLUS_3453	3453 PAG-PPN Pax5 Sox21 Gaba_3														
http://purl.obolibrary.org/obo/PCL_0115834	CS20230722_CLUS_3454	3454 PAG-PPN Pax5 Sox21 Gaba_3														
http://purl.obolibrary.org/obo/PCL_0115835	CS20230722_CLUS_3455	3455 PAG-PPN Pax5 Sox21 Gaba_3														
http://purl.obolibrary.org/obo/PCL_0115836	CS20230722_CLUS_3456	3456 PAG-PPN Pax5 Sox21 Gaba_3														
http://purl.obolibrary.org/obo/PCL_0115837	CS20230722_CLUS_3457	3457 PAG-PPN Pax5 Sox21 Gaba_4														
http://purl.obolibrary.org/obo/PCL_0115838	CS20230722_CLUS_3458	3458 PAG-PPN Pax5 Sox21 Gaba_4														
http://purl.obolibrary.org/obo/PCL_0115839	CS20230722_CLUS_3459	3459 PAG-PPN Pax5 Sox21 Gaba_4														
http://purl.obolibrary.org/obo/PCL_0115840	CS20230722_CLUS_3460	3460 PAG-PPN Pax5 Sox21 Gaba_4														
http://purl.obolibrary.org/obo/PCL_0115841	CS20230722_CLUS_3461	3461 SNr Six3 Gaba_1														
http://purl.obolibrary.org/obo/PCL_0115842	CS20230722_CLUS_3462	3462 SNr Six3 Gaba_1														
http://purl.obolibrary.org/obo/PCL_0115843	CS20230722_CLUS_3463	3463 SNr Six3 Gaba_1														
http://purl.obolibrary.org/obo/PCL_0115844	CS20230722_CLUS_3464	3464 SNr Six3 Gaba_1														
http://purl.obolibrary.org/obo/PCL_0115845	CS20230722_CLUS_3465	3465 IC Six3 En2 Gaba_1														
http://purl.obolibrary.org/obo/PCL_0115846	CS20230722_CLUS_3466	3466 IC Six3 En2 Gaba_1														
http://purl.obolibrary.org/obo/PCL_0115847	CS20230722_CLUS_3467	3467 IC Six3 En2 Gaba_1														
http://purl.obolibrary.org/obo/PCL_0115848	CS20230722_CLUS_3468	3468 IC Six3 En2 Gaba_1														
http://purl.obolibrary.org/obo/PCL_0115849	CS20230722_CLUS_3469	3469 IC Six3 En2 Gaba_1														
http://purl.obolibrary.org/obo/PCL_0115850	CS20230722_CLUS_3470	3470 IC Six3 En2 Gaba_1														
http://purl.obolibrary.org/obo/PCL_0115851	CS20230722_CLUS_3471	3471 IC Six3 En2 Gaba_1														
http://purl.obolibrary.org/obo/PCL_0115852	CS20230722_CLUS_3472	3472 IC Six3 En2 Gaba_1														
http://purl.obolibrary.org/obo/PCL_0115853	CS20230722_CLUS_3473	3473 IC Six3 En2 Gaba_1														
http://purl.obolibrary.org/obo/PCL_0115854	CS20230722_CLUS_3474	3474 IC Six3 En2 Gaba_1														
http://purl.obolibrary.org/obo/PCL_0115855	CS20230722_CLUS_3475	3475 IC Six3 En2 Gaba_1														
http://purl.obolibrary.org/obo/PCL_0115856	CS20230722_CLUS_3476	3476 IC Six3 En2 Gaba_1														
http://purl.obolibrary.org/obo/PCL_0115857	CS20230722_CLUS_3477	3477 IC Six3 En2 Gaba_2														
http://purl.obolibrary.org/obo/PCL_0115858	CS20230722_CLUS_3478	3478 IC Six3 En2 Gaba_2														
http://purl.obolibrary.org/obo/PCL_0115859	CS20230722_CLUS_3479	3479 IC Six3 En2 Gaba_2														
http://purl.obolibrary.org/obo/PCL_0115860	CS20230722_CLUS_3480	3480 IC Six3 En2 Gaba_3														
http://purl.obolibrary.org/obo/PCL_0115861	CS20230722_CLUS_3481	3481 IC Six3 En2 Gaba_3														
http://purl.obolibrary.org/obo/PCL_0115862	CS20230722_CLUS_3482	3482 IC Six3 En2 Gaba_3														
http://purl.obolibrary.org/obo/PCL_0115863	CS20230722_CLUS_3483	3483 IC Six3 En2 Gaba_3														
http://purl.obolibrary.org/obo/PCL_0115864	CS20230722_CLUS_3484	3484 IC Six3 En2 Gaba_3														
http://purl.obolibrary.org/obo/PCL_0115865	CS20230722_CLUS_3485	3485 IC Six3 En2 Gaba_3														
http://purl.obolibrary.org/obo/PCL_0115866	CS20230722_CLUS_3486	3486 IC Six3 En2 Gaba_3														
http://purl.obolibrary.org/obo/PCL_0115867	CS20230722_CLUS_3487	3487 IC Six3 En2 Gaba_3														
http://purl.obolibrary.org/obo/PCL_0115868	CS20230722_CLUS_3488	3488 IC Six3 En2 Gaba_4														
http://purl.obolibrary.org/obo/PCL_0115869	CS20230722_CLUS_3489	3489 IC Six3 En2 Gaba_4														
http://purl.obolibrary.org/obo/PCL_0115870	CS20230722_CLUS_3490	3490 IC Six3 En2 Gaba_4														
http://purl.obolibrary.org/obo/PCL_0115871	CS20230722_CLUS_3491	3491 IC Six3 En2 Gaba_4														
http://purl.obolibrary.org/obo/PCL_0115872	CS20230722_CLUS_3492	3492 IC Six3 En2 Gaba_4														
http://purl.obolibrary.org/obo/PCL_0115873	CS20230722_CLUS_3493	3493 IC Six3 En2 Gaba_4														
http://purl.obolibrary.org/obo/PCL_0115874	CS20230722_CLUS_3494	3494 IC Six3 En2 Gaba_4														
http://purl.obolibrary.org/obo/PCL_0115875	CS20230722_CLUS_3495	3495 IC Six3 En2 Gaba_5														
http://purl.obolibrary.org/obo/PCL_0115876	CS20230722_CLUS_3496	3496 IC Six3 En2 Gaba_5														
http://purl.obolibrary.org/obo/PCL_0115877	CS20230722_CLUS_3497	3497 IC Six3 En2 Gaba_5														
http://purl.obolibrary.org/obo/PCL_0115878	CS20230722_CLUS_3498	3498 IC Six3 En2 Gaba_5														
http://purl.obolibrary.org/obo/PCL_0115879	CS20230722_CLUS_3499	3499 IC Six3 En2 Gaba_5														
http://purl.obolibrary.org/obo/PCL_0115880	CS20230722_CLUS_3500	3500 IC Six3 En2 Gaba_5														
http://purl.obolibrary.org/obo/PCL_0115881	CS20230722_CLUS_3501	3501 IC Six3 En2 Gaba_6														
http://purl.obolibrary.org/obo/PCL_0115882	CS20230722_CLUS_3502	3502 IC Six3 En2 Gaba_6														
http://purl.obolibrary.org/obo/PCL_0115883	CS20230722_CLUS_3503	3503 IC Six3 En2 Gaba_6														
http://purl.obolibrary.org/obo/PCL_0115884	CS20230722_CLUS_3504	3504 IC Six3 En2 Gaba_6														
http://purl.obolibrary.org/obo/PCL_0115885	CS20230722_CLUS_3505	3505 IC Six3 En2 Gaba_6														
http://purl.obolibrary.org/obo/PCL_0115886	CS20230722_CLUS_3506	3506 IC Six3 En2 Gaba_7														
http://purl.obolibrary.org/obo/PCL_0115887	CS20230722_CLUS_3507	3507 IC Six3 En2 Gaba_7														
http://purl.obolibrary.org/obo/PCL_0115888	CS20230722_CLUS_3508	3508 IC Six3 En2 Gaba_7														
http://purl.obolibrary.org/obo/PCL_0115889	CS20230722_CLUS_3509	3509 PAG-MRN-RN Foxa2 Gaba_1														
http://purl.obolibrary.org/obo/PCL_0115890	CS20230722_CLUS_3510	3510 PAG-MRN-RN Foxa2 Gaba_1														
http://purl.obolibrary.org/obo/PCL_0115891	CS20230722_CLUS_3511	3511 PAG-MRN-RN Foxa2 Gaba_1														
http://purl.obolibrary.org/obo/PCL_0115892	CS20230722_CLUS_3512	3512 PAG-MRN-RN Foxa2 Gaba_1														
http://purl.obolibrary.org/obo/PCL_0115893	CS20230722_CLUS_3513	3513 PAG-MRN-RN Foxa2 Gaba_1														
http://purl.obolibrary.org/obo/PCL_0115894	CS20230722_CLUS_3514	3514 PAG-MRN-RN Foxa2 Gaba_1														
http://purl.obolibrary.org/obo/PCL_0115895	CS20230722_CLUS_3515	3515 PAG-MRN-RN Foxa2 Gaba_2														
http://purl.obolibrary.org/obo/PCL_0115896	CS20230722_CLUS_3516	3516 PAG-MRN-RN Foxa2 Gaba_2														
http://purl.obolibrary.org/obo/PCL_0115897	CS20230722_CLUS_3517	3517 PAG-MRN-RN Foxa2 Gaba_2														
http://purl.obolibrary.org/obo/PCL_0115898	CS20230722_CLUS_3518	3518 PAG-MRN-RN Foxa2 Gaba_2														
http://purl.obolibrary.org/obo/PCL_0115899	CS20230722_CLUS_3519	3519 PAG-MRN-RN Foxa2 Gaba_2														
http://purl.obolibrary.org/obo/PCL_0115900	CS20230722_CLUS_3520	3520 PAG-MRN-RN Foxa2 Gaba_2														
http://purl.obolibrary.org/obo/PCL_0115901	CS20230722_CLUS_3521	3521 PAG-MRN-RN Foxa2 Gaba_3														
http://purl.obolibrary.org/obo/PCL_0115902	CS20230722_CLUS_3522	3522 PAG-MRN-RN Foxa2 Gaba_3														
http://purl.obolibrary.org/obo/PCL_0115903	CS20230722_CLUS_3523	3523 PAG-MRN-RN Foxa2 Gaba_3														
http://purl.obolibrary.org/obo/PCL_0115904	CS20230722_CLUS_3524	3524 PAG-MRN-RN Foxa2 Gaba_3														
http://purl.obolibrary.org/obo/PCL_0115905	CS20230722_CLUS_3525	3525 PAG-MRN-RN Foxa2 Gaba_4														
http://purl.obolibrary.org/obo/PCL_0115906	CS20230722_CLUS_3526	3526 PAG-MRN-RN Foxa2 Gaba_4														
http://purl.obolibrary.org/obo/PCL_0115907	CS20230722_CLUS_3527	3527 PAG-MRN-RN Foxa2 Gaba_4														
http://purl.obolibrary.org/obo/PCL_0115908	CS20230722_CLUS_3528	3528 PAG-MRN-RN Foxa2 Gaba_4														
http://purl.obolibrary.org/obo/PCL_0115909	CS20230722_CLUS_3529	3529 PAG-MRN-RN Foxa2 Gaba_4														
http://purl.obolibrary.org/obo/PCL_0115910	CS20230722_CLUS_3530	3530 PAG-MRN-RN Foxa2 Gaba_4														
http://purl.obolibrary.org/obo/PCL_0115911	CS20230722_CLUS_3531	3531 PAG-MRN-RN Foxa2 Gaba_4														
http://purl.obolibrary.org/obo/PCL_0115912	CS20230722_CLUS_3532	3532 PAG-ND-PCG Onecut1 Gaba_1														
http://purl.obolibrary.org/obo/PCL_0115913	CS20230722_CLUS_3533	3533 PAG-ND-PCG Onecut1 Gaba_1														
http://purl.obolibrary.org/obo/PCL_0115914	CS20230722_CLUS_3534	3534 PAG-ND-PCG Onecut1 Gaba_1														
http://purl.obolibrary.org/obo/PCL_0115915	CS20230722_CLUS_3535	3535 PAG-ND-PCG Onecut1 Gaba_1														
http://purl.obolibrary.org/obo/PCL_0115916	CS20230722_CLUS_3536	3536 PAG-ND-PCG Onecut1 Gaba_1														
http://purl.obolibrary.org/obo/PCL_0115917	CS20230722_CLUS_3537	3537 PAG-ND-PCG Onecut1 Gaba_1														
http://purl.obolibrary.org/obo/PCL_0115918	CS20230722_CLUS_3538	3538 PAG-ND-PCG Onecut1 Gaba_1														
http://purl.obolibrary.org/obo/PCL_0115919	CS20230722_CLUS_3539	3539 PAG-ND-PCG Onecut1 Gaba_1														
http://purl.obolibrary.org/obo/PCL_0115920	CS20230722_CLUS_3540	3540 PAG-ND-PCG Onecut1 Gaba_1														
http://purl.obolibrary.org/obo/PCL_0115921	CS20230722_CLUS_3541	3541 PAG-ND-PCG Onecut1 Gaba_1														
http://purl.obolibrary.org/obo/PCL_0115922	CS20230722_CLUS_3542	3542 PAG-ND-PCG Onecut1 Gaba_1														
http://purl.obolibrary.org/obo/PCL_0115923	CS20230722_CLUS_3543	3543 PAG-ND-PCG Onecut1 Gaba_2														
http://purl.obolibrary.org/obo/PCL_0115924	CS20230722_CLUS_3544	3544 PAG-ND-PCG Onecut1 Gaba_2														
http://purl.obolibrary.org/obo/PCL_0115925	CS20230722_CLUS_3545	3545 PAG-ND-PCG Onecut1 Gaba_2														
http://purl.obolibrary.org/obo/PCL_0115926	CS20230722_CLUS_3546	3546 PAG-ND-PCG Onecut1 Gaba_2														
http://purl.obolibrary.org/obo/PCL_0115927	CS20230722_CLUS_3547	3547 PAG-ND-PCG Onecut1 Gaba_2														
http://purl.obolibrary.org/obo/PCL_0115928	CS20230722_CLUS_3548	3548 PAG-ND-PCG Onecut1 Gaba_2														
http://purl.obolibrary.org/obo/PCL_0115929	CS20230722_CLUS_3549	3549 PAG-ND-PCG Onecut1 Gaba_2														
http://purl.obolibrary.org/obo/PCL_0115930	CS20230722_CLUS_3550	3550 PAG-ND-PCG Onecut1 Gaba_3														
http://purl.obolibrary.org/obo/PCL_0115931	CS20230722_CLUS_3551	3551 PAG-ND-PCG Onecut1 Gaba_3														
http://purl.obolibrary.org/obo/PCL_0115932	CS20230722_CLUS_3552	3552 PAG-ND-PCG Onecut1 Gaba_3														
http://purl.obolibrary.org/obo/PCL_0115934	CS20230722_CLUS_3554	3554 PAG-ND-PCG Onecut1 Gaba_5														
http://purl.obolibrary.org/obo/PCL_0115935	CS20230722_CLUS_3555	3555 PAG-ND-PCG Onecut1 Gaba_5														
http://purl.obolibrary.org/obo/PCL_0115936	CS20230722_CLUS_3556	3556 PAG-ND-PCG Onecut1 Gaba_5														
http://purl.obolibrary.org/obo/PCL_0115937	CS20230722_CLUS_3557	3557 PAG-ND-PCG Onecut1 Gaba_5														
http://purl.obolibrary.org/obo/PCL_0115938	CS20230722_CLUS_3558	3558 PAG-RN Nkx2-2 Otx1 Gaba_1														
http://purl.obolibrary.org/obo/PCL_0115939	CS20230722_CLUS_3559	3559 PAG-RN Nkx2-2 Otx1 Gaba_1														
http://purl.obolibrary.org/obo/PCL_0115940	CS20230722_CLUS_3560	3560 PAG-RN Nkx2-2 Otx1 Gaba_1														
http://purl.obolibrary.org/obo/PCL_0115941	CS20230722_CLUS_3561	3561 PAG-RN Nkx2-2 Otx1 Gaba_1														
http://purl.obolibrary.org/obo/PCL_0115942	CS20230722_CLUS_3562	3562 PAG-RN Nkx2-2 Otx1 Gaba_1														
http://purl.obolibrary.org/obo/PCL_0115943	CS20230722_CLUS_3563	3563 PAG-RN Nkx2-2 Otx1 Gaba_1														
http://purl.obolibrary.org/obo/PCL_0115944	CS20230722_CLUS_3564	3564 PAG-RN Nkx2-2 Otx1 Gaba_1														
http://purl.obolibrary.org/obo/PCL_0115945	CS20230722_CLUS_3565	3565 PAG-RN Nkx2-2 Otx1 Gaba_2														
http://purl.obolibrary.org/obo/PCL_0115946	CS20230722_CLUS_3566	3566 PAG-RN Nkx2-2 Otx1 Gaba_2														
http://purl.obolibrary.org/obo/PCL_0115947	CS20230722_CLUS_3567	3567 PAG-RN Nkx2-2 Otx1 Gaba_2														
http://purl.obolibrary.org/obo/PCL_0115948	CS20230722_CLUS_3568	3568 PAG-RN Nkx2-2 Otx1 Gaba_2														
http://purl.obolibrary.org/obo/PCL_0115949	CS20230722_CLUS_3569	3569 PAG-RN Nkx2-2 Otx1 Gaba_2														
http://purl.obolibrary.org/obo/PCL_0115950	CS20230722_CLUS_3570	3570 PAG-RN Nkx2-2 Otx1 Gaba_2														
http://purl.obolibrary.org/obo/PCL_0115951	CS20230722_CLUS_3571	3571 PAG-RN Nkx2-2 Otx1 Gaba_2														
http://purl.obolibrary.org/obo/PCL_0115952	CS20230722_CLUS_3572	3572 PAG-RN Nkx2-2 Otx1 Gaba_3														
http://purl.obolibrary.org/obo/PCL_0115953	CS20230722_CLUS_3573	3573 PAG-RN Nkx2-2 Otx1 Gaba_3														
http://purl.obolibrary.org/obo/PCL_0115954	CS20230722_CLUS_3574	3574 PAG-RN Nkx2-2 Otx1 Gaba_3														
http://purl.obolibrary.org/obo/PCL_0115955	CS20230722_CLUS_3575	3575 PAG-RN Nkx2-2 Otx1 Gaba_3														
http://purl.obolibrary.org/obo/PCL_0115956	CS20230722_CLUS_3576	3576 PAG-RN Nkx2-2 Otx1 Gaba_3														
http://purl.obolibrary.org/obo/PCL_0115957	CS20230722_CLUS_3577	3577 PAG-RN Nkx2-2 Otx1 Gaba_3														
http://purl.obolibrary.org/obo/PCL_0115958	CS20230722_CLUS_3578	3578 PAG-RN Nkx2-2 Otx1 Gaba_3														
http://purl.obolibrary.org/obo/PCL_0115959	CS20230722_CLUS_3579	3579 PAG-RN Nkx2-2 Otx1 Gaba_3														
http://purl.obolibrary.org/obo/PCL_0115960	CS20230722_CLUS_3580	3580 PAG-RN Nkx2-2 Otx1 Gaba_3														
http://purl.obolibrary.org/obo/PCL_0115961	CS20230722_CLUS_3581	3581 PAG-RN Nkx2-2 Otx1 Gaba_3														
http://purl.obolibrary.org/obo/PCL_0115962	CS20230722_CLUS_3582	3582 PAG-RN Nkx2-2 Otx1 Gaba_3														
http://purl.obolibrary.org/obo/PCL_0115963	CS20230722_CLUS_3583	3583 PAG-RN Nkx2-2 Otx1 Gaba_3														
http://purl.obolibrary.org/obo/PCL_0115964	CS20230722_CLUS_3584	3584 PAG-RN Nkx2-2 Otx1 Gaba_3														
http://purl.obolibrary.org/obo/PCL_0115965	CS20230722_CLUS_3585	3585 PAG-RN Nkx2-2 Otx1 Gaba_4														
http://purl.obolibrary.org/obo/PCL_0115966	CS20230722_CLUS_3586	3586 PAG-RN Nkx2-2 Otx1 Gaba_4														
http://purl.obolibrary.org/obo/PCL_0115967	CS20230722_CLUS_3587	3587 PAG-RN Nkx2-2 Otx1 Gaba_4														
http://purl.obolibrary.org/obo/PCL_0115968	CS20230722_CLUS_3588	3588 PAG-RN Nkx2-2 Otx1 Gaba_5														
http://purl.obolibrary.org/obo/PCL_0115969	CS20230722_CLUS_3589	3589 PAG-RN Nkx2-2 Otx1 Gaba_5														
http://purl.obolibrary.org/obo/PCL_0115970	CS20230722_CLUS_3590	3590 PAG-RN Nkx2-2 Otx1 Gaba_5														
http://purl.obolibrary.org/obo/PCL_0115971	CS20230722_CLUS_3591	3591 PAG-RN Nkx2-2 Otx1 Gaba_5														
http://purl.obolibrary.org/obo/PCL_0115972	CS20230722_CLUS_3592	3592 PAG-RN Nkx2-2 Otx1 Gaba_6														
http://purl.obolibrary.org/obo/PCL_0115973	CS20230722_CLUS_3593	3593 PAG-RN Nkx2-2 Otx1 Gaba_6														
http://purl.obolibrary.org/obo/PCL_0115974	CS20230722_CLUS_3594	3594 PAG-RN Nkx2-2 Otx1 Gaba_6														
http://purl.obolibrary.org/obo/PCL_0115975	CS20230722_CLUS_3595	3595 PAG-RN Nkx2-2 Otx1 Gaba_6														
http://purl.obolibrary.org/obo/PCL_0115976	CS20230722_CLUS_3596	3596 PRT Tcf7l2 Gaba_1														
http://purl.obolibrary.org/obo/PCL_0115977	CS20230722_CLUS_3597	3597 PRT Tcf7l2 Gaba_1														
http://purl.obolibrary.org/obo/PCL_0115978	CS20230722_CLUS_3598	3598 PRT Tcf7l2 Gaba_1														
http://purl.obolibrary.org/obo/PCL_0115979	CS20230722_CLUS_3599	3599 PRT Tcf7l2 Gaba_1														
http://purl.obolibrary.org/obo/PCL_0115980	CS20230722_CLUS_3600	3600 PRT Tcf7l2 Gaba_1														
http://purl.obolibrary.org/obo/PCL_0115981	CS20230722_CLUS_3601	3601 PRT Tcf7l2 Gaba_1														
http://purl.obolibrary.org/obo/PCL_0115982	CS20230722_CLUS_3602	3602 PRT Tcf7l2 Gaba_1														
http://purl.obolibrary.org/obo/PCL_0115983	CS20230722_CLUS_3603	3603 PRT Tcf7l2 Gaba_1														
http://purl.obolibrary.org/obo/PCL_0115984	CS20230722_CLUS_3604	3604 PRT Tcf7l2 Gaba_1														
http://purl.obolibrary.org/obo/PCL_0115985	CS20230722_CLUS_3605	3605 PRT Tcf7l2 Gaba_1														
http://purl.obolibrary.org/obo/PCL_0115986	CS20230722_CLUS_3606	3606 PRT Tcf7l2 Gaba_1														
http://purl.obolibrary.org/obo/PCL_0115987	CS20230722_CLUS_3607	3607 PRT Tcf7l2 Gaba_2														
http://purl.obolibrary.org/obo/PCL_0115988	CS20230722_CLUS_3608	3608 PRT Tcf7l2 Gaba_2														
http://purl.obolibrary.org/obo/PCL_0115989	CS20230722_CLUS_3609	3609 PRT Tcf7l2 Gaba_2														
http://purl.obolibrary.org/obo/PCL_0115990	CS20230722_CLUS_3610	3610 PRT Tcf7l2 Gaba_2														
http://purl.obolibrary.org/obo/PCL_0115991	CS20230722_CLUS_3611	3611 PRT Tcf7l2 Gaba_2														
http://purl.obolibrary.org/obo/PCL_0115992	CS20230722_CLUS_3612	3612 PRT Tcf7l2 Gaba_2														
http://purl.obolibrary.org/obo/PCL_0115993	CS20230722_CLUS_3613	3613 PRT Tcf7l2 Gaba_3														
http://purl.obolibrary.org/obo/PCL_0115994	CS20230722_CLUS_3614	3614 PRT Tcf7l2 Gaba_3														
http://purl.obolibrary.org/obo/PCL_0115995	CS20230722_CLUS_3615	3615 PRT Tcf7l2 Gaba_3														
http://purl.obolibrary.org/obo/PCL_0115996	CS20230722_CLUS_3616	3616 PRT Tcf7l2 Gaba_3														
http://purl.obolibrary.org/obo/PCL_0115997	CS20230722_CLUS_3617	3617 PRT Tcf7l2 Gaba_3														
http://purl.obolibrary.org/obo/PCL_0115998	CS20230722_CLUS_3618	3618 PRT Tcf7l2 Gaba_3														
http://purl.obolibrary.org/obo/PCL_0115999	CS20230722_CLUS_3619	3619 PRT Tcf7l2 Gaba_3														
http://purl.obolibrary.org/obo/PCL_0116000	CS20230722_CLUS_3620	3620 PRT Tcf7l2 Gaba_3														
http://purl.obolibrary.org/obo/PCL_0116001	CS20230722_CLUS_3621	3621 PRT Tcf7l2 Gaba_3														
http://purl.obolibrary.org/obo/PCL_0116002	CS20230722_CLUS_3622	3622 PRT Tcf7l2 Gaba_4														
http://purl.obolibrary.org/obo/PCL_0116003	CS20230722_CLUS_3623	3623 PRT Tcf7l2 Gaba_4														
http://purl.obolibrary.org/obo/PCL_0116004	CS20230722_CLUS_3624	3624 PRT Tcf7l2 Gaba_4														
http://purl.obolibrary.org/obo/PCL_0116005	CS20230722_CLUS_3625	3625 PRT Tcf7l2 Gaba_4														
http://purl.obolibrary.org/obo/PCL_0116006	CS20230722_CLUS_3626	3626 PRT Tcf7l2 Gaba_4														
http://purl.obolibrary.org/obo/PCL_0116007	CS20230722_CLUS_3627	3627 PRT Tcf7l2 Gaba_4														
http://purl.obolibrary.org/obo/PCL_0116008	CS20230722_CLUS_3628	3628 PRT Tcf7l2 Gaba_4														
http://purl.obolibrary.org/obo/PCL_0116009	CS20230722_CLUS_3629	3629 PRT Tcf7l2 Gaba_4														
http://purl.obolibrary.org/obo/PCL_0116010	CS20230722_CLUS_3630	3630 PRT Tcf7l2 Gaba_4														
http://purl.obolibrary.org/obo/PCL_0116011	CS20230722_CLUS_3631	3631 PRT Tcf7l2 Gaba_5														
http://purl.obolibrary.org/obo/PCL_0116012	CS20230722_CLUS_3632	3632 PRT Tcf7l2 Gaba_5														
http://purl.obolibrary.org/obo/PCL_0116013	CS20230722_CLUS_3633	3633 LGv-SPFp-SPFm Nkx2-2 Tcf7l2 Gaba_1														
http://purl.obolibrary.org/obo/PCL_0116014	CS20230722_CLUS_3634	3634 LGv-SPFp-SPFm Nkx2-2 Tcf7l2 Gaba_1														
http://purl.obolibrary.org/obo/PCL_0116015	CS20230722_CLUS_3635	3635 LGv-SPFp-SPFm Nkx2-2 Tcf7l2 Gaba_1														
http://purl.obolibrary.org/obo/PCL_0116016	CS20230722_CLUS_3636	3636 LGv-SPFp-SPFm Nkx2-2 Tcf7l2 Gaba_1														
http://purl.obolibrary.org/obo/PCL_0116017	CS20230722_CLUS_3637	3637 LGv-SPFp-SPFm Nkx2-2 Tcf7l2 Gaba_1														
http://purl.obolibrary.org/obo/PCL_0116018	CS20230722_CLUS_3638	3638 LGv-SPFp-SPFm Nkx2-2 Tcf7l2 Gaba_1														
http://purl.obolibrary.org/obo/PCL_0116019	CS20230722_CLUS_3639	3639 LGv-SPFp-SPFm Nkx2-2 Tcf7l2 Gaba_1														
http://purl.obolibrary.org/obo/PCL_0116020	CS20230722_CLUS_3640	3640 LGv-SPFp-SPFm Nkx2-2 Tcf7l2 Gaba_1														
http://purl.obolibrary.org/obo/PCL_0116021	CS20230722_CLUS_3641	3641 LGv-SPFp-SPFm Nkx2-2 Tcf7l2 Gaba_2														
http://purl.obolibrary.org/obo/PCL_0116022	CS20230722_CLUS_3642	3642 LGv-SPFp-SPFm Nkx2-2 Tcf7l2 Gaba_2														
http://purl.obolibrary.org/obo/PCL_0116023	CS20230722_CLUS_3643	3643 LGv-SPFp-SPFm Nkx2-2 Tcf7l2 Gaba_2														
http://purl.obolibrary.org/obo/PCL_0116024	CS20230722_CLUS_3644	3644 LGv-SPFp-SPFm Nkx2-2 Tcf7l2 Gaba_2														
http://purl.obolibrary.org/obo/PCL_0116025	CS20230722_CLUS_3645	3645 LGv-SPFp-SPFm Nkx2-2 Tcf7l2 Gaba_2														
http://purl.obolibrary.org/obo/PCL_0116026	CS20230722_CLUS_3646	3646 LGv-SPFp-SPFm Nkx2-2 Tcf7l2 Gaba_2														
http://purl.obolibrary.org/obo/PCL_0116027	CS20230722_CLUS_3647	3647 LGv-SPFp-SPFm Nkx2-2 Tcf7l2 Gaba_3														
http://purl.obolibrary.org/obo/PCL_0116028	CS20230722_CLUS_3648	3648 LGv-SPFp-SPFm Nkx2-2 Tcf7l2 Gaba_3														
http://purl.obolibrary.org/obo/PCL_0116029	CS20230722_CLUS_3649	3649 LGv-SPFp-SPFm Nkx2-2 Tcf7l2 Gaba_3														
http://purl.obolibrary.org/obo/PCL_0116030	CS20230722_CLUS_3650	3650 LGv-SPFp-SPFm Nkx2-2 Tcf7l2 Gaba_3														
http://purl.obolibrary.org/obo/PCL_0116031	CS20230722_CLUS_3651	3651 LGv-SPFp-SPFm Nkx2-2 Tcf7l2 Gaba_3														
http://purl.obolibrary.org/obo/PCL_0116032	CS20230722_CLUS_3652	3652 LGv-SPFp-SPFm Nkx2-2 Tcf7l2 Gaba_3														
http://purl.obolibrary.org/obo/PCL_0116033	CS20230722_CLUS_3653	3653 LGv-SPFp-SPFm Nkx2-2 Tcf7l2 Gaba_4														
http://purl.obolibrary.org/obo/PCL_0116034	CS20230722_CLUS_3654	3654 LGv-SPFp-SPFm Nkx2-2 Tcf7l2 Gaba_4														
http://purl.obolibrary.org/obo/PCL_0116035	CS20230722_CLUS_3655	3655 LGv-SPFp-SPFm Nkx2-2 Tcf7l2 Gaba_4														
http://purl.obolibrary.org/obo/PCL_0116036	CS20230722_CLUS_3656	3656 LGv-SPFp-SPFm Nkx2-2 Tcf7l2 Gaba_4														
http://purl.obolibrary.org/obo/PCL_0116037	CS20230722_CLUS_3657	3657 LGv-SPFp-SPFm Nkx2-2 Tcf7l2 Gaba_4														
http://purl.obolibrary.org/obo/PCL_0116038	CS20230722_CLUS_3658	3658 LGv-SPFp-SPFm Nkx2-2 Tcf7l2 Gaba_5														
http://purl.obolibrary.org/obo/PCL_0116039	CS20230722_CLUS_3659	3659 LGv-SPFp-SPFm Nkx2-2 Tcf7l2 Gaba_5														
http://purl.obolibrary.org/obo/PCL_0116040	CS20230722_CLUS_3660	3660 LGv-SPFp-SPFm Nkx2-2 Tcf7l2 Gaba_5														
http://purl.obolibrary.org/obo/PCL_0116041	CS20230722_CLUS_3661	3661 LGv-SPFp-SPFm Nkx2-2 Tcf7l2 Gaba_5														
http://purl.obolibrary.org/obo/PCL_0116042	CS20230722_CLUS_3662	3662 LGv-SPFp-SPFm Nkx2-2 Tcf7l2 Gaba_5														
http://purl.obolibrary.org/obo/PCL_0116043	CS20230722_CLUS_3663	3663 LGv-SPFp-SPFm Nkx2-2 Tcf7l2 Gaba_6														
http://purl.obolibrary.org/obo/PCL_0116044	CS20230722_CLUS_3664	3664 LGv-SPFp-SPFm Nkx2-2 Tcf7l2 Gaba_6														
http://purl.obolibrary.org/obo/PCL_0116045	CS20230722_CLUS_3665	3665 LGv-SPFp-SPFm Nkx2-2 Tcf7l2 Gaba_6														
http://purl.obolibrary.org/obo/PCL_0116046	CS20230722_CLUS_3666	3666 LGv-SPFp-SPFm Nkx2-2 Tcf7l2 Gaba_6														
http://purl.obolibrary.org/obo/PCL_0116047	CS20230722_CLUS_3667	3667 LGv-SPFp-SPFm Nkx2-2 Tcf7l2 Gaba_7														
http://purl.obolibrary.org/obo/PCL_0116048	CS20230722_CLUS_3668	3668 LGv-SPFp-SPFm Nkx2-2 Tcf7l2 Gaba_7														
http://purl.obolibrary.org/obo/PCL_0116049	CS20230722_CLUS_3669	3669 SC Otx2 Gcnt4 Gaba_1														
http://purl.obolibrary.org/obo/PCL_0116050	CS20230722_CLUS_3670	3670 SC Otx2 Gcnt4 Gaba_1														
http://purl.obolibrary.org/obo/PCL_0116051	CS20230722_CLUS_3671	3671 SC Otx2 Gcnt4 Gaba_1														
http://purl.obolibrary.org/obo/PCL_0116053	CS20230722_CLUS_3673	3673 SC-PAG Lef1 Emx2 Gaba_1														
http://purl.obolibrary.org/obo/PCL_0116054	CS20230722_CLUS_3674	3674 SC-PAG Lef1 Emx2 Gaba_1														
http://purl.obolibrary.org/obo/PCL_0116055	CS20230722_CLUS_3675	3675 SC-PAG Lef1 Emx2 Gaba_1														
http://purl.obolibrary.org/obo/PCL_0116056	CS20230722_CLUS_3676	3676 SC-PAG Lef1 Emx2 Gaba_1														
http://purl.obolibrary.org/obo/PCL_0116057	CS20230722_CLUS_3677	3677 SC-PAG Lef1 Emx2 Gaba_1														
http://purl.obolibrary.org/obo/PCL_0116058	CS20230722_CLUS_3678	3678 SC-PAG Lef1 Emx2 Gaba_1														
http://purl.obolibrary.org/obo/PCL_0116059	CS20230722_CLUS_3679	3679 SC-PAG Lef1 Emx2 Gaba_1														
http://purl.obolibrary.org/obo/PCL_0116060	CS20230722_CLUS_3680	3680 SC-PAG Lef1 Emx2 Gaba_1														
http://purl.obolibrary.org/obo/PCL_0116061	CS20230722_CLUS_3681	3681 SC-PAG Lef1 Emx2 Gaba_2														
http://purl.obolibrary.org/obo/PCL_0116062	CS20230722_CLUS_3682	3682 SC-PAG Lef1 Emx2 Gaba_2														
http://purl.obolibrary.org/obo/PCL_0116063	CS20230722_CLUS_3683	3683 SC-PAG Lef1 Emx2 Gaba_2														
http://purl.obolibrary.org/obo/PCL_0116064	CS20230722_CLUS_3684	3684 SC-PAG Lef1 Emx2 Gaba_2														
http://purl.obolibrary.org/obo/PCL_0116065	CS20230722_CLUS_3685	3685 SC-PAG Lef1 Emx2 Gaba_2														
http://purl.obolibrary.org/obo/PCL_0116066	CS20230722_CLUS_3686	3686 SC-PAG Lef1 Emx2 Gaba_2														
http://purl.obolibrary.org/obo/PCL_0116067	CS20230722_CLUS_3687	3687 SC-PAG Lef1 Emx2 Gaba_2														
http://purl.obolibrary.org/obo/PCL_0116068	CS20230722_CLUS_3688	3688 SC-PAG Lef1 Emx2 Gaba_2														
http://purl.obolibrary.org/obo/PCL_0116069	CS20230722_CLUS_3689	3689 SC-PAG Lef1 Emx2 Gaba_2														
http://purl.obolibrary.org/obo/PCL_0116070	CS20230722_CLUS_3690	3690 SC-PAG Lef1 Emx2 Gaba_2														
http://purl.obolibrary.org/obo/PCL_0116071	CS20230722_CLUS_3691	3691 SC-PAG Lef1 Emx2 Gaba_3														
http://purl.obolibrary.org/obo/PCL_0116072	CS20230722_CLUS_3692	3692 SC-PAG Lef1 Emx2 Gaba_3														
http://purl.obolibrary.org/obo/PCL_0116073	CS20230722_CLUS_3693	3693 SC-PAG Lef1 Emx2 Gaba_3														
http://purl.obolibrary.org/obo/PCL_0116074	CS20230722_CLUS_3694	3694 SC-PAG Lef1 Emx2 Gaba_3														
http://purl.obolibrary.org/obo/PCL_0116075	CS20230722_CLUS_3695	3695 SC-PAG Lef1 Emx2 Gaba_4														
http://purl.obolibrary.org/obo/PCL_0116076	CS20230722_CLUS_3696	3696 SC-PAG Lef1 Emx2 Gaba_4														
http://purl.obolibrary.org/obo/PCL_0116077	CS20230722_CLUS_3697	3697 SC-PAG Lef1 Emx2 Gaba_4														
http://purl.obolibrary.org/obo/PCL_0116078	CS20230722_CLUS_3698	3698 SC-PAG Lef1 Emx2 Gaba_4														
http://purl.obolibrary.org/obo/PCL_0116079	CS20230722_CLUS_3699	3699 SC-PAG Lef1 Emx2 Gaba_5														
http://purl.obolibrary.org/obo/PCL_0116080	CS20230722_CLUS_3700	3700 SC-PAG Lef1 Emx2 Gaba_5														
http://purl.obolibrary.org/obo/PCL_0116081	CS20230722_CLUS_3701	3701 SCm-PAG Cdh23 Gaba_1														
http://purl.obolibrary.org/obo/PCL_0116082	CS20230722_CLUS_3702	3702 SCm-PAG Cdh23 Gaba_1														
http://purl.obolibrary.org/obo/PCL_0116083	CS20230722_CLUS_3703	3703 SCm-PAG Cdh23 Gaba_1														
http://purl.obolibrary.org/obo/PCL_0116084	CS20230722_CLUS_3704	3704 SCm-PAG Cdh23 Gaba_1														
http://purl.obolibrary.org/obo/PCL_0116085	CS20230722_CLUS_3705	3705 SCm-PAG Cdh23 Gaba_1														
http://purl.obolibrary.org/obo/PCL_0116086	CS20230722_CLUS_3706	3706 SCm-PAG Cdh23 Gaba_1														
http://purl.obolibrary.org/obo/PCL_0116087	CS20230722_CLUS_3707	3707 SCm-PAG Cdh23 Gaba_1														
http://purl.obolibrary.org/obo/PCL_0116088	CS20230722_CLUS_3708	3708 SCm-PAG Cdh23 Gaba_1														
http://purl.obolibrary.org/obo/PCL_0116089	CS20230722_CLUS_3709	3709 SCm-PAG Cdh23 Gaba_1														
http://purl.obolibrary.org/obo/PCL_0116090	CS20230722_CLUS_3710	3710 SCm-PAG Cdh23 Gaba_2														
http://purl.obolibrary.org/obo/PCL_0116091	CS20230722_CLUS_3711	3711 SCm-PAG Cdh23 Gaba_2														
http://purl.obolibrary.org/obo/PCL_0116092	CS20230722_CLUS_3712	3712 SCm-PAG Cdh23 Gaba_2														
http://purl.obolibrary.org/obo/PCL_0116093	CS20230722_CLUS_3713	3713 SCm-PAG Cdh23 Gaba_2														
http://purl.obolibrary.org/obo/PCL_0116094	CS20230722_CLUS_3714	3714 SCm-PAG Cdh23 Gaba_3														
http://purl.obolibrary.org/obo/PCL_0116095	CS20230722_CLUS_3715	3715 SCm-PAG Cdh23 Gaba_3														
http://purl.obolibrary.org/obo/PCL_0116096	CS20230722_CLUS_3716	3716 SCm-PAG Cdh23 Gaba_3														
http://purl.obolibrary.org/obo/PCL_0116097	CS20230722_CLUS_3717	3717 SCm-PAG Cdh23 Gaba_3														
http://purl.obolibrary.org/obo/PCL_0116098	CS20230722_CLUS_3718	3718 SCm-PAG Cdh23 Gaba_3														
http://purl.obolibrary.org/obo/PCL_0116099	CS20230722_CLUS_3719	3719 SCm-PAG Cdh23 Gaba_3														
http://purl.obolibrary.org/obo/PCL_0116100	CS20230722_CLUS_3720	3720 SCm-PAG Cdh23 Gaba_4														
http://purl.obolibrary.org/obo/PCL_0116101	CS20230722_CLUS_3721	3721 SCm-PAG Cdh23 Gaba_4														
http://purl.obolibrary.org/obo/PCL_0116102	CS20230722_CLUS_3722	3722 SCs Dmbx1 Gaba_1														
http://purl.obolibrary.org/obo/PCL_0116103	CS20230722_CLUS_3723	3723 SCs Dmbx1 Gaba_1														
http://purl.obolibrary.org/obo/PCL_0116104	CS20230722_CLUS_3724	3724 SCs Dmbx1 Gaba_1														
http://purl.obolibrary.org/obo/PCL_0116105	CS20230722_CLUS_3725	3725 SCs Dmbx1 Gaba_1														
http://purl.obolibrary.org/obo/PCL_0116106	CS20230722_CLUS_3726	3726 SCs Dmbx1 Gaba_1														
http://purl.obolibrary.org/obo/PCL_0116107	CS20230722_CLUS_3727	3727 SCs Dmbx1 Gaba_1														
http://purl.obolibrary.org/obo/PCL_0116108	CS20230722_CLUS_3728	3728 SCs Dmbx1 Gaba_1														
http://purl.obolibrary.org/obo/PCL_0116109	CS20230722_CLUS_3729	3729 SCs Dmbx1 Gaba_2														
http://purl.obolibrary.org/obo/PCL_0116110	CS20230722_CLUS_3730	3730 SCs Dmbx1 Gaba_2														
http://purl.obolibrary.org/obo/PCL_0116111	CS20230722_CLUS_3731	3731 SCs Dmbx1 Gaba_2														
http://purl.obolibrary.org/obo/PCL_0116112	CS20230722_CLUS_3732	3732 SCs Dmbx1 Gaba_3														
http://purl.obolibrary.org/obo/PCL_0116113	CS20230722_CLUS_3733	3733 SCs Dmbx1 Gaba_3														
http://purl.obolibrary.org/obo/PCL_0116114	CS20230722_CLUS_3734	3734 SCs Dmbx1 Gaba_4														
http://purl.obolibrary.org/obo/PCL_0116115	CS20230722_CLUS_3735	3735 SCs Dmbx1 Gaba_4														
http://purl.obolibrary.org/obo/PCL_0116116	CS20230722_CLUS_3736	3736 SCs Dmbx1 Gaba_4														
http://purl.obolibrary.org/obo/PCL_0116117	CS20230722_CLUS_3737	3737 SCs Dmbx1 Gaba_4														
http://purl.obolibrary.org/obo/PCL_0116118	CS20230722_CLUS_3738	3738 SCs Dmbx1 Gaba_4														
http://purl.obolibrary.org/obo/PCL_0116119	CS20230722_CLUS_3739	3739 SCs Dmbx1 Gaba_4														
http://purl.obolibrary.org/obo/PCL_0116121	CS20230722_CLUS_3741	3741 SC Lef1 Otx2 Gaba_1														
http://purl.obolibrary.org/obo/PCL_0116122	CS20230722_CLUS_3742	3742 SC Lef1 Otx2 Gaba_1														
http://purl.obolibrary.org/obo/PCL_0116123	CS20230722_CLUS_3743	3743 SC Lef1 Otx2 Gaba_1														
http://purl.obolibrary.org/obo/PCL_0116124	CS20230722_CLUS_3744	3744 SC Lef1 Otx2 Gaba_1														
http://purl.obolibrary.org/obo/PCL_0116126	CS20230722_CLUS_3746	3746 SCs Pax7 Nfia Gaba_1														
http://purl.obolibrary.org/obo/PCL_0116127	CS20230722_CLUS_3747	3747 SCs Pax7 Nfia Gaba_1														
http://purl.obolibrary.org/obo/PCL_0116128	CS20230722_CLUS_3748	3748 SCs Pax7 Nfia Gaba_1														
http://purl.obolibrary.org/obo/PCL_0116129	CS20230722_CLUS_3749	3749 SCs Pax7 Nfia Gaba_1														
http://purl.obolibrary.org/obo/PCL_0116130	CS20230722_CLUS_3750	3750 SCs Pax7 Nfia Gaba_1														
http://purl.obolibrary.org/obo/PCL_0116131	CS20230722_CLUS_3751	3751 SCs Pax7 Nfia Gaba_2														
http://purl.obolibrary.org/obo/PCL_0116132	CS20230722_CLUS_3752	3752 SCs Pax7 Nfia Gaba_2														
http://purl.obolibrary.org/obo/PCL_0116133	CS20230722_CLUS_3753	3753 SCs Pax7 Nfia Gaba_2														
http://purl.obolibrary.org/obo/PCL_0116134	CS20230722_CLUS_3754	3754 SCs Pax7 Nfia Gaba_2														
http://purl.obolibrary.org/obo/PCL_0116135	CS20230722_CLUS_3755	3755 SCs Pax7 Nfia Gaba_2														
http://purl.obolibrary.org/obo/PCL_0116136	CS20230722_CLUS_3756	3756 SCs Pax7 Nfia Gaba_3														
http://purl.obolibrary.org/obo/PCL_0116137	CS20230722_CLUS_3757	3757 SCs Pax7 Nfia Gaba_3														
http://purl.obolibrary.org/obo/PCL_0116140	CS20230722_CLUS_3760	3760 PRT Mecom Gaba_1														
http://purl.obolibrary.org/obo/PCL_0116141	CS20230722_CLUS_3761	3761 PRT Mecom Gaba_1														
http://purl.obolibrary.org/obo/PCL_0116142	CS20230722_CLUS_3762	3762 PRT Mecom Gaba_1														
http://purl.obolibrary.org/obo/PCL_0116143	CS20230722_CLUS_3763	3763 PRT Mecom Gaba_1														
http://purl.obolibrary.org/obo/PCL_0116144	CS20230722_CLUS_3764	3764 PRT Mecom Gaba_1														
http://purl.obolibrary.org/obo/PCL_0116145	CS20230722_CLUS_3765	3765 PRT Mecom Gaba_1														
http://purl.obolibrary.org/obo/PCL_0116146	CS20230722_CLUS_3766	3766 PRT Mecom Gaba_1														
http://purl.obolibrary.org/obo/PCL_0116147	CS20230722_CLUS_3767	3767 PRT Mecom Gaba_1														
http://purl.obolibrary.org/obo/PCL_0116148	CS20230722_CLUS_3768	3768 PRT Mecom Gaba_1														
http://purl.obolibrary.org/obo/PCL_0116149	CS20230722_CLUS_3769	3769 PRT Mecom Gaba_1														
http://purl.obolibrary.org/obo/PCL_0116150	CS20230722_CLUS_3770	3770 PRT Mecom Gaba_1														
http://purl.obolibrary.org/obo/PCL_0116151	CS20230722_CLUS_3771	3771 PRT Mecom Gaba_2														
http://purl.obolibrary.org/obo/PCL_0116152	CS20230722_CLUS_3772	3772 PRT Mecom Gaba_2														
http://purl.obolibrary.org/obo/PCL_0116153	CS20230722_CLUS_3773	3773 PRT Mecom Gaba_2														
http://purl.obolibrary.org/obo/PCL_0116154	CS20230722_CLUS_3774	3774 PRT Mecom Gaba_3														
http://purl.obolibrary.org/obo/PCL_0116155	CS20230722_CLUS_3775	3775 PRT Mecom Gaba_3														
http://purl.obolibrary.org/obo/PCL_0116156	CS20230722_CLUS_3776	3776 PRT Mecom Gaba_3														
http://purl.obolibrary.org/obo/PCL_0116157	CS20230722_CLUS_3777	3777 PRT Mecom Gaba_3														
http://purl.obolibrary.org/obo/PCL_0116158	CS20230722_CLUS_3778	3778 PRT Mecom Gaba_3														
http://purl.obolibrary.org/obo/PCL_0116159	CS20230722_CLUS_3779	3779 PRT Mecom Gaba_3														
http://purl.obolibrary.org/obo/PCL_0116160	CS20230722_CLUS_3780	3780 PRT Mecom Gaba_3														
http://purl.obolibrary.org/obo/PCL_0116161	CS20230722_CLUS_3781	3781 SC Tnnt1 Gli3 Gaba_1														
http://purl.obolibrary.org/obo/PCL_0116162	CS20230722_CLUS_3782	3782 SC Tnnt1 Gli3 Gaba_1														
http://purl.obolibrary.org/obo/PCL_0116163	CS20230722_CLUS_3783	3783 SC Tnnt1 Gli3 Gaba_2														
http://purl.obolibrary.org/obo/PCL_0116164	CS20230722_CLUS_3784	3784 SC Tnnt1 Gli3 Gaba_2														
http://purl.obolibrary.org/obo/PCL_0116165	CS20230722_CLUS_3785	3785 SC Tnnt1 Gli3 Gaba_2														
http://purl.obolibrary.org/obo/PCL_0116166	CS20230722_CLUS_3786	3786 SC Tnnt1 Gli3 Gaba_2														
http://purl.obolibrary.org/obo/PCL_0116167	CS20230722_CLUS_3787	3787 SC Tnnt1 Gli3 Gaba_2														
http://purl.obolibrary.org/obo/PCL_0116168	CS20230722_CLUS_3788	3788 SC Tnnt1 Gli3 Gaba_2														
http://purl.obolibrary.org/obo/PCL_0116169	CS20230722_CLUS_3789	3789 SCs Lef1 Gli3 Gaba_1														
http://purl.obolibrary.org/obo/PCL_0116170	CS20230722_CLUS_3790	3790 SCs Lef1 Gli3 Gaba_1														
http://purl.obolibrary.org/obo/PCL_0116171	CS20230722_CLUS_3791	3791 SCs Lef1 Gli3 Gaba_1														
http://purl.obolibrary.org/obo/PCL_0116172	CS20230722_CLUS_3792	3792 SCs Lef1 Gli3 Gaba_1														
http://purl.obolibrary.org/obo/PCL_0116173	CS20230722_CLUS_3793	3793 SCs Lef1 Gli3 Gaba_2														
http://purl.obolibrary.org/obo/PCL_0116174	CS20230722_CLUS_3794	3794 SCs Lef1 Gli3 Gaba_2														
http://purl.obolibrary.org/obo/PCL_0116175	CS20230722_CLUS_3795	3795 SCs Lef1 Gli3 Gaba_3														
http://purl.obolibrary.org/obo/PCL_0116176	CS20230722_CLUS_3796	3796 SCs Lef1 Gli3 Gaba_3														
http://purl.obolibrary.org/obo/PCL_0116177	CS20230722_CLUS_3797	3797 SCsg Gabrr2 Gaba_1														
http://purl.obolibrary.org/obo/PCL_0116178	CS20230722_CLUS_3798	3798 SCsg Gabrr2 Gaba_1														
http://purl.obolibrary.org/obo/PCL_0116179	CS20230722_CLUS_3799	3799 SCsg Gabrr2 Gaba_1														
http://purl.obolibrary.org/obo/PCL_0116180	CS20230722_CLUS_3800	3800 SCsg Gabrr2 Gaba_1														
http://purl.obolibrary.org/obo/PCL_0116181	CS20230722_CLUS_3801	3801 SCsg Gabrr2 Gaba_1														
http://purl.obolibrary.org/obo/PCL_0116182	CS20230722_CLUS_3802	3802 SCsg Gabrr2 Gaba_1														
http://purl.obolibrary.org/obo/PCL_0116183	CS20230722_CLUS_3803	3803 SCsg Gabrr2 Gaba_1														
http://purl.obolibrary.org/obo/PCL_0116184	CS20230722_CLUS_3804	3804 SCsg Gabrr2 Gaba_1														
http://purl.obolibrary.org/obo/PCL_0116185	CS20230722_CLUS_3805	3805 SCsg Gabrr2 Gaba_1														
http://purl.obolibrary.org/obo/PCL_0116186	CS20230722_CLUS_3806	3806 SCsg Gabrr2 Gaba_1														
http://purl.obolibrary.org/obo/PCL_0116187	CS20230722_CLUS_3807	3807 SCsg Gabrr2 Gaba_1														
http://purl.obolibrary.org/obo/PCL_0116188	CS20230722_CLUS_3808	3808 SCsg Gabrr2 Gaba_2														
http://purl.obolibrary.org/obo/PCL_0116189	CS20230722_CLUS_3809	3809 SCsg Gabrr2 Gaba_2														
http://purl.obolibrary.org/obo/PCL_0116190	CS20230722_CLUS_3810	3810 SCsg Gabrr2 Gaba_2														
http://purl.obolibrary.org/obo/PCL_0116191	CS20230722_CLUS_3811	3811 SCsg Gabrr2 Gaba_2														
http://purl.obolibrary.org/obo/PCL_0116192	CS20230722_CLUS_3812	3812 SCsg Gabrr2 Gaba_2														
http://purl.obolibrary.org/obo/PCL_0116193	CS20230722_CLUS_3813	3813 SCsg Gabrr2 Gaba_2														
http://purl.obolibrary.org/obo/PCL_0116194	CS20230722_CLUS_3814	3814 SCsg Gabrr2 Gaba_2														
http://purl.obolibrary.org/obo/PCL_0116195	CS20230722_CLUS_3815	3815 SCsg Gabrr2 Gaba_3														
http://purl.obolibrary.org/obo/PCL_0116196	CS20230722_CLUS_3816	3816 SCsg Gabrr2 Gaba_3														
http://purl.obolibrary.org/obo/PCL_0116197	CS20230722_CLUS_3817	3817 SCsg Gabrr2 Gaba_3														
http://purl.obolibrary.org/obo/PCL_0116198	CS20230722_CLUS_3818	3818 SCsg Gabrr2 Gaba_3														
http://purl.obolibrary.org/obo/PCL_0116199	CS20230722_CLUS_3819	3819 SCsg Gabrr2 Gaba_3														
http://purl.obolibrary.org/obo/PCL_0116200	CS20230722_CLUS_3820	3820 SCsg Gabrr2 Gaba_3														
http://purl.obolibrary.org/obo/PCL_0116201	CS20230722_CLUS_3821	3821 SCsg Gabrr2 Gaba_4														
http://purl.obolibrary.org/obo/PCL_0116202	CS20230722_CLUS_3822	3822 SCsg Gabrr2 Gaba_4														
http://purl.obolibrary.org/obo/PCL_0116203	CS20230722_CLUS_3823	3823 SCsg Gabrr2 Gaba_4														
http://purl.obolibrary.org/obo/PCL_0116204	CS20230722_CLUS_3824	3824 SCsg Gabrr2 Gaba_4														
http://purl.obolibrary.org/obo/PCL_0116205	CS20230722_CLUS_3825	3825 SCsg Gabrr2 Gaba_4														
http://purl.obolibrary.org/obo/PCL_0116206	CS20230722_CLUS_3826	3826 SCsg Gabrr2 Gaba_5														
http://purl.obolibrary.org/obo/PCL_0116207	CS20230722_CLUS_3827	3827 SCsg Gabrr2 Gaba_5														
http://purl.obolibrary.org/obo/PCL_0116208	CS20230722_CLUS_3828	3828 IPN Otp Crisp1 Gaba_1														
http://purl.obolibrary.org/obo/PCL_0116209	CS20230722_CLUS_3829	3829 IPN Otp Crisp1 Gaba_1														
http://purl.obolibrary.org/obo/PCL_0116210	CS20230722_CLUS_3830	3830 IPN Otp Crisp1 Gaba_1														
http://purl.obolibrary.org/obo/PCL_0116211	CS20230722_CLUS_3831	3831 IPN Otp Crisp1 Gaba_2														
http://purl.obolibrary.org/obo/PCL_0116212	CS20230722_CLUS_3832	3832 IPN Otp Crisp1 Gaba_2														
http://purl.obolibrary.org/obo/PCL_0116213	CS20230722_CLUS_3833	3833 IPN Otp Crisp1 Gaba_2														
http://purl.obolibrary.org/obo/PCL_0116214	CS20230722_CLUS_3834	3834 IPN Otp Crisp1 Gaba_2														
http://purl.obolibrary.org/obo/PCL_0116215	CS20230722_CLUS_3835	3835 IPN Otp Crisp1 Gaba_2														
http://purl.obolibrary.org/obo/PCL_0116217	CS20230722_CLUS_3837	3837 SNc-VTA-RAmb Foxa1 Dopa_1														
http://purl.obolibrary.org/obo/PCL_0116218	CS20230722_CLUS_3838	3838 SNc-VTA-RAmb Foxa1 Dopa_1														
http://purl.obolibrary.org/obo/PCL_0116219	CS20230722_CLUS_3839	3839 SNc-VTA-RAmb Foxa1 Dopa_1														
http://purl.obolibrary.org/obo/PCL_0116220	CS20230722_CLUS_3840	3840 SNc-VTA-RAmb Foxa1 Dopa_1														
http://purl.obolibrary.org/obo/PCL_0116221	CS20230722_CLUS_3841	3841 SNc-VTA-RAmb Foxa1 Dopa_1														
http://purl.obolibrary.org/obo/PCL_0116222	CS20230722_CLUS_3842	3842 SNc-VTA-RAmb Foxa1 Dopa_1														
http://purl.obolibrary.org/obo/PCL_0116223	CS20230722_CLUS_3843	3843 SNc-VTA-RAmb Foxa1 Dopa_1														
http://purl.obolibrary.org/obo/PCL_0116224	CS20230722_CLUS_3844	3844 SNc-VTA-RAmb Foxa1 Dopa_1														
http://purl.obolibrary.org/obo/PCL_0116225	CS20230722_CLUS_3845	3845 SNc-VTA-RAmb Foxa1 Dopa_2														
http://purl.obolibrary.org/obo/PCL_0116226	CS20230722_CLUS_3846	3846 SNc-VTA-RAmb Foxa1 Dopa_2														
http://purl.obolibrary.org/obo/PCL_0116227	CS20230722_CLUS_3847	3847 SNc-VTA-RAmb Foxa1 Dopa_2														
http://purl.obolibrary.org/obo/PCL_0116228	CS20230722_CLUS_3848	3848 SNc-VTA-RAmb Foxa1 Dopa_2														
http://purl.obolibrary.org/obo/PCL_0116229	CS20230722_CLUS_3849	3849 SNc-VTA-RAmb Foxa1 Dopa_2														
http://purl.obolibrary.org/obo/PCL_0116230	CS20230722_CLUS_3850	3850 SNc-VTA-RAmb Foxa1 Dopa_2														
http://purl.obolibrary.org/obo/PCL_0116231	CS20230722_CLUS_3851	3851 SNc-VTA-RAmb Foxa1 Dopa_2														
http://purl.obolibrary.org/obo/PCL_0116232	CS20230722_CLUS_3852	3852 SNc-VTA-RAmb Foxa1 Dopa_2														
http://purl.obolibrary.org/obo/PCL_0116233	CS20230722_CLUS_3853	3853 SNc-VTA-RAmb Foxa1 Dopa_3														
http://purl.obolibrary.org/obo/PCL_0116234	CS20230722_CLUS_3854	3854 SNc-VTA-RAmb Foxa1 Dopa_3														
http://purl.obolibrary.org/obo/PCL_0116235	CS20230722_CLUS_3855	3855 SNc-VTA-RAmb Foxa1 Dopa_3														
http://purl.obolibrary.org/obo/PCL_0116236	CS20230722_CLUS_3856	3856 SNc-VTA-RAmb Foxa1 Dopa_3														
http://purl.obolibrary.org/obo/PCL_0116237	CS20230722_CLUS_3857	3857 SNc-VTA-RAmb Foxa1 Dopa_3														
http://purl.obolibrary.org/obo/PCL_0116238	CS20230722_CLUS_3858	3858 SNc-VTA-RAmb Foxa1 Dopa_3														
http://purl.obolibrary.org/obo/PCL_0116239	CS20230722_CLUS_3859	3859 SNc-VTA-RAmb Foxa1 Dopa_3														
http://purl.obolibrary.org/obo/PCL_0116240	CS20230722_CLUS_3860	3860 SNc-VTA-RAmb Foxa1 Dopa_4														
http://purl.obolibrary.org/obo/PCL_0116241	CS20230722_CLUS_3861	3861 SNc-VTA-RAmb Foxa1 Dopa_4														
http://purl.obolibrary.org/obo/PCL_0116242	CS20230722_CLUS_3862	3862 SNc-VTA-RAmb Foxa1 Dopa_4														
http://purl.obolibrary.org/obo/PCL_0116243	CS20230722_CLUS_3863	3863 SNc-VTA-RAmb Foxa1 Dopa_4														
http://purl.obolibrary.org/obo/PCL_0116244	CS20230722_CLUS_3864	3864 SNc-VTA-RAmb Foxa1 Dopa_4														
http://purl.obolibrary.org/obo/PCL_0116245	CS20230722_CLUS_3865	3865 SNc-VTA-RAmb Foxa1 Dopa_4														
http://purl.obolibrary.org/obo/PCL_0116246	CS20230722_CLUS_3866	3866 SNc-VTA-RAmb Foxa1 Dopa_4														
http://purl.obolibrary.org/obo/PCL_0116247	CS20230722_CLUS_3867	3867 SNc-VTA-RAmb Foxa1 Dopa_5														
http://purl.obolibrary.org/obo/PCL_0116248	CS20230722_CLUS_3868	3868 SNc-VTA-RAmb Foxa1 Dopa_5														
http://purl.obolibrary.org/obo/PCL_0116249	CS20230722_CLUS_3869	3869 SNc-VTA-RAmb Foxa1 Dopa_5														
http://purl.obolibrary.org/obo/PCL_0116250	CS20230722_CLUS_3870	3870 SNc-VTA-RAmb Foxa1 Dopa_5														
http://purl.obolibrary.org/obo/PCL_0116251	CS20230722_CLUS_3871	3871 SNc-VTA-RAmb Foxa1 Dopa_6														
http://purl.obolibrary.org/obo/PCL_0116252	CS20230722_CLUS_3872	3872 SNc-VTA-RAmb Foxa1 Dopa_6														
http://purl.obolibrary.org/obo/PCL_0116253	CS20230722_CLUS_3873	3873 SNc-VTA-RAmb Foxa1 Dopa_6														
http://purl.obolibrary.org/obo/PCL_0116254	CS20230722_CLUS_3874	3874 SNc-VTA-RAmb Foxa1 Dopa_6														
http://purl.obolibrary.org/obo/PCL_0116255	CS20230722_CLUS_3875	3875 SNc-VTA-RAmb Foxa1 Dopa_7														
http://purl.obolibrary.org/obo/PCL_0116256	CS20230722_CLUS_3876	3876 SNc-VTA-RAmb Foxa1 Dopa_7														
http://purl.obolibrary.org/obo/PCL_0116257	CS20230722_CLUS_3877	3877 SNc-VTA-RAmb Foxa1 Dopa_8														
http://purl.obolibrary.org/obo/PCL_0116258	CS20230722_CLUS_3878	3878 SNc-VTA-RAmb Foxa1 Dopa_8														
http://purl.obolibrary.org/obo/PCL_0116259	CS20230722_CLUS_3879	3879 SNc-VTA-RAmb Foxa1 Dopa_8														
http://purl.obolibrary.org/obo/PCL_0116260	CS20230722_CLUS_3880	3880 MB-MY Tph2 Glut-Sero_1														
http://purl.obolibrary.org/obo/PCL_0116261	CS20230722_CLUS_3881	3881 MB-MY Tph2 Glut-Sero_1														
http://purl.obolibrary.org/obo/PCL_0116262	CS20230722_CLUS_3882	3882 MB-MY Tph2 Glut-Sero_1														
http://purl.obolibrary.org/obo/PCL_0116263	CS20230722_CLUS_3883	3883 MB-MY Tph2 Glut-Sero_1														
http://purl.obolibrary.org/obo/PCL_0116264	CS20230722_CLUS_3884	3884 MB-MY Tph2 Glut-Sero_1														
http://purl.obolibrary.org/obo/PCL_0116265	CS20230722_CLUS_3885	3885 MB-MY Tph2 Glut-Sero_1														
http://purl.obolibrary.org/obo/PCL_0116266	CS20230722_CLUS_3886	3886 MB-MY Tph2 Glut-Sero_1														
http://purl.obolibrary.org/obo/PCL_0116267	CS20230722_CLUS_3887	3887 MB-MY Tph2 Glut-Sero_1														
http://purl.obolibrary.org/obo/PCL_0116268	CS20230722_CLUS_3888	3888 MB-MY Tph2 Glut-Sero_2														
http://purl.obolibrary.org/obo/PCL_0116269	CS20230722_CLUS_3889	3889 MB-MY Tph2 Glut-Sero_2														
http://purl.obolibrary.org/obo/PCL_0116270	CS20230722_CLUS_3890	3890 MB-MY Tph2 Glut-Sero_2														
http://purl.obolibrary.org/obo/PCL_0116271	CS20230722_CLUS_3891	3891 MB-MY Tph2 Glut-Sero_2														
http://purl.obolibrary.org/obo/PCL_0116272	CS20230722_CLUS_3892	3892 MB-MY Tph2 Glut-Sero_2														
http://purl.obolibrary.org/obo/PCL_0116273	CS20230722_CLUS_3893	3893 MB-MY Tph2 Glut-Sero_2														
http://purl.obolibrary.org/obo/PCL_0116274	CS20230722_CLUS_3894	3894 MB-MY Tph2 Glut-Sero_2														
http://purl.obolibrary.org/obo/PCL_0116275	CS20230722_CLUS_3895	3895 MB-MY Tph2 Glut-Sero_2														
http://purl.obolibrary.org/obo/PCL_0116276	CS20230722_CLUS_3896	3896 MB-MY Tph2 Glut-Sero_3														
http://purl.obolibrary.org/obo/PCL_0116277	CS20230722_CLUS_3897	3897 MB-MY Tph2 Glut-Sero_3														
http://purl.obolibrary.org/obo/PCL_0116278	CS20230722_CLUS_3898	3898 MB-MY Tph2 Glut-Sero_3														
http://purl.obolibrary.org/obo/PCL_0116279	CS20230722_CLUS_3899	3899 MB-MY Tph2 Glut-Sero_3														
http://purl.obolibrary.org/obo/PCL_0116280	CS20230722_CLUS_3900	3900 MB-MY Tph2 Glut-Sero_3														
http://purl.obolibrary.org/obo/PCL_0116281	CS20230722_CLUS_3901	3901 MB-MY Tph2 Glut-Sero_3														
http://purl.obolibrary.org/obo/PCL_0116282	CS20230722_CLUS_3902	3902 MB-MY Tph2 Glut-Sero_4														
http://purl.obolibrary.org/obo/PCL_0116283	CS20230722_CLUS_3903	3903 MB-MY Tph2 Glut-Sero_4														
http://purl.obolibrary.org/obo/PCL_0116284	CS20230722_CLUS_3904	3904 MB-MY Tph2 Glut-Sero_4														
http://purl.obolibrary.org/obo/PCL_0116285	CS20230722_CLUS_3905	3905 MB-MY Tph2 Glut-Sero_4														
http://purl.obolibrary.org/obo/PCL_0116286	CS20230722_CLUS_3906	3906 MB-MY Tph2 Glut-Sero_4														
http://purl.obolibrary.org/obo/PCL_0116287	CS20230722_CLUS_3907	3907 MB-MY Tph2 Glut-Sero_5														
http://purl.obolibrary.org/obo/PCL_0116288	CS20230722_CLUS_3908	3908 MB-MY Tph2 Glut-Sero_5														
http://purl.obolibrary.org/obo/PCL_0116289	CS20230722_CLUS_3909	3909 MB-MY Tph2 Glut-Sero_5														
http://purl.obolibrary.org/obo/PCL_0116292	CS20230722_CLUS_3912	3912 PB Lmx1a Glut_1														
http://purl.obolibrary.org/obo/PCL_0116293	CS20230722_CLUS_3913	3913 PB Lmx1a Glut_1														
http://purl.obolibrary.org/obo/PCL_0116294	CS20230722_CLUS_3914	3914 PB Lmx1a Glut_1														
http://purl.obolibrary.org/obo/PCL_0116295	CS20230722_CLUS_3915	3915 PB Lmx1a Glut_1														
http://purl.obolibrary.org/obo/PCL_0116296	CS20230722_CLUS_3916	3916 PB Lmx1a Glut_1														
http://purl.obolibrary.org/obo/PCL_0116297	CS20230722_CLUS_3917	3917 PB Lmx1a Glut_1														
http://purl.obolibrary.org/obo/PCL_0116298	CS20230722_CLUS_3918	3918 PB Lmx1a Glut_1														
http://purl.obolibrary.org/obo/PCL_0116299	CS20230722_CLUS_3919	3919 PB Lmx1a Glut_1														
http://purl.obolibrary.org/obo/PCL_0116300	CS20230722_CLUS_3920	3920 PB Lmx1a Glut_1														
http://purl.obolibrary.org/obo/PCL_0116301	CS20230722_CLUS_3921	3921 PB Lmx1a Glut_1														
http://purl.obolibrary.org/obo/PCL_0116302	CS20230722_CLUS_3922	3922 PB Lmx1a Glut_1														
http://purl.obolibrary.org/obo/PCL_0116303	CS20230722_CLUS_3923	3923 PB Lmx1a Glut_1														
http://purl.obolibrary.org/obo/PCL_0116304	CS20230722_CLUS_3924	3924 PB Lmx1a Glut_1														
http://purl.obolibrary.org/obo/PCL_0116305	CS20230722_CLUS_3925	3925 PB Lmx1a Glut_1														
http://purl.obolibrary.org/obo/PCL_0116307	CS20230722_CLUS_3927	3927 PB Lmx1a Glut_3														
http://purl.obolibrary.org/obo/PCL_0116308	CS20230722_CLUS_3928	3928 PB Lmx1a Glut_3														
http://purl.obolibrary.org/obo/PCL_0116309	CS20230722_CLUS_3929	3929 PB Lmx1a Glut_3														
http://purl.obolibrary.org/obo/PCL_0116310	CS20230722_CLUS_3930	3930 PB Lmx1a Glut_3														
http://purl.obolibrary.org/obo/PCL_0116311	CS20230722_CLUS_3931	3931 PB Lmx1a Glut_3														
http://purl.obolibrary.org/obo/PCL_0116312	CS20230722_CLUS_3932	3932 PB Lmx1a Glut_3														
http://purl.obolibrary.org/obo/PCL_0116313	CS20230722_CLUS_3933	3933 PB Lmx1a Glut_3														
http://purl.obolibrary.org/obo/PCL_0116314	CS20230722_CLUS_3934	3934 PB Lmx1a Glut_3														
http://purl.obolibrary.org/obo/PCL_0116315	CS20230722_CLUS_3935	3935 PB Lmx1a Glut_3														
http://purl.obolibrary.org/obo/PCL_0116316	CS20230722_CLUS_3936	3936 PB Lmx1a Glut_4														
http://purl.obolibrary.org/obo/PCL_0116317	CS20230722_CLUS_3937	3937 PB Lmx1a Glut_4														
http://purl.obolibrary.org/obo/PCL_0116318	CS20230722_CLUS_3938	3938 PB Lmx1a Glut_4														
http://purl.obolibrary.org/obo/PCL_0116319	CS20230722_CLUS_3939	3939 PB Lmx1a Glut_4														
http://purl.obolibrary.org/obo/PCL_0116320	CS20230722_CLUS_3940	3940 PB Lmx1a Glut_4														
http://purl.obolibrary.org/obo/PCL_0116321	CS20230722_CLUS_3941	3941 PB Lmx1a Glut_4														
http://purl.obolibrary.org/obo/PCL_0116322	CS20230722_CLUS_3942	3942 PB Lmx1a Glut_4														
http://purl.obolibrary.org/obo/PCL_0116323	CS20230722_CLUS_3943	3943 PB Lmx1a Glut_4														
http://purl.obolibrary.org/obo/PCL_0116324	CS20230722_CLUS_3944	3944 PB Lmx1a Glut_5														
http://purl.obolibrary.org/obo/PCL_0116325	CS20230722_CLUS_3945	3945 PB Lmx1a Glut_5														
http://purl.obolibrary.org/obo/PCL_0116326	CS20230722_CLUS_3946	3946 PB Lmx1a Glut_5														
http://purl.obolibrary.org/obo/PCL_0116327	CS20230722_CLUS_3947	3947 PB Lmx1a Glut_5														
http://purl.obolibrary.org/obo/PCL_0116328	CS20230722_CLUS_3948	3948 PB Lmx1a Glut_5														
http://purl.obolibrary.org/obo/PCL_0116329	CS20230722_CLUS_3949	3949 PB Lmx1a Glut_5														
http://purl.obolibrary.org/obo/PCL_0116330	CS20230722_CLUS_3950	3950 PB Lmx1a Glut_5														
http://purl.obolibrary.org/obo/PCL_0116331	CS20230722_CLUS_3951	3951 PB Lmx1a Glut_6														
http://purl.obolibrary.org/obo/PCL_0116332	CS20230722_CLUS_3952	3952 PB Lmx1a Glut_6														
http://purl.obolibrary.org/obo/PCL_0116333	CS20230722_CLUS_3953	3953 PB Lmx1a Glut_6														
http://purl.obolibrary.org/obo/PCL_0116334	CS20230722_CLUS_3954	3954 PB Lmx1a Glut_6														
http://purl.obolibrary.org/obo/PCL_0116335	CS20230722_CLUS_3955	3955 PB Lmx1a Glut_6														
http://purl.obolibrary.org/obo/PCL_0116336	CS20230722_CLUS_3956	3956 PB Lmx1a Glut_7														
http://purl.obolibrary.org/obo/PCL_0116337	CS20230722_CLUS_3957	3957 PB Lmx1a Glut_7														
http://purl.obolibrary.org/obo/PCL_0116338	CS20230722_CLUS_3958	3958 PB Lmx1a Glut_7														
http://purl.obolibrary.org/obo/PCL_0116339	CS20230722_CLUS_3959	3959 PSV Lmx1a Trpv6 Glut_1														
http://purl.obolibrary.org/obo/PCL_0116340	CS20230722_CLUS_3960	3960 PSV Lmx1a Trpv6 Glut_1														
http://purl.obolibrary.org/obo/PCL_0116341	CS20230722_CLUS_3961	3961 PSV Lmx1a Trpv6 Glut_1														
http://purl.obolibrary.org/obo/PCL_0116342	CS20230722_CLUS_3962	3962 PSV Lmx1a Trpv6 Glut_1														
http://purl.obolibrary.org/obo/PCL_0116343	CS20230722_CLUS_3963	3963 PB-SUT Tlx3 Lhx2 Glut_1														
http://purl.obolibrary.org/obo/PCL_0116344	CS20230722_CLUS_3964	3964 PB-SUT Tlx3 Lhx2 Glut_1														
http://purl.obolibrary.org/obo/PCL_0116345	CS20230722_CLUS_3965	3965 PB Pax5 Glut_1														
http://purl.obolibrary.org/obo/PCL_0116346	CS20230722_CLUS_3966	3966 PB Pax5 Glut_1														
http://purl.obolibrary.org/obo/PCL_0116347	CS20230722_CLUS_3967	3967 PB Pax5 Glut_1														
http://purl.obolibrary.org/obo/PCL_0116348	CS20230722_CLUS_3968	3968 PB Pax5 Glut_1														
http://purl.obolibrary.org/obo/PCL_0116349	CS20230722_CLUS_3969	3969 PB Pax5 Glut_1														
http://purl.obolibrary.org/obo/PCL_0116350	CS20230722_CLUS_3970	3970 PB Pax5 Glut_1														
http://purl.obolibrary.org/obo/PCL_0116351	CS20230722_CLUS_3971	3971 PB Pax5 Glut_1														
http://purl.obolibrary.org/obo/PCL_0116352	CS20230722_CLUS_3972	3972 PB Pax5 Glut_2														
http://purl.obolibrary.org/obo/PCL_0116353	CS20230722_CLUS_3973	3973 PB Pax5 Glut_2														
http://purl.obolibrary.org/obo/PCL_0116354	CS20230722_CLUS_3974	3974 LDT-PCG Vsx2 Lhx4 Glut_1														
http://purl.obolibrary.org/obo/PCL_0116355	CS20230722_CLUS_3975	3975 LDT-PCG Vsx2 Lhx4 Glut_1														
http://purl.obolibrary.org/obo/PCL_0116356	CS20230722_CLUS_3976	3976 LDT-PCG Vsx2 Lhx4 Glut_1														
http://purl.obolibrary.org/obo/PCL_0116357	CS20230722_CLUS_3977	3977 LDT-PCG Vsx2 Lhx4 Glut_1														
http://purl.obolibrary.org/obo/PCL_0116358	CS20230722_CLUS_3978	3978 LDT-PCG Vsx2 Lhx4 Glut_1														
http://purl.obolibrary.org/obo/PCL_0116359	CS20230722_CLUS_3979	3979 LDT-PCG Vsx2 Lhx4 Glut_1														
http://purl.obolibrary.org/obo/PCL_0116360	CS20230722_CLUS_3980	3980 LDT-PCG Vsx2 Lhx4 Glut_2														
http://purl.obolibrary.org/obo/PCL_0116361	CS20230722_CLUS_3981	3981 LDT-PCG Vsx2 Lhx4 Glut_2														
http://purl.obolibrary.org/obo/PCL_0116362	CS20230722_CLUS_3982	3982 LDT-PCG Vsx2 Lhx4 Glut_2														
http://purl.obolibrary.org/obo/PCL_0116363	CS20230722_CLUS_3983	3983 LDT-PCG Vsx2 Lhx4 Glut_2														
http://purl.obolibrary.org/obo/PCL_0116364	CS20230722_CLUS_3984	3984 LDT-PCG Vsx2 Lhx4 Glut_2														
http://purl.obolibrary.org/obo/PCL_0116365	CS20230722_CLUS_3985	3985 LDT-PCG Vsx2 Lhx4 Glut_2														
http://purl.obolibrary.org/obo/PCL_0116366	CS20230722_CLUS_3986	3986 LDT-PCG Vsx2 Lhx4 Glut_2														
http://purl.obolibrary.org/obo/PCL_0116367	CS20230722_CLUS_3987	3987 LDT-PCG Vsx2 Lhx4 Glut_3														
http://purl.obolibrary.org/obo/PCL_0116368	CS20230722_CLUS_3988	3988 LDT-PCG Vsx2 Lhx4 Glut_3														
http://purl.obolibrary.org/obo/PCL_0116369	CS20230722_CLUS_3989	3989 LDT-PCG Vsx2 Lhx4 Glut_3														
http://purl.obolibrary.org/obo/PCL_0116370	CS20230722_CLUS_3990	3990 LDT-PCG Vsx2 Lhx4 Glut_3														
http://purl.obolibrary.org/obo/PCL_0116371	CS20230722_CLUS_3991	3991 LDT-PCG Vsx2 Lhx4 Glut_3														
http://purl.obolibrary.org/obo/PCL_0116372	CS20230722_CLUS_3992	3992 LDT-PCG Vsx2 Lhx4 Glut_4														
http://purl.obolibrary.org/obo/PCL_0116373	CS20230722_CLUS_3993	3993 LDT-PCG Vsx2 Lhx4 Glut_4														
http://purl.obolibrary.org/obo/PCL_0116374	CS20230722_CLUS_3994	3994 LDT-PCG Vsx2 Lhx4 Glut_4														
http://purl.obolibrary.org/obo/PCL_0116375	CS20230722_CLUS_3995	3995 LDT-PCG Vsx2 Lhx4 Glut_4														
http://purl.obolibrary.org/obo/PCL_0116376	CS20230722_CLUS_3996	3996 LDT-PCG Vsx2 Lhx4 Glut_4														
http://purl.obolibrary.org/obo/PCL_0116377	CS20230722_CLUS_3997	3997 LDT-PCG Vsx2 Lhx4 Glut_4														
http://purl.obolibrary.org/obo/PCL_0116378	CS20230722_CLUS_3998	3998 LDT-PCG Vsx2 Lhx4 Glut_4														
http://purl.obolibrary.org/obo/PCL_0116379	CS20230722_CLUS_3999	3999 LDT-PCG Vsx2 Lhx4 Glut_5														
http://purl.obolibrary.org/obo/PCL_0116380	CS20230722_CLUS_4000	4000 LDT-PCG Vsx2 Lhx4 Glut_5														
http://purl.obolibrary.org/obo/PCL_0116381	CS20230722_CLUS_4001	4001 LDT-PCG Vsx2 Lhx4 Glut_5														
http://purl.obolibrary.org/obo/PCL_0116382	CS20230722_CLUS_4002	4002 LDT-PCG Vsx2 Lhx4 Glut_5														
http://purl.obolibrary.org/obo/PCL_0116383	CS20230722_CLUS_4003	4003 LDT-PCG Vsx2 Lhx4 Glut_5														
http://purl.obolibrary.org/obo/PCL_0116384	CS20230722_CLUS_4004	4004 LDT-PCG Vsx2 Lhx4 Glut_5														
http://purl.obolibrary.org/obo/PCL_0116385	CS20230722_CLUS_4005	4005 LDT-PCG Vsx2 Lhx4 Glut_6														
http://purl.obolibrary.org/obo/PCL_0116386	CS20230722_CLUS_4006	4006 LDT-PCG Vsx2 Lhx4 Glut_6														
http://purl.obolibrary.org/obo/PCL_0116387	CS20230722_CLUS_4007	4007 LDT-PCG Vsx2 Lhx4 Glut_6														
http://purl.obolibrary.org/obo/PCL_0116388	CS20230722_CLUS_4008	4008 LDT-PCG Vsx2 Lhx4 Glut_6														
http://purl.obolibrary.org/obo/PCL_0116389	CS20230722_CLUS_4009	4009 LDT-PCG Vsx2 Lhx4 Glut_7														
http://purl.obolibrary.org/obo/PCL_0116390	CS20230722_CLUS_4010	4010 LDT-PCG Vsx2 Lhx4 Glut_7														
http://purl.obolibrary.org/obo/PCL_0116391	CS20230722_CLUS_4011	4011 LDT-PCG Vsx2 Lhx4 Glut_7														
http://purl.obolibrary.org/obo/PCL_0116392	CS20230722_CLUS_4012	4012 LDT-PCG Vsx2 Lhx4 Glut_7														
http://purl.obolibrary.org/obo/PCL_0116393	CS20230722_CLUS_4013	4013 LDT-PCG Vsx2 Lhx4 Glut_7														
http://purl.obolibrary.org/obo/PCL_0116394	CS20230722_CLUS_4014	4014 LDT-PCG Vsx2 Lhx4 Glut_7														
http://purl.obolibrary.org/obo/PCL_0116395	CS20230722_CLUS_4015	4015 LDT-PCG Vsx2 Lhx4 Glut_8														
http://purl.obolibrary.org/obo/PCL_0116396	CS20230722_CLUS_4016	4016 LDT-PCG Vsx2 Lhx4 Glut_8														
http://purl.obolibrary.org/obo/PCL_0116397	CS20230722_CLUS_4017	4017 LDT-PCG Vsx2 Lhx4 Glut_8														
http://purl.obolibrary.org/obo/PCL_0116398	CS20230722_CLUS_4018	4018 PB Evx2 Glut_1														
http://purl.obolibrary.org/obo/PCL_0116399	CS20230722_CLUS_4019	4019 PB Evx2 Glut_1														
http://purl.obolibrary.org/obo/PCL_0116400	CS20230722_CLUS_4020	4020 PB Evx2 Glut_1														
http://purl.obolibrary.org/obo/PCL_0116401	CS20230722_CLUS_4021	4021 PB Evx2 Glut_1														
http://purl.obolibrary.org/obo/PCL_0116402	CS20230722_CLUS_4022	4022 PB Evx2 Glut_1														
http://purl.obolibrary.org/obo/PCL_0116403	CS20230722_CLUS_4023	4023 PB Evx2 Glut_1														
http://purl.obolibrary.org/obo/PCL_0116404	CS20230722_CLUS_4024	4024 PB Evx2 Glut_2														
http://purl.obolibrary.org/obo/PCL_0116405	CS20230722_CLUS_4025	4025 PB Evx2 Glut_2														
http://purl.obolibrary.org/obo/PCL_0116406	CS20230722_CLUS_4026	4026 PB Evx2 Glut_2														
http://purl.obolibrary.org/obo/PCL_0116407	CS20230722_CLUS_4027	4027 PB Evx2 Glut_2														
http://purl.obolibrary.org/obo/PCL_0116408	CS20230722_CLUS_4028	4028 PB Evx2 Glut_2														
http://purl.obolibrary.org/obo/PCL_0116409	CS20230722_CLUS_4029	4029 PB Evx2 Glut_2														
http://purl.obolibrary.org/obo/PCL_0116410	CS20230722_CLUS_4030	4030 PB Evx2 Glut_2														
http://purl.obolibrary.org/obo/PCL_0116411	CS20230722_CLUS_4031	4031 PB Evx2 Glut_2														
http://purl.obolibrary.org/obo/PCL_0116412	CS20230722_CLUS_4032	4032 PB Evx2 Glut_2														
http://purl.obolibrary.org/obo/PCL_0116413	CS20230722_CLUS_4033	4033 PB Evx2 Glut_3														
http://purl.obolibrary.org/obo/PCL_0116414	CS20230722_CLUS_4034	4034 PB Evx2 Glut_3														
http://purl.obolibrary.org/obo/PCL_0116415	CS20230722_CLUS_4035	4035 PB Evx2 Glut_3														
http://purl.obolibrary.org/obo/PCL_0116416	CS20230722_CLUS_4036	4036 PB Evx2 Glut_3														
http://purl.obolibrary.org/obo/PCL_0116417	CS20230722_CLUS_4037	4037 PB Evx2 Glut_3														
http://purl.obolibrary.org/obo/PCL_0116418	CS20230722_CLUS_4038	4038 PB Evx2 Glut_3														
http://purl.obolibrary.org/obo/PCL_0116419	CS20230722_CLUS_4039	4039 PB Evx2 Glut_3														
http://purl.obolibrary.org/obo/PCL_0116420	CS20230722_CLUS_4040	4040 PB Evx2 Glut_3														
http://purl.obolibrary.org/obo/PCL_0116421	CS20230722_CLUS_4041	4041 PB Evx2 Glut_3														
http://purl.obolibrary.org/obo/PCL_0116422	CS20230722_CLUS_4042	4042 PB Evx2 Glut_3														
http://purl.obolibrary.org/obo/PCL_0116423	CS20230722_CLUS_4043	4043 PB Evx2 Glut_3														
http://purl.obolibrary.org/obo/PCL_0116424	CS20230722_CLUS_4044	4044 PB Evx2 Glut_3														
http://purl.obolibrary.org/obo/PCL_0116425	CS20230722_CLUS_4045	4045 PB Evx2 Glut_3														
http://purl.obolibrary.org/obo/PCL_0116426	CS20230722_CLUS_4046	4046 PB Evx2 Glut_3														
http://purl.obolibrary.org/obo/PCL_0116427	CS20230722_CLUS_4047	4047 PB Evx2 Glut_3														
http://purl.obolibrary.org/obo/PCL_0116428	CS20230722_CLUS_4048	4048 PB Evx2 Glut_3														
http://purl.obolibrary.org/obo/PCL_0116429	CS20230722_CLUS_4049	4049 PB Evx2 Glut_4														
http://purl.obolibrary.org/obo/PCL_0116430	CS20230722_CLUS_4050	4050 PB Evx2 Glut_4														
http://purl.obolibrary.org/obo/PCL_0116431	CS20230722_CLUS_4051	4051 PB Evx2 Glut_4														
http://purl.obolibrary.org/obo/PCL_0116432	CS20230722_CLUS_4052	4052 PB Evx2 Glut_4														
http://purl.obolibrary.org/obo/PCL_0116433	CS20230722_CLUS_4053	4053 PB Evx2 Glut_4														
http://purl.obolibrary.org/obo/PCL_0116434	CS20230722_CLUS_4054	4054 PB Evx2 Glut_4														
http://purl.obolibrary.org/obo/PCL_0116435	CS20230722_CLUS_4055	4055 PB Evx2 Glut_5														
http://purl.obolibrary.org/obo/PCL_0116436	CS20230722_CLUS_4056	4056 PB Evx2 Glut_5														
http://purl.obolibrary.org/obo/PCL_0116437	CS20230722_CLUS_4057	4057 PB Evx2 Glut_5														
http://purl.obolibrary.org/obo/PCL_0116438	CS20230722_CLUS_4058	4058 PB Evx2 Glut_5														
http://purl.obolibrary.org/obo/PCL_0116439	CS20230722_CLUS_4059	4059 PB Evx2 Glut_5														
http://purl.obolibrary.org/obo/PCL_0116440	CS20230722_CLUS_4060	4060 PB Evx2 Glut_5														
http://purl.obolibrary.org/obo/PCL_0116441	CS20230722_CLUS_4061	4061 PB Evx2 Glut_5														
http://purl.obolibrary.org/obo/PCL_0116442	CS20230722_CLUS_4062	4062 PB Evx2 Glut_5														
http://purl.obolibrary.org/obo/PCL_0116443	CS20230722_CLUS_4063	4063 PB Evx2 Glut_6														
http://purl.obolibrary.org/obo/PCL_0116444	CS20230722_CLUS_4064	4064 PB Evx2 Glut_6														
http://purl.obolibrary.org/obo/PCL_0116445	CS20230722_CLUS_4065	4065 PB Evx2 Glut_6														
http://purl.obolibrary.org/obo/PCL_0116446	CS20230722_CLUS_4066	4066 PB Evx2 Glut_6														
http://purl.obolibrary.org/obo/PCL_0116447	CS20230722_CLUS_4067	4067 PB Evx2 Glut_6														
http://purl.obolibrary.org/obo/PCL_0116448	CS20230722_CLUS_4068	4068 PB Evx2 Glut_6														
http://purl.obolibrary.org/obo/PCL_0116449	CS20230722_CLUS_4069	4069 PB Evx2 Glut_6														
http://purl.obolibrary.org/obo/PCL_0116450	CS20230722_CLUS_4070	4070 PB Evx2 Glut_6														
http://purl.obolibrary.org/obo/PCL_0116451	CS20230722_CLUS_4071	4071 PB Evx2 Glut_6														
http://purl.obolibrary.org/obo/PCL_0116452	CS20230722_CLUS_4072	4072 PB Evx2 Glut_7														
http://purl.obolibrary.org/obo/PCL_0116453	CS20230722_CLUS_4073	4073 PB Evx2 Glut_7														
http://purl.obolibrary.org/obo/PCL_0116454	CS20230722_CLUS_4074	4074 PB Evx2 Glut_7														
http://purl.obolibrary.org/obo/PCL_0116455	CS20230722_CLUS_4075	4075 PB Evx2 Glut_7														
http://purl.obolibrary.org/obo/PCL_0116456	CS20230722_CLUS_4076	4076 PB Evx2 Glut_8														
http://purl.obolibrary.org/obo/PCL_0116457	CS20230722_CLUS_4077	4077 PB Evx2 Glut_8														
http://purl.obolibrary.org/obo/PCL_0116458	CS20230722_CLUS_4078	4078 PB Evx2 Glut_8														
http://purl.obolibrary.org/obo/PCL_0116459	CS20230722_CLUS_4079	4079 PB Evx2 Glut_8														
http://purl.obolibrary.org/obo/PCL_0116460	CS20230722_CLUS_4080	4080 PB Evx2 Glut_8														
http://purl.obolibrary.org/obo/PCL_0116461	CS20230722_CLUS_4081	4081 PB Evx2 Glut_8														
http://purl.obolibrary.org/obo/PCL_0116462	CS20230722_CLUS_4082	4082 PB Evx2 Glut_8														
http://purl.obolibrary.org/obo/PCL_0116463	CS20230722_CLUS_4083	4083 PB Evx2 Glut_9														
http://purl.obolibrary.org/obo/PCL_0116464	CS20230722_CLUS_4084	4084 PB Evx2 Glut_9														
http://purl.obolibrary.org/obo/PCL_0116465	CS20230722_CLUS_4085	4085 PB Evx2 Glut_9														
http://purl.obolibrary.org/obo/PCL_0116466	CS20230722_CLUS_4086	4086 PB Evx2 Glut_9														
http://purl.obolibrary.org/obo/PCL_0116467	CS20230722_CLUS_4087	4087 PB Evx2 Glut_9														
http://purl.obolibrary.org/obo/PCL_0116468	CS20230722_CLUS_4088	4088 PB Evx2 Glut_9														
http://purl.obolibrary.org/obo/PCL_0116469	CS20230722_CLUS_4089	4089 PB Evx2 Glut_9														
http://purl.obolibrary.org/obo/PCL_0116470	CS20230722_CLUS_4090	4090 PB Evx2 Glut_9														
http://purl.obolibrary.org/obo/PCL_0116471	CS20230722_CLUS_4091	4091 PB Evx2 Glut_9														
http://purl.obolibrary.org/obo/PCL_0116472	CS20230722_CLUS_4092	4092 B-PB Nr4a2 Glut_1														
http://purl.obolibrary.org/obo/PCL_0116473	CS20230722_CLUS_4093	4093 B-PB Nr4a2 Glut_1														
http://purl.obolibrary.org/obo/PCL_0116474	CS20230722_CLUS_4094	4094 B-PB Nr4a2 Glut_1														
http://purl.obolibrary.org/obo/PCL_0116475	CS20230722_CLUS_4095	4095 B-PB Nr4a2 Glut_1														
http://purl.obolibrary.org/obo/PCL_0116476	CS20230722_CLUS_4096	4096 B-PB Nr4a2 Glut_1														
http://purl.obolibrary.org/obo/PCL_0116477	CS20230722_CLUS_4097	4097 B-PB Nr4a2 Glut_1														
http://purl.obolibrary.org/obo/PCL_0116478	CS20230722_CLUS_4098	4098 B-PB Nr4a2 Glut_1														
http://purl.obolibrary.org/obo/PCL_0116480	CS20230722_CLUS_4100	4100 PCG-PRNr Vsx2 Nkx6-1 Glut_1														
http://purl.obolibrary.org/obo/PCL_0116481	CS20230722_CLUS_4101	4101 PCG-PRNr Vsx2 Nkx6-1 Glut_1														
http://purl.obolibrary.org/obo/PCL_0116482	CS20230722_CLUS_4102	4102 PCG-PRNr Vsx2 Nkx6-1 Glut_2														
http://purl.obolibrary.org/obo/PCL_0116483	CS20230722_CLUS_4103	4103 PCG-PRNr Vsx2 Nkx6-1 Glut_2														
http://purl.obolibrary.org/obo/PCL_0116484	CS20230722_CLUS_4104	4104 PCG-PRNr Vsx2 Nkx6-1 Glut_2														
http://purl.obolibrary.org/obo/PCL_0116485	CS20230722_CLUS_4105	4105 PCG-PRNr Vsx2 Nkx6-1 Glut_2														
http://purl.obolibrary.org/obo/PCL_0116486	CS20230722_CLUS_4106	4106 PCG-PRNr Vsx2 Nkx6-1 Glut_2														
http://purl.obolibrary.org/obo/PCL_0116487	CS20230722_CLUS_4107	4107 PCG-PRNr Vsx2 Nkx6-1 Glut_2														
http://purl.obolibrary.org/obo/PCL_0116488	CS20230722_CLUS_4108	4108 PCG-PRNr Vsx2 Nkx6-1 Glut_2														
http://purl.obolibrary.org/obo/PCL_0116489	CS20230722_CLUS_4109	4109 PCG-PRNr Vsx2 Nkx6-1 Glut_2														
http://purl.obolibrary.org/obo/PCL_0116490	CS20230722_CLUS_4110	4110 PCG-PRNr Vsx2 Nkx6-1 Glut_3														
http://purl.obolibrary.org/obo/PCL_0116491	CS20230722_CLUS_4111	4111 PCG-PRNr Vsx2 Nkx6-1 Glut_3														
http://purl.obolibrary.org/obo/PCL_0116492	CS20230722_CLUS_4112	4112 PCG-PRNr Vsx2 Nkx6-1 Glut_3														
http://purl.obolibrary.org/obo/PCL_0116493	CS20230722_CLUS_4113	4113 PCG-PRNr Vsx2 Nkx6-1 Glut_3														
http://purl.obolibrary.org/obo/PCL_0116494	CS20230722_CLUS_4114	4114 PCG-PRNr Vsx2 Nkx6-1 Glut_3														
http://purl.obolibrary.org/obo/PCL_0116495	CS20230722_CLUS_4115	4115 PCG-PRNr Vsx2 Nkx6-1 Glut_3														
http://purl.obolibrary.org/obo/PCL_0116497	CS20230722_CLUS_4117	4117 PCG-PRNr Vsx2 Nkx6-1 Glut_5														
http://purl.obolibrary.org/obo/PCL_0116498	CS20230722_CLUS_4118	4118 PCG-PRNr Vsx2 Nkx6-1 Glut_5														
http://purl.obolibrary.org/obo/PCL_0116499	CS20230722_CLUS_4119	4119 PCG-PRNr Vsx2 Nkx6-1 Glut_5														
http://purl.obolibrary.org/obo/PCL_0116500	CS20230722_CLUS_4120	4120 PCG-PRNr Vsx2 Nkx6-1 Glut_5														
http://purl.obolibrary.org/obo/PCL_0116501	CS20230722_CLUS_4121	4121 PCG-PRNr Vsx2 Nkx6-1 Glut_6														
http://purl.obolibrary.org/obo/PCL_0116502	CS20230722_CLUS_4122	4122 PCG-PRNr Vsx2 Nkx6-1 Glut_6														
http://purl.obolibrary.org/obo/PCL_0116503	CS20230722_CLUS_4123	4123 PRNc-NI-SG-RPO Vsx2 Nr4a2 Glut_1														
http://purl.obolibrary.org/obo/PCL_0116504	CS20230722_CLUS_4124	4124 PRNc-NI-SG-RPO Vsx2 Nr4a2 Glut_1														
http://purl.obolibrary.org/obo/PCL_0116505	CS20230722_CLUS_4125	4125 PRNc-NI-SG-RPO Vsx2 Nr4a2 Glut_1														
http://purl.obolibrary.org/obo/PCL_0116506	CS20230722_CLUS_4126	4126 PRNc-NI-SG-RPO Vsx2 Nr4a2 Glut_2														
http://purl.obolibrary.org/obo/PCL_0116507	CS20230722_CLUS_4127	4127 PRNc-NI-SG-RPO Vsx2 Nr4a2 Glut_2														
http://purl.obolibrary.org/obo/PCL_0116508	CS20230722_CLUS_4128	4128 PRNc-NI-SG-RPO Vsx2 Nr4a2 Glut_2														
http://purl.obolibrary.org/obo/PCL_0116509	CS20230722_CLUS_4129	4129 PRNc-NI-SG-RPO Vsx2 Nr4a2 Glut_2														
http://purl.obolibrary.org/obo/PCL_0116510	CS20230722_CLUS_4130	4130 PRNc-NI-SG-RPO Vsx2 Nr4a2 Glut_2														
http://purl.obolibrary.org/obo/PCL_0116511	CS20230722_CLUS_4131	4131 PRNc-NI-SG-RPO Vsx2 Nr4a2 Glut_2														
http://purl.obolibrary.org/obo/PCL_0116512	CS20230722_CLUS_4132	4132 PRNc-NI-SG-RPO Vsx2 Nr4a2 Glut_3														
http://purl.obolibrary.org/obo/PCL_0116513	CS20230722_CLUS_4133	4133 PRNc-NI-SG-RPO Vsx2 Nr4a2 Glut_3														
http://purl.obolibrary.org/obo/PCL_0116514	CS20230722_CLUS_4134	4134 PRNc-NI-SG-RPO Vsx2 Nr4a2 Glut_4														
http://purl.obolibrary.org/obo/PCL_0116515	CS20230722_CLUS_4135	4135 PRNc-NI-SG-RPO Vsx2 Nr4a2 Glut_4														
http://purl.obolibrary.org/obo/PCL_0116516	CS20230722_CLUS_4136	4136 PRNc-PARN Tlx1 Glut_1														
http://purl.obolibrary.org/obo/PCL_0116517	CS20230722_CLUS_4137	4137 PRNc-PARN Tlx1 Glut_1														
http://purl.obolibrary.org/obo/PCL_0116518	CS20230722_CLUS_4138	4138 PRNc-PARN Tlx1 Glut_1														
http://purl.obolibrary.org/obo/PCL_0116519	CS20230722_CLUS_4139	4139 PRNc-PARN Tlx1 Glut_1														
http://purl.obolibrary.org/obo/PCL_0116520	CS20230722_CLUS_4140	4140 PRNc-PARN Tlx1 Glut_2														
http://purl.obolibrary.org/obo/PCL_0116521	CS20230722_CLUS_4141	4141 PRNc-PARN Tlx1 Glut_2														
http://purl.obolibrary.org/obo/PCL_0116522	CS20230722_CLUS_4142	4142 PRNc-PARN Tlx1 Glut_3														
http://purl.obolibrary.org/obo/PCL_0116523	CS20230722_CLUS_4143	4143 PRNc-PARN Tlx1 Glut_3														
http://purl.obolibrary.org/obo/PCL_0116524	CS20230722_CLUS_4144	4144 PB-PSV Phox2b Glut_1														
http://purl.obolibrary.org/obo/PCL_0116525	CS20230722_CLUS_4145	4145 PB-PSV Phox2b Glut_1														
http://purl.obolibrary.org/obo/PCL_0116526	CS20230722_CLUS_4146	4146 PB-PSV Phox2b Glut_1														
http://purl.obolibrary.org/obo/PCL_0116527	CS20230722_CLUS_4147	4147 PSV Pvalb Lhx2 Glut_1														
http://purl.obolibrary.org/obo/PCL_0116528	CS20230722_CLUS_4148	4148 PSV Pvalb Lhx2 Glut_1														
http://purl.obolibrary.org/obo/PCL_0116529	CS20230722_CLUS_4149	4149 PSV Pvalb Lhx2 Glut_1														
http://purl.obolibrary.org/obo/PCL_0116530	CS20230722_CLUS_4150	4150 PSV Pvalb Lhx2 Glut_2														
http://purl.obolibrary.org/obo/PCL_0116531	CS20230722_CLUS_4151	4151 PSV Pvalb Lhx2 Glut_2														
http://purl.obolibrary.org/obo/PCL_0116534	CS20230722_CLUS_4154	4154 PB-NTS Phox2b Ebf3 Lmx1b Glut_1														
http://purl.obolibrary.org/obo/PCL_0116535	CS20230722_CLUS_4155	4155 PB-NTS Phox2b Ebf3 Lmx1b Glut_1														
http://purl.obolibrary.org/obo/PCL_0116536	CS20230722_CLUS_4156	4156 PB-NTS Phox2b Ebf3 Lmx1b Glut_1														
http://purl.obolibrary.org/obo/PCL_0116537	CS20230722_CLUS_4157	4157 PB-NTS Phox2b Ebf3 Lmx1b Glut_1														
http://purl.obolibrary.org/obo/PCL_0116538	CS20230722_CLUS_4158	4158 PB-NTS Phox2b Ebf3 Lmx1b Glut_1														
http://purl.obolibrary.org/obo/PCL_0116539	CS20230722_CLUS_4159	4159 PB-NTS Phox2b Ebf3 Lmx1b Glut_1														
http://purl.obolibrary.org/obo/PCL_0116540	CS20230722_CLUS_4160	4160 PB-NTS Phox2b Ebf3 Lmx1b Glut_1														
http://purl.obolibrary.org/obo/PCL_0116541	CS20230722_CLUS_4161	4161 PB-NTS Phox2b Ebf3 Lmx1b Glut_1														
http://purl.obolibrary.org/obo/PCL_0116542	CS20230722_CLUS_4162	4162 PB-NTS Phox2b Ebf3 Lmx1b Glut_1														
http://purl.obolibrary.org/obo/PCL_0116543	CS20230722_CLUS_4163	4163 PB-NTS Phox2b Ebf3 Lmx1b Glut_2														
http://purl.obolibrary.org/obo/PCL_0116544	CS20230722_CLUS_4164	4164 PB-NTS Phox2b Ebf3 Lmx1b Glut_2														
http://purl.obolibrary.org/obo/PCL_0116545	CS20230722_CLUS_4165	4165 PB-NTS Phox2b Ebf3 Lmx1b Glut_2														
http://purl.obolibrary.org/obo/PCL_0116546	CS20230722_CLUS_4166	4166 PB-NTS Phox2b Ebf3 Lmx1b Glut_2														
http://purl.obolibrary.org/obo/PCL_0116547	CS20230722_CLUS_4167	4167 PB-NTS Phox2b Ebf3 Lmx1b Glut_2														
http://purl.obolibrary.org/obo/PCL_0116548	CS20230722_CLUS_4168	4168 PB-NTS Phox2b Ebf3 Lmx1b Glut_2														
http://purl.obolibrary.org/obo/PCL_0116549	CS20230722_CLUS_4169	4169 PB-NTS Phox2b Ebf3 Lmx1b Glut_2														
http://purl.obolibrary.org/obo/PCL_0116550	CS20230722_CLUS_4170	4170 PB-NTS Phox2b Ebf3 Lmx1b Glut_2														
http://purl.obolibrary.org/obo/PCL_0116551	CS20230722_CLUS_4171	4171 PRNr Otp Nfib Glut_1														
http://purl.obolibrary.org/obo/PCL_0116552	CS20230722_CLUS_4172	4172 PRNr Otp Nfib Glut_1														
http://purl.obolibrary.org/obo/PCL_0116553	CS20230722_CLUS_4173	4173 PRNr Otp Nfib Glut_1														
http://purl.obolibrary.org/obo/PCL_0116554	CS20230722_CLUS_4174	4174 IPN-LDT Vsx2 Nkx6-1 Glut_1														
http://purl.obolibrary.org/obo/PCL_0116555	CS20230722_CLUS_4175	4175 IPN-LDT Vsx2 Nkx6-1 Glut_1														
http://purl.obolibrary.org/obo/PCL_0116556	CS20230722_CLUS_4176	4176 IPN-LDT Vsx2 Nkx6-1 Glut_1														
http://purl.obolibrary.org/obo/PCL_0116557	CS20230722_CLUS_4177	4177 IPN-LDT Vsx2 Nkx6-1 Glut_1														
http://purl.obolibrary.org/obo/PCL_0116558	CS20230722_CLUS_4178	4178 IPN-LDT Vsx2 Nkx6-1 Glut_1														
http://purl.obolibrary.org/obo/PCL_0116559	CS20230722_CLUS_4179	4179 IPN-LDT Vsx2 Nkx6-1 Glut_1														
http://purl.obolibrary.org/obo/PCL_0116560	CS20230722_CLUS_4180	4180 IPN-LDT Vsx2 Nkx6-1 Glut_1														
http://purl.obolibrary.org/obo/PCL_0116561	CS20230722_CLUS_4181	4181 IPN-LDT Vsx2 Nkx6-1 Glut_2														
http://purl.obolibrary.org/obo/PCL_0116562	CS20230722_CLUS_4182	4182 IPN-LDT Vsx2 Nkx6-1 Glut_2														
http://purl.obolibrary.org/obo/PCL_0116563	CS20230722_CLUS_4183	4183 IPN-LDT Vsx2 Nkx6-1 Glut_2														
http://purl.obolibrary.org/obo/PCL_0116564	CS20230722_CLUS_4184	4184 IPN-LDT Vsx2 Nkx6-1 Glut_2														
http://purl.obolibrary.org/obo/PCL_0116565	CS20230722_CLUS_4185	4185 IPN-LDT Vsx2 Nkx6-1 Glut_2														
http://purl.obolibrary.org/obo/PCL_0116566	CS20230722_CLUS_4186	4186 LDT Vsx2 Nkx6-1 Nfib Glut_1														
http://purl.obolibrary.org/obo/PCL_0116567	CS20230722_CLUS_4187	4187 LDT Vsx2 Nkx6-1 Nfib Glut_1														
http://purl.obolibrary.org/obo/PCL_0116568	CS20230722_CLUS_4188	4188 LDT Vsx2 Nkx6-1 Nfib Glut_1														
http://purl.obolibrary.org/obo/PCL_0116569	CS20230722_CLUS_4189	4189 LDT Vsx2 Nkx6-1 Nfib Glut_1														
http://purl.obolibrary.org/obo/PCL_0116570	CS20230722_CLUS_4190	4190 LDT Vsx2 Nkx6-1 Nfib Glut_1														
http://purl.obolibrary.org/obo/PCL_0116571	CS20230722_CLUS_4191	4191 LDT Vsx2 Nkx6-1 Nfib Glut_1														
http://purl.obolibrary.org/obo/PCL_0116572	CS20230722_CLUS_4192	4192 LDT Vsx2 Nkx6-1 Nfib Glut_1														
http://purl.obolibrary.org/obo/PCL_0116573	CS20230722_CLUS_4193	4193 LDT Vsx2 Nkx6-1 Nfib Glut_1														
http://purl.obolibrary.org/obo/PCL_0116578	CS20230722_CLUS_4198	4198 PG-TRN-LRN Fat2 Glut_1														
http://purl.obolibrary.org/obo/PCL_0116579	CS20230722_CLUS_4199	4199 PG-TRN-LRN Fat2 Glut_1														
http://purl.obolibrary.org/obo/PCL_0116580	CS20230722_CLUS_4200	4200 PG-TRN-LRN Fat2 Glut_1														
http://purl.obolibrary.org/obo/PCL_0116581	CS20230722_CLUS_4201	4201 IRN Vip Glut_1														
http://purl.obolibrary.org/obo/PCL_0116582	CS20230722_CLUS_4202	4202 IRN Vip Glut_1														
http://purl.obolibrary.org/obo/PCL_0116583	CS20230722_CLUS_4203	4203 IRN Vip Glut_1														
http://purl.obolibrary.org/obo/PCL_0116584	CS20230722_CLUS_4204	4204 IRN Vip Glut_1														
http://purl.obolibrary.org/obo/PCL_0116585	CS20230722_CLUS_4205	4205 PRP-NI-PRNc-GRN Otp Glut_1														
http://purl.obolibrary.org/obo/PCL_0116586	CS20230722_CLUS_4206	4206 PRP-NI-PRNc-GRN Otp Glut_1														
http://purl.obolibrary.org/obo/PCL_0116587	CS20230722_CLUS_4207	4207 PRP-NI-PRNc-GRN Otp Glut_2														
http://purl.obolibrary.org/obo/PCL_0116588	CS20230722_CLUS_4208	4208 PRP-NI-PRNc-GRN Otp Glut_2														
http://purl.obolibrary.org/obo/PCL_0116589	CS20230722_CLUS_4209	4209 PRP-NI-PRNc-GRN Otp Glut_2														
http://purl.obolibrary.org/obo/PCL_0116590	CS20230722_CLUS_4210	4210 PRP-NI-PRNc-GRN Otp Glut_2														
http://purl.obolibrary.org/obo/PCL_0116591	CS20230722_CLUS_4211	4211 PRP-NI-PRNc-GRN Otp Glut_2														
http://purl.obolibrary.org/obo/PCL_0116592	CS20230722_CLUS_4212	4212 PRP-NI-PRNc-GRN Otp Glut_2														
http://purl.obolibrary.org/obo/PCL_0116593	CS20230722_CLUS_4213	4213 PRP-NI-PRNc-GRN Otp Glut_3														
http://purl.obolibrary.org/obo/PCL_0116594	CS20230722_CLUS_4214	4214 PRP-NI-PRNc-GRN Otp Glut_3														
http://purl.obolibrary.org/obo/PCL_0116595	CS20230722_CLUS_4215	4215 PRP-NI-PRNc-GRN Otp Glut_3														
http://purl.obolibrary.org/obo/PCL_0116596	CS20230722_CLUS_4216	4216 PRP-NI-PRNc-GRN Otp Glut_3														
http://purl.obolibrary.org/obo/PCL_0116597	CS20230722_CLUS_4217	4217 PRP-NI-PRNc-GRN Otp Glut_3														
http://purl.obolibrary.org/obo/PCL_0116598	CS20230722_CLUS_4218	4218 PRP-NI-PRNc-GRN Otp Glut_3														
http://purl.obolibrary.org/obo/PCL_0116599	CS20230722_CLUS_4219	4219 PRP-NI-PRNc-GRN Otp Glut_3														
http://purl.obolibrary.org/obo/PCL_0116600	CS20230722_CLUS_4220	4220 PRP-NI-PRNc-GRN Otp Glut_3														
http://purl.obolibrary.org/obo/PCL_0116601	CS20230722_CLUS_4221	4221 PRP-NI-PRNc-GRN Otp Glut_4														
http://purl.obolibrary.org/obo/PCL_0116602	CS20230722_CLUS_4222	4222 PRP-NI-PRNc-GRN Otp Glut_4														
http://purl.obolibrary.org/obo/PCL_0116603	CS20230722_CLUS_4223	4223 PRP-NI-PRNc-GRN Otp Glut_4														
http://purl.obolibrary.org/obo/PCL_0116604	CS20230722_CLUS_4224	4224 PRP-NI-PRNc-GRN Otp Glut_4														
http://purl.obolibrary.org/obo/PCL_0116605	CS20230722_CLUS_4225	4225 NTS Phox2b Glut_1														
http://purl.obolibrary.org/obo/PCL_0116606	CS20230722_CLUS_4226	4226 NTS Phox2b Glut_1														
http://purl.obolibrary.org/obo/PCL_0116607	CS20230722_CLUS_4227	4227 NTS Phox2b Glut_1														
http://purl.obolibrary.org/obo/PCL_0116608	CS20230722_CLUS_4228	4228 NTS Phox2b Glut_1														
http://purl.obolibrary.org/obo/PCL_0116609	CS20230722_CLUS_4229	4229 NTS Phox2b Glut_1														
http://purl.obolibrary.org/obo/PCL_0116610	CS20230722_CLUS_4230	4230 NTS Phox2b Glut_1														
http://purl.obolibrary.org/obo/PCL_0116611	CS20230722_CLUS_4231	4231 NTS Phox2b Glut_1														
http://purl.obolibrary.org/obo/PCL_0116612	CS20230722_CLUS_4232	4232 NTS Phox2b Glut_1														
http://purl.obolibrary.org/obo/PCL_0116613	CS20230722_CLUS_4233	4233 NTS Phox2b Glut_1														
http://purl.obolibrary.org/obo/PCL_0116614	CS20230722_CLUS_4234	4234 NTS Phox2b Glut_1														
http://purl.obolibrary.org/obo/PCL_0116615	CS20230722_CLUS_4235	4235 NTS Phox2b Glut_1														
http://purl.obolibrary.org/obo/PCL_0116616	CS20230722_CLUS_4236	4236 NTS Phox2b Glut_1														
http://purl.obolibrary.org/obo/PCL_0116617	CS20230722_CLUS_4237	4237 NTS Phox2b Glut_2														
http://purl.obolibrary.org/obo/PCL_0116618	CS20230722_CLUS_4238	4238 NTS Phox2b Glut_2														
http://purl.obolibrary.org/obo/PCL_0116619	CS20230722_CLUS_4239	4239 NTS Phox2b Glut_2														
http://purl.obolibrary.org/obo/PCL_0116620	CS20230722_CLUS_4240	4240 NTS Phox2b Glut_2														
http://purl.obolibrary.org/obo/PCL_0116621	CS20230722_CLUS_4241	4241 NTS Phox2b Glut_2														
http://purl.obolibrary.org/obo/PCL_0116622	CS20230722_CLUS_4242	4242 NTS Phox2b Glut_2														
http://purl.obolibrary.org/obo/PCL_0116623	CS20230722_CLUS_4243	4243 NTS Phox2b Glut_2														
http://purl.obolibrary.org/obo/PCL_0116624	CS20230722_CLUS_4244	4244 NTS Phox2b Glut_2														
http://purl.obolibrary.org/obo/PCL_0116625	CS20230722_CLUS_4245	4245 NTS Phox2b Glut_3														
http://purl.obolibrary.org/obo/PCL_0116626	CS20230722_CLUS_4246	4246 NTS Phox2b Glut_3														
http://purl.obolibrary.org/obo/PCL_0116627	CS20230722_CLUS_4247	4247 NTS Phox2b Glut_3														
http://purl.obolibrary.org/obo/PCL_0116628	CS20230722_CLUS_4248	4248 NTS Phox2b Glut_3														
http://purl.obolibrary.org/obo/PCL_0116629	CS20230722_CLUS_4249	4249 NTS Phox2b Glut_3														
http://purl.obolibrary.org/obo/PCL_0116630	CS20230722_CLUS_4250	4250 NTS Phox2b Glut_3														
http://purl.obolibrary.org/obo/PCL_0116631	CS20230722_CLUS_4251	4251 NTS Phox2b Glut_3														
http://purl.obolibrary.org/obo/PCL_0116632	CS20230722_CLUS_4252	4252 NTS Phox2b Glut_3														
http://purl.obolibrary.org/obo/PCL_0116633	CS20230722_CLUS_4253	4253 NTS Phox2b Glut_3														
http://purl.obolibrary.org/obo/PCL_0116634	CS20230722_CLUS_4254	4254 NTS Phox2b Glut_3														
http://purl.obolibrary.org/obo/PCL_0116635	CS20230722_CLUS_4255	4255 NTS Phox2b Glut_3														
http://purl.obolibrary.org/obo/PCL_0116636	CS20230722_CLUS_4256	4256 NTS Phox2b Glut_4														
http://purl.obolibrary.org/obo/PCL_0116637	CS20230722_CLUS_4257	4257 NTS Phox2b Glut_4														
http://purl.obolibrary.org/obo/PCL_0116638	CS20230722_CLUS_4258	4258 NTS Phox2b Glut_4														
http://purl.obolibrary.org/obo/PCL_0116639	CS20230722_CLUS_4259	4259 NTS Phox2b Glut_4														
http://purl.obolibrary.org/obo/PCL_0116640	CS20230722_CLUS_4260	4260 NTS Phox2b Glut_4														
http://purl.obolibrary.org/obo/PCL_0116641	CS20230722_CLUS_4261	4261 NTS Phox2b Glut_4														
http://purl.obolibrary.org/obo/PCL_0116642	CS20230722_CLUS_4262	4262 NTS Phox2b Glut_4														
http://purl.obolibrary.org/obo/PCL_0116643	CS20230722_CLUS_4263	4263 NTS Phox2b Glut_4														
http://purl.obolibrary.org/obo/PCL_0116644	CS20230722_CLUS_4264	4264 NTS Phox2b Glut_4														
http://purl.obolibrary.org/obo/PCL_0116645	CS20230722_CLUS_4265	4265 NTS Phox2b Glut_4														
http://purl.obolibrary.org/obo/PCL_0116646	CS20230722_CLUS_4266	4266 NTS Phox2b Glut_5														
http://purl.obolibrary.org/obo/PCL_0116647	CS20230722_CLUS_4267	4267 NTS Phox2b Glut_5														
http://purl.obolibrary.org/obo/PCL_0116648	CS20230722_CLUS_4268	4268 NTS Phox2b Glut_5														
http://purl.obolibrary.org/obo/PCL_0116649	CS20230722_CLUS_4269	4269 NTS Phox2b Glut_5														
http://purl.obolibrary.org/obo/PCL_0116650	CS20230722_CLUS_4270	4270 NTS Phox2b Glut_5														
http://purl.obolibrary.org/obo/PCL_0116651	CS20230722_CLUS_4271	4271 NTS Phox2b Glut_5														
http://purl.obolibrary.org/obo/PCL_0116652	CS20230722_CLUS_4272	4272 NTS Phox2b Glut_5														
http://purl.obolibrary.org/obo/PCL_0116653	CS20230722_CLUS_4273	4273 NTS Phox2b Glut_5														
http://purl.obolibrary.org/obo/PCL_0116654	CS20230722_CLUS_4274	4274 NTS Phox2b Glut_5														
http://purl.obolibrary.org/obo/PCL_0116655	CS20230722_CLUS_4275	4275 NTS Phox2b Glut_5														
http://purl.obolibrary.org/obo/PCL_0116656	CS20230722_CLUS_4276	4276 NTS Phox2b Glut_5														
http://purl.obolibrary.org/obo/PCL_0116657	CS20230722_CLUS_4277	4277 NTS Phox2b Glut_5														
http://purl.obolibrary.org/obo/PCL_0116658	CS20230722_CLUS_4278	4278 NTS Phox2b Glut_6														
http://purl.obolibrary.org/obo/PCL_0116659	CS20230722_CLUS_4279	4279 NTS Phox2b Glut_6														
http://purl.obolibrary.org/obo/PCL_0116660	CS20230722_CLUS_4280	4280 NTS Phox2b Glut_6														
http://purl.obolibrary.org/obo/PCL_0116661	CS20230722_CLUS_4281	4281 NTS Phox2b Glut_6														
http://purl.obolibrary.org/obo/PCL_0116662	CS20230722_CLUS_4282	4282 NTS Phox2b Glut_6														
http://purl.obolibrary.org/obo/PCL_0116663	CS20230722_CLUS_4283	4283 NTS Phox2b Glut_6														
http://purl.obolibrary.org/obo/PCL_0116664	CS20230722_CLUS_4284	4284 NTS Phox2b Glut_7														
http://purl.obolibrary.org/obo/PCL_0116665	CS20230722_CLUS_4285	4285 NTS Phox2b Glut_7														
http://purl.obolibrary.org/obo/PCL_0116666	CS20230722_CLUS_4286	4286 NTS Phox2b Glut_7														
http://purl.obolibrary.org/obo/PCL_0116667	CS20230722_CLUS_4287	4287 NTS Phox2b Glut_7														
http://purl.obolibrary.org/obo/PCL_0116668	CS20230722_CLUS_4288	4288 NTS Phox2b Glut_7														
http://purl.obolibrary.org/obo/PCL_0116669	CS20230722_CLUS_4289	4289 NTS Phox2b Glut_7														
http://purl.obolibrary.org/obo/PCL_0116670	CS20230722_CLUS_4290	4290 NTS Phox2b Glut_8														
http://purl.obolibrary.org/obo/PCL_0116671	CS20230722_CLUS_4291	4291 NTS Phox2b Glut_8														
http://purl.obolibrary.org/obo/PCL_0116672	CS20230722_CLUS_4292	4292 NTS Phox2b Glut_8														
http://purl.obolibrary.org/obo/PCL_0116673	CS20230722_CLUS_4293	4293 NTS Phox2b Glut_8														
http://purl.obolibrary.org/obo/PCL_0116674	CS20230722_CLUS_4294	4294 NTS Phox2b Glut_8														
http://purl.obolibrary.org/obo/PCL_0116675	CS20230722_CLUS_4295	4295 NTS Phox2b Glut_8														
http://purl.obolibrary.org/obo/PCL_0116676	CS20230722_CLUS_4296	4296 NTS Phox2b Glut_9														
http://purl.obolibrary.org/obo/PCL_0116677	CS20230722_CLUS_4297	4297 NTS Phox2b Glut_9														
http://purl.obolibrary.org/obo/PCL_0116678	CS20230722_CLUS_4298	4298 NTS Phox2b Glut_9														
http://purl.obolibrary.org/obo/PCL_0116679	CS20230722_CLUS_4299	4299 NTS Phox2b Glut_9														
http://purl.obolibrary.org/obo/PCL_0116680	CS20230722_CLUS_4300	4300 NTS Phox2b Glut_9														
http://purl.obolibrary.org/obo/PCL_0116681	CS20230722_CLUS_4301	4301 NTS Phox2b Glut_9														
http://purl.obolibrary.org/obo/PCL_0116682	CS20230722_CLUS_4302	4302 NTS Phox2b Glut_10														
http://purl.obolibrary.org/obo/PCL_0116683	CS20230722_CLUS_4303	4303 NTS Phox2b Glut_10														
http://purl.obolibrary.org/obo/PCL_0116684	CS20230722_CLUS_4304	4304 NTS Phox2b Glut_10														
http://purl.obolibrary.org/obo/PCL_0116685	CS20230722_CLUS_4305	4305 NTS Phox2b Glut_10														
http://purl.obolibrary.org/obo/PCL_0116686	CS20230722_CLUS_4306	4306 NTS Phox2b Glut_10														
http://purl.obolibrary.org/obo/PCL_0116687	CS20230722_CLUS_4307	4307 NTS Phox2b Glut_10														
http://purl.obolibrary.org/obo/PCL_0116691	CS20230722_CLUS_4311	4311 PGRNd Dmbx1 Glut_1														
http://purl.obolibrary.org/obo/PCL_0116692	CS20230722_CLUS_4312	4312 PGRNd Dmbx1 Glut_1														
http://purl.obolibrary.org/obo/PCL_0116693	CS20230722_CLUS_4313	4313 PGRNd Dmbx1 Glut_1														
http://purl.obolibrary.org/obo/PCL_0116694	CS20230722_CLUS_4314	4314 PGRN-PARN-MDRN Hoxb5 Glut_1														
http://purl.obolibrary.org/obo/PCL_0116695	CS20230722_CLUS_4315	4315 PGRN-PARN-MDRN Hoxb5 Glut_1														
http://purl.obolibrary.org/obo/PCL_0116696	CS20230722_CLUS_4316	4316 PGRN-PARN-MDRN Hoxb5 Glut_1														
http://purl.obolibrary.org/obo/PCL_0116697	CS20230722_CLUS_4317	4317 PGRN-PARN-MDRN Hoxb5 Glut_1														
http://purl.obolibrary.org/obo/PCL_0116698	CS20230722_CLUS_4318	4318 PGRN-PARN-MDRN Hoxb5 Glut_1														
http://purl.obolibrary.org/obo/PCL_0116699	CS20230722_CLUS_4319	4319 PGRN-PARN-MDRN Hoxb5 Glut_1														
http://purl.obolibrary.org/obo/PCL_0116700	CS20230722_CLUS_4320	4320 PGRN-PARN-MDRN Hoxb5 Glut_1														
http://purl.obolibrary.org/obo/PCL_0116701	CS20230722_CLUS_4321	4321 PGRN-PARN-MDRN Hoxb5 Glut_1														
http://purl.obolibrary.org/obo/PCL_0116702	CS20230722_CLUS_4322	4322 PGRN-PARN-MDRN Hoxb5 Glut_1														
http://purl.obolibrary.org/obo/PCL_0116703	CS20230722_CLUS_4323	4323 PGRN-PARN-MDRN Hoxb5 Glut_1														
http://purl.obolibrary.org/obo/PCL_0116704	CS20230722_CLUS_4324	4324 PGRN-PARN-MDRN Hoxb5 Glut_1														
http://purl.obolibrary.org/obo/PCL_0116705	CS20230722_CLUS_4325	4325 PGRN-PARN-MDRN Hoxb5 Glut_1														
http://purl.obolibrary.org/obo/PCL_0116706	CS20230722_CLUS_4326	4326 PGRN-PARN-MDRN Hoxb5 Glut_1														
http://purl.obolibrary.org/obo/PCL_0116707	CS20230722_CLUS_4327	4327 PGRN-PARN-MDRN Hoxb5 Glut_1														
http://purl.obolibrary.org/obo/PCL_0116708	CS20230722_CLUS_4328	4328 PGRN-PARN-MDRN Hoxb5 Glut_1														
http://purl.obolibrary.org/obo/PCL_0116709	CS20230722_CLUS_4329	4329 PGRN-PARN-MDRN Hoxb5 Glut_1														
http://purl.obolibrary.org/obo/PCL_0116710	CS20230722_CLUS_4330	4330 PGRN-PARN-MDRN Hoxb5 Glut_1														
http://purl.obolibrary.org/obo/PCL_0116711	CS20230722_CLUS_4331	4331 PGRN-PARN-MDRN Hoxb5 Glut_1														
http://purl.obolibrary.org/obo/PCL_0116712	CS20230722_CLUS_4332	4332 PGRN-PARN-MDRN Hoxb5 Glut_1														
http://purl.obolibrary.org/obo/PCL_0116713	CS20230722_CLUS_4333	4333 PGRN-PARN-MDRN Hoxb5 Glut_1														
http://purl.obolibrary.org/obo/PCL_0116714	CS20230722_CLUS_4334	4334 PGRN-PARN-MDRN Hoxb5 Glut_2														
http://purl.obolibrary.org/obo/PCL_0116715	CS20230722_CLUS_4335	4335 PGRN-PARN-MDRN Hoxb5 Glut_2														
http://purl.obolibrary.org/obo/PCL_0116716	CS20230722_CLUS_4336	4336 PGRN-PARN-MDRN Hoxb5 Glut_2														
http://purl.obolibrary.org/obo/PCL_0116717	CS20230722_CLUS_4337	4337 PGRN-PARN-MDRN Hoxb5 Glut_2														
http://purl.obolibrary.org/obo/PCL_0116718	CS20230722_CLUS_4338	4338 PGRN-PARN-MDRN Hoxb5 Glut_2														
http://purl.obolibrary.org/obo/PCL_0116719	CS20230722_CLUS_4339	4339 PGRN-PARN-MDRN Hoxb5 Glut_2														
http://purl.obolibrary.org/obo/PCL_0116720	CS20230722_CLUS_4340	4340 PGRN-PARN-MDRN Hoxb5 Glut_2														
http://purl.obolibrary.org/obo/PCL_0116721	CS20230722_CLUS_4341	4341 PGRN-PARN-MDRN Hoxb5 Glut_2														
http://purl.obolibrary.org/obo/PCL_0116722	CS20230722_CLUS_4342	4342 PGRN-PARN-MDRN Hoxb5 Glut_2														
http://purl.obolibrary.org/obo/PCL_0116723	CS20230722_CLUS_4343	4343 PGRN-PARN-MDRN Hoxb5 Glut_2														
http://purl.obolibrary.org/obo/PCL_0116724	CS20230722_CLUS_4344	4344 PGRN-PARN-MDRN Hoxb5 Glut_2														
http://purl.obolibrary.org/obo/PCL_0116725	CS20230722_CLUS_4345	4345 PGRN-PARN-MDRN Hoxb5 Glut_2														
http://purl.obolibrary.org/obo/PCL_0116726	CS20230722_CLUS_4346	4346 PGRN-PARN-MDRN Hoxb5 Glut_2														
http://purl.obolibrary.org/obo/PCL_0116727	CS20230722_CLUS_4347	4347 PGRN-PARN-MDRN Hoxb5 Glut_2														
http://purl.obolibrary.org/obo/PCL_0116728	CS20230722_CLUS_4348	4348 PGRN-PARN-MDRN Hoxb5 Glut_2														
http://purl.obolibrary.org/obo/PCL_0116729	CS20230722_CLUS_4349	4349 PGRN-PARN-MDRN Hoxb5 Glut_3														
http://purl.obolibrary.org/obo/PCL_0116730	CS20230722_CLUS_4350	4350 PGRN-PARN-MDRN Hoxb5 Glut_3														
http://purl.obolibrary.org/obo/PCL_0116731	CS20230722_CLUS_4351	4351 PGRN-PARN-MDRN Hoxb5 Glut_3														
http://purl.obolibrary.org/obo/PCL_0116732	CS20230722_CLUS_4352	4352 PGRN-PARN-MDRN Hoxb5 Glut_3														
http://purl.obolibrary.org/obo/PCL_0116733	CS20230722_CLUS_4353	4353 PGRN-PARN-MDRN Hoxb5 Glut_3														
http://purl.obolibrary.org/obo/PCL_0116734	CS20230722_CLUS_4354	4354 PGRN-PARN-MDRN Hoxb5 Glut_3														
http://purl.obolibrary.org/obo/PCL_0116735	CS20230722_CLUS_4355	4355 PGRN-PARN-MDRN Hoxb5 Glut_3														
http://purl.obolibrary.org/obo/PCL_0116736	CS20230722_CLUS_4356	4356 PGRN-PARN-MDRN Hoxb5 Glut_3														
http://purl.obolibrary.org/obo/PCL_0116737	CS20230722_CLUS_4357	4357 PGRN-PARN-MDRN Hoxb5 Glut_3														
http://purl.obolibrary.org/obo/PCL_0116738	CS20230722_CLUS_4358	4358 PGRN-PARN-MDRN Hoxb5 Glut_3														
http://purl.obolibrary.org/obo/PCL_0116739	CS20230722_CLUS_4359	4359 PGRN-PARN-MDRN Hoxb5 Glut_4														
http://purl.obolibrary.org/obo/PCL_0116740	CS20230722_CLUS_4360	4360 PGRN-PARN-MDRN Hoxb5 Glut_4														
http://purl.obolibrary.org/obo/PCL_0116741	CS20230722_CLUS_4361	4361 PGRN-PARN-MDRN Hoxb5 Glut_4														
http://purl.obolibrary.org/obo/PCL_0116742	CS20230722_CLUS_4362	4362 PGRN-PARN-MDRN Hoxb5 Glut_4														
http://purl.obolibrary.org/obo/PCL_0116743	CS20230722_CLUS_4363	4363 PGRN-PARN-MDRN Hoxb5 Glut_4														
http://purl.obolibrary.org/obo/PCL_0116744	CS20230722_CLUS_4364	4364 PGRN-PARN-MDRN Hoxb5 Glut_4														
http://purl.obolibrary.org/obo/PCL_0116745	CS20230722_CLUS_4365	4365 PGRN-PARN-MDRN Hoxb5 Glut_4														
http://purl.obolibrary.org/obo/PCL_0116746	CS20230722_CLUS_4366	4366 PGRN-PARN-MDRN Hoxb5 Glut_4														
http://purl.obolibrary.org/obo/PCL_0116747	CS20230722_CLUS_4367	4367 PGRN-PARN-MDRN Hoxb5 Glut_4														
http://purl.obolibrary.org/obo/PCL_0116748	CS20230722_CLUS_4368	4368 PGRN-PARN-MDRN Hoxb5 Glut_4														
http://purl.obolibrary.org/obo/PCL_0116749	CS20230722_CLUS_4369	4369 PGRN-PARN-MDRN Hoxb5 Glut_4														
http://purl.obolibrary.org/obo/PCL_0116750	CS20230722_CLUS_4370	4370 PGRN-PARN-MDRN Hoxb5 Glut_4														
http://purl.obolibrary.org/obo/PCL_0116751	CS20230722_CLUS_4371	4371 PGRN-PARN-MDRN Hoxb5 Glut_5														
http://purl.obolibrary.org/obo/PCL_0116752	CS20230722_CLUS_4372	4372 PGRN-PARN-MDRN Hoxb5 Glut_5														
http://purl.obolibrary.org/obo/PCL_0116753	CS20230722_CLUS_4373	4373 PGRN-PARN-MDRN Hoxb5 Glut_5														
http://purl.obolibrary.org/obo/PCL_0116754	CS20230722_CLUS_4374	4374 PGRN-PARN-MDRN Hoxb5 Glut_5														
http://purl.obolibrary.org/obo/PCL_0116755	CS20230722_CLUS_4375	4375 PGRN-PARN-MDRN Hoxb5 Glut_5														
http://purl.obolibrary.org/obo/PCL_0116756	CS20230722_CLUS_4376	4376 PGRN-PARN-MDRN Hoxb5 Glut_5														
http://purl.obolibrary.org/obo/PCL_0116757	CS20230722_CLUS_4377	4377 PGRN-PARN-MDRN Hoxb5 Glut_5														
http://purl.obolibrary.org/obo/PCL_0116758	CS20230722_CLUS_4378	4378 PGRN-PARN-MDRN Hoxb5 Glut_5														
http://purl.obolibrary.org/obo/PCL_0116759	CS20230722_CLUS_4379	4379 PGRN-PARN-MDRN Hoxb5 Glut_5														
http://purl.obolibrary.org/obo/PCL_0116760	CS20230722_CLUS_4380	4380 PGRN-PARN-MDRN Hoxb5 Glut_5														
http://purl.obolibrary.org/obo/PCL_0116761	CS20230722_CLUS_4381	4381 PGRN-PARN-MDRN Hoxb5 Glut_5														
http://purl.obolibrary.org/obo/PCL_0116762	CS20230722_CLUS_4382	4382 PGRN-PARN-MDRN Hoxb5 Glut_5														
http://purl.obolibrary.org/obo/PCL_0116763	CS20230722_CLUS_4383	4383 PGRN-PARN-MDRN Hoxb5 Glut_5														
http://purl.obolibrary.org/obo/PCL_0116764	CS20230722_CLUS_4384	4384 PGRN-PARN-MDRN Hoxb5 Glut_5														
http://purl.obolibrary.org/obo/PCL_0116765	CS20230722_CLUS_4385	4385 PGRN-PARN-MDRN Hoxb5 Glut_6														
http://purl.obolibrary.org/obo/PCL_0116766	CS20230722_CLUS_4386	4386 PGRN-PARN-MDRN Hoxb5 Glut_6														
http://purl.obolibrary.org/obo/PCL_0116767	CS20230722_CLUS_4387	4387 PGRN-PARN-MDRN Hoxb5 Glut_6														
http://purl.obolibrary.org/obo/PCL_0116768	CS20230722_CLUS_4388	4388 PGRN-PARN-MDRN Hoxb5 Glut_6														
http://purl.obolibrary.org/obo/PCL_0116769	CS20230722_CLUS_4389	4389 PGRN-PARN-MDRN Hoxb5 Glut_6														
http://purl.obolibrary.org/obo/PCL_0116770	CS20230722_CLUS_4390	4390 PGRN-PARN-MDRN Hoxb5 Glut_6														
http://purl.obolibrary.org/obo/PCL_0116771	CS20230722_CLUS_4391	4391 PGRN-PARN-MDRN Hoxb5 Glut_6														
http://purl.obolibrary.org/obo/PCL_0116772	CS20230722_CLUS_4392	4392 PGRN-PARN-MDRN Hoxb5 Glut_6														
http://purl.obolibrary.org/obo/PCL_0116773	CS20230722_CLUS_4393	4393 PGRN-PARN-MDRN Hoxb5 Glut_6														
http://purl.obolibrary.org/obo/PCL_0116774	CS20230722_CLUS_4394	4394 PGRN-PARN-MDRN Hoxb5 Glut_6														
http://purl.obolibrary.org/obo/PCL_0116775	CS20230722_CLUS_4395	4395 PGRN-PARN-MDRN Hoxb5 Glut_6														
http://purl.obolibrary.org/obo/PCL_0116776	CS20230722_CLUS_4396	4396 PGRN-PARN-MDRN Hoxb5 Glut_6														
http://purl.obolibrary.org/obo/PCL_0116777	CS20230722_CLUS_4397	4397 PGRN-PARN-MDRN Hoxb5 Glut_7														
http://purl.obolibrary.org/obo/PCL_0116778	CS20230722_CLUS_4398	4398 PGRN-PARN-MDRN Hoxb5 Glut_7														
http://purl.obolibrary.org/obo/PCL_0116779	CS20230722_CLUS_4399	4399 PGRN-PARN-MDRN Hoxb5 Glut_7														
http://purl.obolibrary.org/obo/PCL_0116780	CS20230722_CLUS_4400	4400 PGRN-PARN-MDRN Hoxb5 Glut_7														
http://purl.obolibrary.org/obo/PCL_0116781	CS20230722_CLUS_4401	4401 PGRN-PARN-MDRN Hoxb5 Glut_7														
http://purl.obolibrary.org/obo/PCL_0116782	CS20230722_CLUS_4402	4402 PGRN-PARN-MDRN Hoxb5 Glut_7														
http://purl.obolibrary.org/obo/PCL_0116783	CS20230722_CLUS_4403	4403 PGRN-PARN-MDRN Hoxb5 Glut_7														
http://purl.obolibrary.org/obo/PCL_0116784	CS20230722_CLUS_4404	4404 PGRN-PARN-MDRN Hoxb5 Glut_7														
http://purl.obolibrary.org/obo/PCL_0116785	CS20230722_CLUS_4405	4405 PGRN-PARN-MDRN Hoxb5 Glut_7														
http://purl.obolibrary.org/obo/PCL_0116786	CS20230722_CLUS_4406	4406 MV-SPIV Slc6a2 Glut_1														
http://purl.obolibrary.org/obo/PCL_0116787	CS20230722_CLUS_4407	4407 MV-SPIV Slc6a2 Glut_1														
http://purl.obolibrary.org/obo/PCL_0116788	CS20230722_CLUS_4408	4408 MV-SPIV Slc6a2 Glut_1														
http://purl.obolibrary.org/obo/PCL_0116789	CS20230722_CLUS_4409	4409 MV-SPIV Slc6a2 Glut_1														
http://purl.obolibrary.org/obo/PCL_0116790	CS20230722_CLUS_4410	4410 MV-SPIV Slc6a2 Glut_1														
http://purl.obolibrary.org/obo/PCL_0116791	CS20230722_CLUS_4411	4411 MV-SPIV Slc6a2 Glut_1														
http://purl.obolibrary.org/obo/PCL_0116792	CS20230722_CLUS_4412	4412 SPVI-SPVC Tlx3 Ebf3 Glut_1														
http://purl.obolibrary.org/obo/PCL_0116793	CS20230722_CLUS_4413	4413 SPVI-SPVC Tlx3 Ebf3 Glut_1														
http://purl.obolibrary.org/obo/PCL_0116794	CS20230722_CLUS_4414	4414 SPVI-SPVC Tlx3 Ebf3 Glut_1														
http://purl.obolibrary.org/obo/PCL_0116795	CS20230722_CLUS_4415	4415 SPVI-SPVC Tlx3 Ebf3 Glut_1														
http://purl.obolibrary.org/obo/PCL_0116796	CS20230722_CLUS_4416	4416 SPVI-SPVC Tlx3 Ebf3 Glut_1														
http://purl.obolibrary.org/obo/PCL_0116797	CS20230722_CLUS_4417	4417 SPVI-SPVC Tlx3 Ebf3 Glut_2														
http://purl.obolibrary.org/obo/PCL_0116798	CS20230722_CLUS_4418	4418 SPVI-SPVC Tlx3 Ebf3 Glut_2														
http://purl.obolibrary.org/obo/PCL_0116799	CS20230722_CLUS_4419	4419 SPVI-SPVC Tlx3 Ebf3 Glut_2														
http://purl.obolibrary.org/obo/PCL_0116800	CS20230722_CLUS_4420	4420 SPVI-SPVC Tlx3 Ebf3 Glut_2														
http://purl.obolibrary.org/obo/PCL_0116801	CS20230722_CLUS_4421	4421 SPVI-SPVC Tlx3 Ebf3 Glut_2														
http://purl.obolibrary.org/obo/PCL_0116802	CS20230722_CLUS_4422	4422 SPVI-SPVC Tlx3 Ebf3 Glut_2														
http://purl.obolibrary.org/obo/PCL_0116803	CS20230722_CLUS_4423	4423 SPVI-SPVC Tlx3 Ebf3 Glut_2														
http://purl.obolibrary.org/obo/PCL_0116804	CS20230722_CLUS_4424	4424 SPVI-SPVC Tlx3 Ebf3 Glut_3														
http://purl.obolibrary.org/obo/PCL_0116805	CS20230722_CLUS_4425	4425 SPVI-SPVC Tlx3 Ebf3 Glut_3														
http://purl.obolibrary.org/obo/PCL_0116806	CS20230722_CLUS_4426	4426 SPVI-SPVC Tlx3 Ebf3 Glut_3														
http://purl.obolibrary.org/obo/PCL_0116807	CS20230722_CLUS_4427	4427 SPVI-SPVC Tlx3 Ebf3 Glut_3														
http://purl.obolibrary.org/obo/PCL_0116808	CS20230722_CLUS_4428	4428 SPVI-SPVC Tlx3 Ebf3 Glut_3														
http://purl.obolibrary.org/obo/PCL_0116809	CS20230722_CLUS_4429	4429 SPVI-SPVC Tlx3 Ebf3 Glut_3														
http://purl.obolibrary.org/obo/PCL_0116810	CS20230722_CLUS_4430	4430 SPVI-SPVC Tlx3 Ebf3 Glut_3														
http://purl.obolibrary.org/obo/PCL_0116811	CS20230722_CLUS_4431	4431 SPVI-SPVC Tlx3 Ebf3 Glut_4														
http://purl.obolibrary.org/obo/PCL_0116812	CS20230722_CLUS_4432	4432 SPVI-SPVC Tlx3 Ebf3 Glut_4														
http://purl.obolibrary.org/obo/PCL_0116813	CS20230722_CLUS_4433	4433 SPVI-SPVC Tlx3 Ebf3 Glut_4														
http://purl.obolibrary.org/obo/PCL_0116814	CS20230722_CLUS_4434	4434 SPVI-SPVC Tlx3 Ebf3 Glut_4														
http://purl.obolibrary.org/obo/PCL_0116815	CS20230722_CLUS_4435	4435 SPVI-SPVC Tlx3 Ebf3 Glut_4														
http://purl.obolibrary.org/obo/PCL_0116816	CS20230722_CLUS_4436	4436 SPVI-SPVC Tlx3 Ebf3 Glut_4														
http://purl.obolibrary.org/obo/PCL_0116817	CS20230722_CLUS_4437	4437 SPVI-SPVC Tlx3 Ebf3 Glut_4														
http://purl.obolibrary.org/obo/PCL_0116818	CS20230722_CLUS_4438	4438 SPVI-SPVC Tlx3 Ebf3 Glut_5														
http://purl.obolibrary.org/obo/PCL_0116819	CS20230722_CLUS_4439	4439 SPVI-SPVC Tlx3 Ebf3 Glut_5														
http://purl.obolibrary.org/obo/PCL_0116820	CS20230722_CLUS_4440	4440 SPVI-SPVC Tlx3 Ebf3 Glut_5														
http://purl.obolibrary.org/obo/PCL_0116821	CS20230722_CLUS_4441	4441 SPVI-SPVC Tlx3 Ebf3 Glut_6														
http://purl.obolibrary.org/obo/PCL_0116822	CS20230722_CLUS_4442	4442 SPVI-SPVC Tlx3 Ebf3 Glut_6														
http://purl.obolibrary.org/obo/PCL_0116823	CS20230722_CLUS_4443	4443 SPVI-SPVC Tlx3 Ebf3 Glut_6														
http://purl.obolibrary.org/obo/PCL_0116824	CS20230722_CLUS_4444	4444 SPVI-SPVC Tlx3 Ebf3 Glut_6														
http://purl.obolibrary.org/obo/PCL_0116825	CS20230722_CLUS_4445	4445 SPVI-SPVC Tlx3 Ebf3 Glut_7														
http://purl.obolibrary.org/obo/PCL_0116826	CS20230722_CLUS_4446	4446 SPVI-SPVC Tlx3 Ebf3 Glut_7														
http://purl.obolibrary.org/obo/PCL_0116827	CS20230722_CLUS_4447	4447 SPVI-SPVC Tlx3 Ebf3 Glut_7														
http://purl.obolibrary.org/obo/PCL_0116828	CS20230722_CLUS_4448	4448 CU-ECU-SPVI Foxb1 Glut_1														
http://purl.obolibrary.org/obo/PCL_0116829	CS20230722_CLUS_4449	4449 CU-ECU-SPVI Foxb1 Glut_1														
http://purl.obolibrary.org/obo/PCL_0116830	CS20230722_CLUS_4450	4450 CU-ECU-SPVI Foxb1 Glut_1														
http://purl.obolibrary.org/obo/PCL_0116831	CS20230722_CLUS_4451	4451 CU-ECU-SPVI Foxb1 Glut_1														
http://purl.obolibrary.org/obo/PCL_0116832	CS20230722_CLUS_4452	4452 CU-ECU-SPVI Foxb1 Glut_1														
http://purl.obolibrary.org/obo/PCL_0116833	CS20230722_CLUS_4453	4453 CU-ECU-SPVI Foxb1 Glut_1														
http://purl.obolibrary.org/obo/PCL_0116834	CS20230722_CLUS_4454	4454 CU-ECU-SPVI Foxb1 Glut_1														
http://purl.obolibrary.org/obo/PCL_0116835	CS20230722_CLUS_4455	4455 CU-ECU-SPVI Foxb1 Glut_1														
http://purl.obolibrary.org/obo/PCL_0116836	CS20230722_CLUS_4456	4456 CU-ECU-SPVI Foxb1 Glut_1														
http://purl.obolibrary.org/obo/PCL_0116837	CS20230722_CLUS_4457	4457 CU-ECU-SPVI Foxb1 Glut_1														
http://purl.obolibrary.org/obo/PCL_0116838	CS20230722_CLUS_4458	4458 CU-ECU-SPVI Foxb1 Glut_1														
http://purl.obolibrary.org/obo/PCL_0116839	CS20230722_CLUS_4459	4459 CU-ECU-SPVI Foxb1 Glut_1														
http://purl.obolibrary.org/obo/PCL_0116840	CS20230722_CLUS_4460	4460 CU-ECU-SPVI Foxb1 Glut_1														
http://purl.obolibrary.org/obo/PCL_0116841	CS20230722_CLUS_4461	4461 CU-ECU-SPVI Foxb1 Glut_1														
http://purl.obolibrary.org/obo/PCL_0116842	CS20230722_CLUS_4462	4462 CU-ECU-SPVI Foxb1 Glut_1														
http://purl.obolibrary.org/obo/PCL_0116843	CS20230722_CLUS_4463	4463 CU-ECU-SPVI Foxb1 Glut_1														
http://purl.obolibrary.org/obo/PCL_0116844	CS20230722_CLUS_4464	4464 CU-ECU-SPVI Foxb1 Glut_1														
http://purl.obolibrary.org/obo/PCL_0116845	CS20230722_CLUS_4465	4465 CU-ECU-SPVI Foxb1 Glut_1														
http://purl.obolibrary.org/obo/PCL_0116846	CS20230722_CLUS_4466	4466 CU-ECU-SPVI Foxb1 Glut_1														
http://purl.obolibrary.org/obo/PCL_0116847	CS20230722_CLUS_4467	4467 CU-ECU-SPVI Foxb1 Glut_1														
http://purl.obolibrary.org/obo/PCL_0116848	CS20230722_CLUS_4468	4468 CU-ECU-SPVI Foxb1 Glut_2														
http://purl.obolibrary.org/obo/PCL_0116849	CS20230722_CLUS_4469	4469 CU-ECU-SPVI Foxb1 Glut_2														
http://purl.obolibrary.org/obo/PCL_0116850	CS20230722_CLUS_4470	4470 CU-ECU-SPVI Foxb1 Glut_2														
http://purl.obolibrary.org/obo/PCL_0116851	CS20230722_CLUS_4471	4471 CU-ECU-SPVI Foxb1 Glut_2														
http://purl.obolibrary.org/obo/PCL_0116852	CS20230722_CLUS_4472	4472 CU-ECU-SPVI Foxb1 Glut_3														
http://purl.obolibrary.org/obo/PCL_0116853	CS20230722_CLUS_4473	4473 CU-ECU-SPVI Foxb1 Glut_3														
http://purl.obolibrary.org/obo/PCL_0116855	CS20230722_CLUS_4475	4475 MV-SPIV Phox2b Ebf3 Lbx1 Glut_1														
http://purl.obolibrary.org/obo/PCL_0116856	CS20230722_CLUS_4476	4476 MV-SPIV Phox2b Ebf3 Lbx1 Glut_1														
http://purl.obolibrary.org/obo/PCL_0116857	CS20230722_CLUS_4477	4477 MV-SPIV Phox2b Ebf3 Lbx1 Glut_1														
http://purl.obolibrary.org/obo/PCL_0116858	CS20230722_CLUS_4478	4478 MV-SPIV Phox2b Ebf3 Lbx1 Glut_1														
http://purl.obolibrary.org/obo/PCL_0116859	CS20230722_CLUS_4479	4479 MV-SPIV Phox2b Ebf3 Lbx1 Glut_1														
http://purl.obolibrary.org/obo/PCL_0116860	CS20230722_CLUS_4480	4480 MV-SPIV Phox2b Ebf3 Lbx1 Glut_1														
http://purl.obolibrary.org/obo/PCL_0116861	CS20230722_CLUS_4481	4481 MV-SPIV Phox2b Ebf3 Lbx1 Glut_1														
http://purl.obolibrary.org/obo/PCL_0116862	CS20230722_CLUS_4482	4482 MV-SPIV Phox2b Ebf3 Lbx1 Glut_1														
http://purl.obolibrary.org/obo/PCL_0116863	CS20230722_CLUS_4483	4483 MV-SPIV Phox2b Ebf3 Lbx1 Glut_1														
http://purl.obolibrary.org/obo/PCL_0116864	CS20230722_CLUS_4484	4484 MV-SPIV Phox2b Ebf3 Lbx1 Glut_1														
http://purl.obolibrary.org/obo/PCL_0116865	CS20230722_CLUS_4485	4485 MV-SPIV Phox2b Ebf3 Lbx1 Glut_1														
http://purl.obolibrary.org/obo/PCL_0116870	CS20230722_CLUS_4490	4490 MV-SPIV Zic4 Neurod2 Glut_1														
http://purl.obolibrary.org/obo/PCL_0116871	CS20230722_CLUS_4491	4491 MV-SPIV Zic4 Neurod2 Glut_1														
http://purl.obolibrary.org/obo/PCL_0116872	CS20230722_CLUS_4492	4492 MV-SPIV Zic4 Neurod2 Glut_1														
http://purl.obolibrary.org/obo/PCL_0116873	CS20230722_CLUS_4493	4493 MV-SPIV Zic4 Neurod2 Glut_1														
http://purl.obolibrary.org/obo/PCL_0116874	CS20230722_CLUS_4494	4494 MV-SPIV Zic4 Neurod2 Glut_1														
http://purl.obolibrary.org/obo/PCL_0116875	CS20230722_CLUS_4495	4495 MV-SPIV Zic4 Neurod2 Glut_1														
http://purl.obolibrary.org/obo/PCL_0116876	CS20230722_CLUS_4496	4496 MV-SPIV Zic4 Neurod2 Glut_1														
http://purl.obolibrary.org/obo/PCL_0116877	CS20230722_CLUS_4497	4497 MV-SPIV Zic4 Neurod2 Glut_1														
http://purl.obolibrary.org/obo/PCL_0116878	CS20230722_CLUS_4498	4498 MV-SPIV Zic4 Neurod2 Glut_1														
http://purl.obolibrary.org/obo/PCL_0116879	CS20230722_CLUS_4499	4499 MV-SPIV Zic4 Neurod2 Glut_2														
http://purl.obolibrary.org/obo/PCL_0116880	CS20230722_CLUS_4500	4500 MV-SPIV Zic4 Neurod2 Glut_2														
http://purl.obolibrary.org/obo/PCL_0116881	CS20230722_CLUS_4501	4501 MV-SPIV Zic4 Neurod2 Glut_2														
http://purl.obolibrary.org/obo/PCL_0116882	CS20230722_CLUS_4502	4502 MV-SPIV Zic4 Neurod2 Glut_2														
http://purl.obolibrary.org/obo/PCL_0116883	CS20230722_CLUS_4503	4503 MV-SPIV Zic4 Neurod2 Glut_2														
http://purl.obolibrary.org/obo/PCL_0116884	CS20230722_CLUS_4504	4504 MV-SPIV Zic4 Neurod2 Glut_2														
http://purl.obolibrary.org/obo/PCL_0116885	CS20230722_CLUS_4505	4505 MV-SPIV Zic4 Neurod2 Glut_3														
http://purl.obolibrary.org/obo/PCL_0116886	CS20230722_CLUS_4506	4506 MV-SPIV Zic4 Neurod2 Glut_3														
http://purl.obolibrary.org/obo/PCL_0116887	CS20230722_CLUS_4507	4507 MV-SPIV Zic4 Neurod2 Glut_3														
http://purl.obolibrary.org/obo/PCL_0116888	CS20230722_CLUS_4508	4508 MV-SPIV Zic4 Neurod2 Glut_3														
http://purl.obolibrary.org/obo/PCL_0116889	CS20230722_CLUS_4509	4509 MV-SPIV Zic4 Neurod2 Glut_3														
http://purl.obolibrary.org/obo/PCL_0116890	CS20230722_CLUS_4510	4510 MV-SPIV Zic4 Neurod2 Glut_3														
http://purl.obolibrary.org/obo/PCL_0116891	CS20230722_CLUS_4511	4511 MV-SPIV Zic4 Neurod2 Glut_4														
http://purl.obolibrary.org/obo/PCL_0116892	CS20230722_CLUS_4512	4512 MV-SPIV Zic4 Neurod2 Glut_4														
http://purl.obolibrary.org/obo/PCL_0116893	CS20230722_CLUS_4513	4513 MV-SPIV Zic4 Neurod2 Glut_4														
http://purl.obolibrary.org/obo/PCL_0116894	CS20230722_CLUS_4514	4514 MV-SPIV Zic4 Neurod2 Glut_4														
http://purl.obolibrary.org/obo/PCL_0116895	CS20230722_CLUS_4515	4515 MV-SPIV Zic4 Neurod2 Glut_5														
http://purl.obolibrary.org/obo/PCL_0116896	CS20230722_CLUS_4516	4516 MV-SPIV Zic4 Neurod2 Glut_5														
http://purl.obolibrary.org/obo/PCL_0116897	CS20230722_CLUS_4517	4517 NTS Aldh1a2 Glut_1														
http://purl.obolibrary.org/obo/PCL_0116898	CS20230722_CLUS_4518	4518 NTS Aldh1a2 Glut_1														
http://purl.obolibrary.org/obo/PCL_0116899	CS20230722_CLUS_4519	4519 NTS Aldh1a2 Glut_1														
http://purl.obolibrary.org/obo/PCL_0116900	CS20230722_CLUS_4520	4520 NTS Aldh1a2 Glut_1														
http://purl.obolibrary.org/obo/PCL_0116901	CS20230722_CLUS_4521	4521 CBN Neurod2 Pvalb Glut_1														
http://purl.obolibrary.org/obo/PCL_0116902	CS20230722_CLUS_4522	4522 CBN Neurod2 Pvalb Glut_1														
http://purl.obolibrary.org/obo/PCL_0116903	CS20230722_CLUS_4523	4523 CBN Neurod2 Pvalb Glut_1														
http://purl.obolibrary.org/obo/PCL_0116904	CS20230722_CLUS_4524	4524 CBN Neurod2 Pvalb Glut_1														
http://purl.obolibrary.org/obo/PCL_0116905	CS20230722_CLUS_4525	4525 NTS Dbh Glut_1														
http://purl.obolibrary.org/obo/PCL_0116906	CS20230722_CLUS_4526	4526 NTS Dbh Glut_1														
http://purl.obolibrary.org/obo/PCL_0116907	CS20230722_CLUS_4527	4527 NTS Dbh Glut_1														
http://purl.obolibrary.org/obo/PCL_0116908	CS20230722_CLUS_4528	4528 NTS Dbh Glut_1														
http://purl.obolibrary.org/obo/PCL_0116909	CS20230722_CLUS_4529	4529 NTS Dbh Glut_1														
http://purl.obolibrary.org/obo/PCL_0116910	CS20230722_CLUS_4530	4530 NTS Dbh Glut_1														
http://purl.obolibrary.org/obo/PCL_0116911	CS20230722_CLUS_4531	4531 NTS Dbh Glut_1														
http://purl.obolibrary.org/obo/PCL_0116912	CS20230722_CLUS_4532	4532 NTS Dbh Glut_1														
http://purl.obolibrary.org/obo/PCL_0116913	CS20230722_CLUS_4533	4533 NTS Dbh Glut_2														
http://purl.obolibrary.org/obo/PCL_0116914	CS20230722_CLUS_4534	4534 NTS Dbh Glut_2														
http://purl.obolibrary.org/obo/PCL_0116915	CS20230722_CLUS_4535	4535 NTS Dbh Glut_2														
http://purl.obolibrary.org/obo/PCL_0116916	CS20230722_CLUS_4536	4536 NTS Dbh Glut_2														
http://purl.obolibrary.org/obo/PCL_0116917	CS20230722_CLUS_4537	4537 NTS Dbh Glut_2														
http://purl.obolibrary.org/obo/PCL_0116918	CS20230722_CLUS_4538	4538 NTS Dbh Glut_2														
http://purl.obolibrary.org/obo/PCL_0116919	CS20230722_CLUS_4539	4539 NTS Dbh Glut_2														
http://purl.obolibrary.org/obo/PCL_0116920	CS20230722_CLUS_4540	4540 NTS Dbh Glut_2														
http://purl.obolibrary.org/obo/PCL_0116921	CS20230722_CLUS_4541	4541 NTS Dbh Glut_2														
http://purl.obolibrary.org/obo/PCL_0116922	CS20230722_CLUS_4542	4542 NTS Dbh Glut_3														
http://purl.obolibrary.org/obo/PCL_0116923	CS20230722_CLUS_4543	4543 NTS Dbh Glut_3														
http://purl.obolibrary.org/obo/PCL_0116924	CS20230722_CLUS_4544	4544 NTS Dbh Glut_3														
http://purl.obolibrary.org/obo/PCL_0116925	CS20230722_CLUS_4545	4545 NTS Dbh Glut_3														
http://purl.obolibrary.org/obo/PCL_0116926	CS20230722_CLUS_4546	4546 NTS Dbh Glut_3														
http://purl.obolibrary.org/obo/PCL_0116927	CS20230722_CLUS_4547	4547 NTS Dbh Glut_4														
http://purl.obolibrary.org/obo/PCL_0116928	CS20230722_CLUS_4548	4548 NTS Dbh Glut_4														
http://purl.obolibrary.org/obo/PCL_0116931	CS20230722_CLUS_4551	4551 DMX VII Tbx20 Chol_1														
http://purl.obolibrary.org/obo/PCL_0116932	CS20230722_CLUS_4552	4552 DMX VII Tbx20 Chol_1														
http://purl.obolibrary.org/obo/PCL_0116933	CS20230722_CLUS_4553	4553 DMX VII Tbx20 Chol_1														
http://purl.obolibrary.org/obo/PCL_0116934	CS20230722_CLUS_4554	4554 DMX VII Tbx20 Chol_1														
http://purl.obolibrary.org/obo/PCL_0116935	CS20230722_CLUS_4555	4555 DMX VII Tbx20 Chol_1														
http://purl.obolibrary.org/obo/PCL_0116938	CS20230722_CLUS_4558	4558 VCO Mafa Meis2 Glut_1														
http://purl.obolibrary.org/obo/PCL_0116939	CS20230722_CLUS_4559	4559 VCO Mafa Meis2 Glut_1														
http://purl.obolibrary.org/obo/PCL_0116940	CS20230722_CLUS_4560	4560 VCO Mafa Meis2 Glut_1														
http://purl.obolibrary.org/obo/PCL_0116942	CS20230722_CLUS_4562	4562 VCO Mafa Meis2 Glut_3														
http://purl.obolibrary.org/obo/PCL_0116943	CS20230722_CLUS_4563	4563 VCO Mafa Meis2 Glut_3														
http://purl.obolibrary.org/obo/PCL_0116944	CS20230722_CLUS_4564	4564 VCO Mafa Meis2 Glut_3														
http://purl.obolibrary.org/obo/PCL_0116945	CS20230722_CLUS_4565	4565 VCO Mafa Meis2 Glut_3														
http://purl.obolibrary.org/obo/PCL_0116947	CS20230722_CLUS_4567	4567 SPVO Mafa Meis2 Glut_1														
http://purl.obolibrary.org/obo/PCL_0116948	CS20230722_CLUS_4568	4568 SPVO Mafa Meis2 Glut_1														
http://purl.obolibrary.org/obo/PCL_0116949	CS20230722_CLUS_4569	4569 SPVC Mafa Glut_1														
http://purl.obolibrary.org/obo/PCL_0116950	CS20230722_CLUS_4570	4570 SPVC Mafa Glut_1														
http://purl.obolibrary.org/obo/PCL_0116951	CS20230722_CLUS_4571	4571 SPVC Mafa Glut_1														
http://purl.obolibrary.org/obo/PCL_0116952	CS20230722_CLUS_4572	4572 SPVC Mafa Glut_1														
http://purl.obolibrary.org/obo/PCL_0116953	CS20230722_CLUS_4573	4573 SPVC Mafa Glut_1														
http://purl.obolibrary.org/obo/PCL_0116954	CS20230722_CLUS_4574	4574 SPVC Mafa Glut_2														
http://purl.obolibrary.org/obo/PCL_0116955	CS20230722_CLUS_4575	4575 SPVC Mafa Glut_2														
http://purl.obolibrary.org/obo/PCL_0116956	CS20230722_CLUS_4576	4576 SPVC Mafa Glut_2														
http://purl.obolibrary.org/obo/PCL_0116957	CS20230722_CLUS_4577	4577 SPVC Mafa Glut_2														
http://purl.obolibrary.org/obo/PCL_0116958	CS20230722_CLUS_4578	4578 SPVC Ccdc172 Glut_1														
http://purl.obolibrary.org/obo/PCL_0116959	CS20230722_CLUS_4579	4579 SPVC Ccdc172 Glut_1														
http://purl.obolibrary.org/obo/PCL_0116960	CS20230722_CLUS_4580	4580 SPVC Ccdc172 Glut_1														
http://purl.obolibrary.org/obo/PCL_0116961	CS20230722_CLUS_4581	4581 SPVC Ccdc172 Glut_1														
http://purl.obolibrary.org/obo/PCL_0116962	CS20230722_CLUS_4582	4582 SPVC Ccdc172 Glut_1														
http://purl.obolibrary.org/obo/PCL_0116963	CS20230722_CLUS_4583	4583 SPVC Ccdc172 Glut_1														
http://purl.obolibrary.org/obo/PCL_0116964	CS20230722_CLUS_4584	4584 SPVC Ccdc172 Glut_1														
http://purl.obolibrary.org/obo/PCL_0116965	CS20230722_CLUS_4585	4585 SPVC Ccdc172 Glut_1														
http://purl.obolibrary.org/obo/PCL_0116966	CS20230722_CLUS_4586	4586 SPVC Ccdc172 Glut_1														
http://purl.obolibrary.org/obo/PCL_0116967	CS20230722_CLUS_4587	4587 SPVC Nmu Glut_1														
http://purl.obolibrary.org/obo/PCL_0116968	CS20230722_CLUS_4588	4588 SPVC Nmu Glut_1														
http://purl.obolibrary.org/obo/PCL_0116969	CS20230722_CLUS_4589	4589 SPVC Nmu Glut_1														
http://purl.obolibrary.org/obo/PCL_0116970	CS20230722_CLUS_4590	4590 SPVC Nmu Glut_1														
http://purl.obolibrary.org/obo/PCL_0116971	CS20230722_CLUS_4591	4591 SPVC Nmu Glut_1														
http://purl.obolibrary.org/obo/PCL_0116972	CS20230722_CLUS_4592	4592 SPVC Nmu Glut_2														
http://purl.obolibrary.org/obo/PCL_0116973	CS20230722_CLUS_4593	4593 SPVC Nmu Glut_2														
http://purl.obolibrary.org/obo/PCL_0116974	CS20230722_CLUS_4594	4594 MDRNd Bves Glut_1														
http://purl.obolibrary.org/obo/PCL_0116975	CS20230722_CLUS_4595	4595 MDRNd Bves Glut_1														
http://purl.obolibrary.org/obo/PCL_0116976	CS20230722_CLUS_4596	4596 MDRNd Bves Glut_1														
http://purl.obolibrary.org/obo/PCL_0116977	CS20230722_CLUS_4597	4597 MDRNv Crp Glut_1														
http://purl.obolibrary.org/obo/PCL_0116978	CS20230722_CLUS_4598	4598 MDRNv Crp Glut_1														
http://purl.obolibrary.org/obo/PCL_0116979	CS20230722_CLUS_4599	4599 MDRNv Crp Glut_1														
http://purl.obolibrary.org/obo/PCL_0116980	CS20230722_CLUS_4600	4600 MDRNv Crp Glut_1														
http://purl.obolibrary.org/obo/PCL_0116987	CS20230722_CLUS_4607	4607 CS-RPO Meis2 Gaba_1														
http://purl.obolibrary.org/obo/PCL_0116988	CS20230722_CLUS_4608	4608 CS-RPO Meis2 Gaba_1														
http://purl.obolibrary.org/obo/PCL_0116989	CS20230722_CLUS_4609	4609 CS-RPO Meis2 Gaba_1														
http://purl.obolibrary.org/obo/PCL_0116990	CS20230722_CLUS_4610	4610 CS-RPO Meis2 Gaba_1														
http://purl.obolibrary.org/obo/PCL_0116991	CS20230722_CLUS_4611	4611 CS-RPO Meis2 Gaba_1														
http://purl.obolibrary.org/obo/PCL_0116992	CS20230722_CLUS_4612	4612 CS-RPO Meis2 Gaba_1														
http://purl.obolibrary.org/obo/PCL_0116993	CS20230722_CLUS_4613	4613 CS-RPO Meis2 Gaba_2														
http://purl.obolibrary.org/obo/PCL_0116994	CS20230722_CLUS_4614	4614 CS-RPO Meis2 Gaba_2														
http://purl.obolibrary.org/obo/PCL_0116995	CS20230722_CLUS_4615	4615 CS-RPO Meis2 Gaba_2														
http://purl.obolibrary.org/obo/PCL_0116996	CS20230722_CLUS_4616	4616 CS-RPO Meis2 Gaba_2														
http://purl.obolibrary.org/obo/PCL_0116997	CS20230722_CLUS_4617	4617 CS-RPO Meis2 Gaba_2														
http://purl.obolibrary.org/obo/PCL_0116998	CS20230722_CLUS_4618	4618 CS-RPO Meis2 Gaba_3														
http://purl.obolibrary.org/obo/PCL_0116999	CS20230722_CLUS_4619	4619 CS-RPO Meis2 Gaba_3														
http://purl.obolibrary.org/obo/PCL_0117000	CS20230722_CLUS_4620	4620 CS-RPO Meis2 Gaba_3														
http://purl.obolibrary.org/obo/PCL_0117001	CS20230722_CLUS_4621	4621 CS-RPO Meis2 Gaba_3														
http://purl.obolibrary.org/obo/PCL_0117002	CS20230722_CLUS_4622	4622 CS-RPO Meis2 Gaba_4														
http://purl.obolibrary.org/obo/PCL_0117003	CS20230722_CLUS_4623	4623 CS-RPO Meis2 Gaba_4														
http://purl.obolibrary.org/obo/PCL_0117004	CS20230722_CLUS_4624	4624 CS-RPO Meis2 Gaba_4														
http://purl.obolibrary.org/obo/PCL_0117005	CS20230722_CLUS_4625	4625 CS-RPO Meis2 Gaba_4														
http://purl.obolibrary.org/obo/PCL_0117006	CS20230722_CLUS_4626	4626 CS-RPO Meis2 Gaba_4														
http://purl.obolibrary.org/obo/PCL_0117007	CS20230722_CLUS_4627	4627 CS-RPO Meis2 Gaba_4														
http://purl.obolibrary.org/obo/PCL_0117008	CS20230722_CLUS_4628	4628 CS-RPO Meis2 Gaba_5														
http://purl.obolibrary.org/obo/PCL_0117009	CS20230722_CLUS_4629	4629 CS-RPO Meis2 Gaba_5														
http://purl.obolibrary.org/obo/PCL_0117010	CS20230722_CLUS_4630	4630 CS-RPO Meis2 Gaba_5														
http://purl.obolibrary.org/obo/PCL_0117011	CS20230722_CLUS_4631	4631 CS-RPO Meis2 Gaba_5														
http://purl.obolibrary.org/obo/PCL_0117012	CS20230722_CLUS_4632	4632 CS-RPO Meis2 Gaba_5														
http://purl.obolibrary.org/obo/PCL_0117013	CS20230722_CLUS_4633	4633 PRNc Otp Gly-Gaba_1														
http://purl.obolibrary.org/obo/PCL_0117014	CS20230722_CLUS_4634	4634 PRNc Otp Gly-Gaba_1														
http://purl.obolibrary.org/obo/PCL_0117015	CS20230722_CLUS_4635	4635 PRNc Otp Gly-Gaba_1														
http://purl.obolibrary.org/obo/PCL_0117016	CS20230722_CLUS_4636	4636 PRNc Otp Gly-Gaba_1														
http://purl.obolibrary.org/obo/PCL_0117017	CS20230722_CLUS_4637	4637 PRNc Otp Gly-Gaba_1														
http://purl.obolibrary.org/obo/PCL_0117018	CS20230722_CLUS_4638	4638 PRNc Otp Gly-Gaba_1														
http://purl.obolibrary.org/obo/PCL_0117019	CS20230722_CLUS_4639	4639 PRNc Otp Gly-Gaba_1														
http://purl.obolibrary.org/obo/PCL_0117020	CS20230722_CLUS_4640	4640 PRNc Otp Gly-Gaba_2														
http://purl.obolibrary.org/obo/PCL_0117021	CS20230722_CLUS_4641	4641 PRNc Otp Gly-Gaba_2														
http://purl.obolibrary.org/obo/PCL_0117022	CS20230722_CLUS_4642	4642 PRNc Otp Gly-Gaba_2														
http://purl.obolibrary.org/obo/PCL_0117023	CS20230722_CLUS_4643	4643 PRNc Otp Gly-Gaba_2														
http://purl.obolibrary.org/obo/PCL_0117024	CS20230722_CLUS_4644	4644 PRNc Otp Gly-Gaba_2														
http://purl.obolibrary.org/obo/PCL_0117025	CS20230722_CLUS_4645	4645 PRNc Otp Gly-Gaba_2														
http://purl.obolibrary.org/obo/PCL_0117026	CS20230722_CLUS_4646	4646 PRNc Otp Gly-Gaba_2														
http://purl.obolibrary.org/obo/PCL_0117027	CS20230722_CLUS_4647	4647 PRNc Otp Gly-Gaba_3														
http://purl.obolibrary.org/obo/PCL_0117028	CS20230722_CLUS_4648	4648 PRNc Otp Gly-Gaba_3														
http://purl.obolibrary.org/obo/PCL_0117029	CS20230722_CLUS_4649	4649 PRNc Otp Gly-Gaba_3														
http://purl.obolibrary.org/obo/PCL_0117030	CS20230722_CLUS_4650	4650 PRNc Otp Gly-Gaba_3														
http://purl.obolibrary.org/obo/PCL_0117031	CS20230722_CLUS_4651	4651 PRNc Otp Gly-Gaba_3														
http://purl.obolibrary.org/obo/PCL_0117032	CS20230722_CLUS_4652	4652 PRNc Otp Gly-Gaba_3														
http://purl.obolibrary.org/obo/PCL_0117033	CS20230722_CLUS_4653	4653 PRNc Otp Gly-Gaba_3														
http://purl.obolibrary.org/obo/PCL_0117034	CS20230722_CLUS_4654	4654 PRNc Otp Gly-Gaba_3														
http://purl.obolibrary.org/obo/PCL_0117035	CS20230722_CLUS_4655	4655 PRNc Otp Gly-Gaba_4														
http://purl.obolibrary.org/obo/PCL_0117036	CS20230722_CLUS_4656	4656 PRNc Otp Gly-Gaba_4														
http://purl.obolibrary.org/obo/PCL_0117037	CS20230722_CLUS_4657	4657 PRNc Otp Gly-Gaba_4														
http://purl.obolibrary.org/obo/PCL_0117038	CS20230722_CLUS_4658	4658 PRNc Otp Gly-Gaba_4														
http://purl.obolibrary.org/obo/PCL_0117039	CS20230722_CLUS_4659	4659 PRNc Otp Gly-Gaba_4														
http://purl.obolibrary.org/obo/PCL_0117040	CS20230722_CLUS_4660	4660 PRNc Otp Gly-Gaba_4														
http://purl.obolibrary.org/obo/PCL_0117041	CS20230722_CLUS_4661	4661 PRNc Otp Gly-Gaba_5														
http://purl.obolibrary.org/obo/PCL_0117042	CS20230722_CLUS_4662	4662 PRNc Otp Gly-Gaba_5														
http://purl.obolibrary.org/obo/PCL_0117043	CS20230722_CLUS_4663	4663 PRNc Otp Gly-Gaba_5														
http://purl.obolibrary.org/obo/PCL_0117044	CS20230722_CLUS_4664	4664 PB Sst Gly-Gaba_1														
http://purl.obolibrary.org/obo/PCL_0117045	CS20230722_CLUS_4665	4665 PB Sst Gly-Gaba_1														
http://purl.obolibrary.org/obo/PCL_0117046	CS20230722_CLUS_4666	4666 PB Sst Gly-Gaba_1														
http://purl.obolibrary.org/obo/PCL_0117047	CS20230722_CLUS_4667	4667 PB Sst Gly-Gaba_1														
http://purl.obolibrary.org/obo/PCL_0117050	CS20230722_CLUS_4670	4670 CS-PRNr-PCG Tmem163 Otp Gaba_1														
http://purl.obolibrary.org/obo/PCL_0117051	CS20230722_CLUS_4671	4671 CS-PRNr-PCG Tmem163 Otp Gaba_1														
http://purl.obolibrary.org/obo/PCL_0117052	CS20230722_CLUS_4672	4672 CS-PRNr-PCG Tmem163 Otp Gaba_1														
http://purl.obolibrary.org/obo/PCL_0117053	CS20230722_CLUS_4673	4673 CS-PRNr-PCG Tmem163 Otp Gaba_1														
http://purl.obolibrary.org/obo/PCL_0117054	CS20230722_CLUS_4674	4674 CS-PRNr-PCG Tmem163 Otp Gaba_1														
http://purl.obolibrary.org/obo/PCL_0117055	CS20230722_CLUS_4675	4675 CS-PRNr-PCG Tmem163 Otp Gaba_1														
http://purl.obolibrary.org/obo/PCL_0117056	CS20230722_CLUS_4676	4676 CS-PRNr-PCG Tmem163 Otp Gaba_1														
http://purl.obolibrary.org/obo/PCL_0117057	CS20230722_CLUS_4677	4677 CS-PRNr-PCG Tmem163 Otp Gaba_1														
http://purl.obolibrary.org/obo/PCL_0117058	CS20230722_CLUS_4678	4678 CS-PRNr-PCG Tmem163 Otp Gaba_1														
http://purl.obolibrary.org/obo/PCL_0117059	CS20230722_CLUS_4679	4679 CS-PRNr-PCG Tmem163 Otp Gaba_1														
http://purl.obolibrary.org/obo/PCL_0117060	CS20230722_CLUS_4680	4680 CS-PRNr-PCG Tmem163 Otp Gaba_1														
http://purl.obolibrary.org/obo/PCL_0117061	CS20230722_CLUS_4681	4681 CS-PRNr-PCG Tmem163 Otp Gaba_1														
http://purl.obolibrary.org/obo/PCL_0117062	CS20230722_CLUS_4682	4682 CS-PRNr-PCG Tmem163 Otp Gaba_1														
http://purl.obolibrary.org/obo/PCL_0117063	CS20230722_CLUS_4683	4683 CS-PRNr-PCG Tmem163 Otp Gaba_2														
http://purl.obolibrary.org/obo/PCL_0117064	CS20230722_CLUS_4684	4684 CS-PRNr-PCG Tmem163 Otp Gaba_2														
http://purl.obolibrary.org/obo/PCL_0117065	CS20230722_CLUS_4685	4685 CS-PRNr-PCG Tmem163 Otp Gaba_2														
http://purl.obolibrary.org/obo/PCL_0117067	CS20230722_CLUS_4687	4687 CS-PRNr-DR En1 Sox2 Gaba_1														
http://purl.obolibrary.org/obo/PCL_0117068	CS20230722_CLUS_4688	4688 CS-PRNr-DR En1 Sox2 Gaba_1														
http://purl.obolibrary.org/obo/PCL_0117069	CS20230722_CLUS_4689	4689 CS-PRNr-DR En1 Sox2 Gaba_1														
http://purl.obolibrary.org/obo/PCL_0117070	CS20230722_CLUS_4690	4690 CS-PRNr-DR En1 Sox2 Gaba_1														
http://purl.obolibrary.org/obo/PCL_0117071	CS20230722_CLUS_4691	4691 CS-PRNr-DR En1 Sox2 Gaba_1														
http://purl.obolibrary.org/obo/PCL_0117072	CS20230722_CLUS_4692	4692 CS-PRNr-DR En1 Sox2 Gaba_1														
http://purl.obolibrary.org/obo/PCL_0117073	CS20230722_CLUS_4693	4693 CS-PRNr-DR En1 Sox2 Gaba_1														
http://purl.obolibrary.org/obo/PCL_0117074	CS20230722_CLUS_4694	4694 CS-PRNr-DR En1 Sox2 Gaba_2														
http://purl.obolibrary.org/obo/PCL_0117075	CS20230722_CLUS_4695	4695 CS-PRNr-DR En1 Sox2 Gaba_2														
http://purl.obolibrary.org/obo/PCL_0117076	CS20230722_CLUS_4696	4696 CS-PRNr-DR En1 Sox2 Gaba_2														
http://purl.obolibrary.org/obo/PCL_0117077	CS20230722_CLUS_4697	4697 CS-PRNr-DR En1 Sox2 Gaba_2														
http://purl.obolibrary.org/obo/PCL_0117078	CS20230722_CLUS_4698	4698 CS-PRNr-DR En1 Sox2 Gaba_2														
http://purl.obolibrary.org/obo/PCL_0117079	CS20230722_CLUS_4699	4699 CS-PRNr-DR En1 Sox2 Gaba_2														
http://purl.obolibrary.org/obo/PCL_0117080	CS20230722_CLUS_4700	4700 CS-PRNr-DR En1 Sox2 Gaba_2														
http://purl.obolibrary.org/obo/PCL_0117081	CS20230722_CLUS_4701	4701 CS-PRNr-DR En1 Sox2 Gaba_2														
http://purl.obolibrary.org/obo/PCL_0117082	CS20230722_CLUS_4702	4702 CS-PRNr-DR En1 Sox2 Gaba_2														
http://purl.obolibrary.org/obo/PCL_0117083	CS20230722_CLUS_4703	4703 CS-PRNr-DR En1 Sox2 Gaba_2														
http://purl.obolibrary.org/obo/PCL_0117084	CS20230722_CLUS_4704	4704 CS-PRNr-DR En1 Sox2 Gaba_2														
http://purl.obolibrary.org/obo/PCL_0117085	CS20230722_CLUS_4705	4705 LDT Fgf7 Gaba_1														
http://purl.obolibrary.org/obo/PCL_0117086	CS20230722_CLUS_4706	4706 LDT Fgf7 Gaba_1														
http://purl.obolibrary.org/obo/PCL_0117087	CS20230722_CLUS_4707	4707 LDT Fgf7 Gaba_1														
http://purl.obolibrary.org/obo/PCL_0117088	CS20230722_CLUS_4708	4708 LDT-DTN Gata3 Nfix Gaba_1														
http://purl.obolibrary.org/obo/PCL_0117089	CS20230722_CLUS_4709	4709 LDT-DTN Gata3 Nfix Gaba_1														
http://purl.obolibrary.org/obo/PCL_0117090	CS20230722_CLUS_4710	4710 LDT-DTN Gata3 Nfix Gaba_1														
http://purl.obolibrary.org/obo/PCL_0117091	CS20230722_CLUS_4711	4711 LDT-DTN Gata3 Nfix Gaba_1														
http://purl.obolibrary.org/obo/PCL_0117092	CS20230722_CLUS_4712	4712 LDT-DTN Gata3 Nfix Gaba_2														
http://purl.obolibrary.org/obo/PCL_0117093	CS20230722_CLUS_4713	4713 LDT-DTN Gata3 Nfix Gaba_2														
http://purl.obolibrary.org/obo/PCL_0117094	CS20230722_CLUS_4714	4714 LDT-DTN Gata3 Nfix Gaba_2														
http://purl.obolibrary.org/obo/PCL_0117095	CS20230722_CLUS_4715	4715 LDT-DTN Gata3 Nfix Gaba_2														
http://purl.obolibrary.org/obo/PCL_0117096	CS20230722_CLUS_4716	4716 LDT-DTN Gata3 Nfix Gaba_2														
http://purl.obolibrary.org/obo/PCL_0117097	CS20230722_CLUS_4717	4717 NI-RPO Gata3 Nr4a2 Gaba_1														
http://purl.obolibrary.org/obo/PCL_0117098	CS20230722_CLUS_4718	4718 NI-RPO Gata3 Nr4a2 Gaba_1														
http://purl.obolibrary.org/obo/PCL_0117099	CS20230722_CLUS_4719	4719 NI-RPO Gata3 Nr4a2 Gaba_1														
http://purl.obolibrary.org/obo/PCL_0117100	CS20230722_CLUS_4720	4720 NI-RPO Gata3 Nr4a2 Gaba_1														
http://purl.obolibrary.org/obo/PCL_0117101	CS20230722_CLUS_4721	4721 NI-RPO Gata3 Nr4a2 Gaba_1														
http://purl.obolibrary.org/obo/PCL_0117102	CS20230722_CLUS_4722	4722 NI-RPO Gata3 Nr4a2 Gaba_2														
http://purl.obolibrary.org/obo/PCL_0117103	CS20230722_CLUS_4723	4723 NI-RPO Gata3 Nr4a2 Gaba_2														
http://purl.obolibrary.org/obo/PCL_0117104	CS20230722_CLUS_4724	4724 NI-RPO Gata3 Nr4a2 Gaba_2														
http://purl.obolibrary.org/obo/PCL_0117105	CS20230722_CLUS_4725	4725 NI-RPO Gata3 Nr4a2 Gaba_2														
http://purl.obolibrary.org/obo/PCL_0117106	CS20230722_CLUS_4726	4726 NI-RPO Gata3 Nr4a2 Gaba_2														
http://purl.obolibrary.org/obo/PCL_0117107	CS20230722_CLUS_4727	4727 NI-RPO Gata3 Nr4a2 Gaba_2														
http://purl.obolibrary.org/obo/PCL_0117108	CS20230722_CLUS_4728	4728 NI-RPO Gata3 Nr4a2 Gaba_2														
http://purl.obolibrary.org/obo/PCL_0117110	CS20230722_CLUS_4730	4730 NI-RPO Gata3 Nr4a2 Gaba_4														
http://purl.obolibrary.org/obo/PCL_0117111	CS20230722_CLUS_4731	4731 NI-RPO Gata3 Nr4a2 Gaba_4														
http://purl.obolibrary.org/obo/PCL_0117112	CS20230722_CLUS_4732	4732 NI-RPO Gata3 Nr4a2 Gaba_4														
http://purl.obolibrary.org/obo/PCL_0117113	CS20230722_CLUS_4733	4733 NI-RPO Gata3 Nr4a2 Gaba_4														
http://purl.obolibrary.org/obo/PCL_0117114	CS20230722_CLUS_4734	4734 LDT-PCG-CS Gata3 Lhx1 Gaba_1														
http://purl.obolibrary.org/obo/PCL_0117115	CS20230722_CLUS_4735	4735 LDT-PCG-CS Gata3 Lhx1 Gaba_1														
http://purl.obolibrary.org/obo/PCL_0117116	CS20230722_CLUS_4736	4736 LDT-PCG-CS Gata3 Lhx1 Gaba_1														
http://purl.obolibrary.org/obo/PCL_0117117	CS20230722_CLUS_4737	4737 LDT-PCG-CS Gata3 Lhx1 Gaba_1														
http://purl.obolibrary.org/obo/PCL_0117118	CS20230722_CLUS_4738	4738 LDT-PCG-CS Gata3 Lhx1 Gaba_1														
http://purl.obolibrary.org/obo/PCL_0117119	CS20230722_CLUS_4739	4739 LDT-PCG-CS Gata3 Lhx1 Gaba_2														
http://purl.obolibrary.org/obo/PCL_0117120	CS20230722_CLUS_4740	4740 LDT-PCG-CS Gata3 Lhx1 Gaba_2														
http://purl.obolibrary.org/obo/PCL_0117121	CS20230722_CLUS_4741	4741 LDT-PCG-CS Gata3 Lhx1 Gaba_2														
http://purl.obolibrary.org/obo/PCL_0117122	CS20230722_CLUS_4742	4742 LDT-PCG-CS Gata3 Lhx1 Gaba_2														
http://purl.obolibrary.org/obo/PCL_0117123	CS20230722_CLUS_4743	4743 LDT-PCG-CS Gata3 Lhx1 Gaba_3														
http://purl.obolibrary.org/obo/PCL_0117124	CS20230722_CLUS_4744	4744 LDT-PCG-CS Gata3 Lhx1 Gaba_3														
http://purl.obolibrary.org/obo/PCL_0117126	CS20230722_CLUS_4746	4746 LDT-PCG-CS Gata3 Lhx1 Gaba_5														
http://purl.obolibrary.org/obo/PCL_0117127	CS20230722_CLUS_4747	4747 LDT-PCG-CS Gata3 Lhx1 Gaba_5														
http://purl.obolibrary.org/obo/PCL_0117128	CS20230722_CLUS_4748	4748 LDT-PCG-CS Gata3 Lhx1 Gaba_5														
http://purl.obolibrary.org/obo/PCL_0117129	CS20230722_CLUS_4749	4749 PDTg-PCG Pax6 Gaba_1														
http://purl.obolibrary.org/obo/PCL_0117130	CS20230722_CLUS_4750	4750 PDTg-PCG Pax6 Gaba_1														
http://purl.obolibrary.org/obo/PCL_0117131	CS20230722_CLUS_4751	4751 PDTg-PCG Pax6 Gaba_1														
http://purl.obolibrary.org/obo/PCL_0117132	CS20230722_CLUS_4752	4752 PDTg-PCG Pax6 Gaba_1														
http://purl.obolibrary.org/obo/PCL_0117134	CS20230722_CLUS_4754	4754 PDTg-PCG Pax6 Gaba_3														
http://purl.obolibrary.org/obo/PCL_0117135	CS20230722_CLUS_4755	4755 PDTg-PCG Pax6 Gaba_3														
http://purl.obolibrary.org/obo/PCL_0117136	CS20230722_CLUS_4756	4756 PDTg-PCG Pax6 Gaba_4														
http://purl.obolibrary.org/obo/PCL_0117137	CS20230722_CLUS_4757	4757 PDTg-PCG Pax6 Gaba_4														
http://purl.obolibrary.org/obo/PCL_0117138	CS20230722_CLUS_4758	4758 PDTg Otp Shroom3 Gaba_1														
http://purl.obolibrary.org/obo/PCL_0117139	CS20230722_CLUS_4759	4759 PDTg Otp Shroom3 Gaba_1														
http://purl.obolibrary.org/obo/PCL_0117140	CS20230722_CLUS_4760	4760 PDTg Otp Olig3 Gaba_1														
http://purl.obolibrary.org/obo/PCL_0117141	CS20230722_CLUS_4761	4761 PDTg Otp Olig3 Gaba_1														
http://purl.obolibrary.org/obo/PCL_0117142	CS20230722_CLUS_4762	4762 PDTg Otp Olig3 Gaba_1														
http://purl.obolibrary.org/obo/PCL_0117143	CS20230722_CLUS_4763	4763 LDT-PCG St18 Gaba_1														
http://purl.obolibrary.org/obo/PCL_0117144	CS20230722_CLUS_4764	4764 LDT-PCG St18 Gaba_1														
http://purl.obolibrary.org/obo/PCL_0117145	CS20230722_CLUS_4765	4765 LDT-PCG St18 Gaba_1														
http://purl.obolibrary.org/obo/PCL_0117146	CS20230722_CLUS_4766	4766 LDT-PCG St18 Gaba_1														
http://purl.obolibrary.org/obo/PCL_0117147	CS20230722_CLUS_4767	4767 LDT-PCG St18 Gaba_1														
http://purl.obolibrary.org/obo/PCL_0117148	CS20230722_CLUS_4768	4768 LDT-PCG St18 Gaba_1														
http://purl.obolibrary.org/obo/PCL_0117149	CS20230722_CLUS_4769	4769 LDT-PCG St18 Gaba_1														
http://purl.obolibrary.org/obo/PCL_0117150	CS20230722_CLUS_4770	4770 LDT-PCG St18 Gaba_1														
http://purl.obolibrary.org/obo/PCL_0117151	CS20230722_CLUS_4771	4771 LDT-PCG St18 Gaba_1														
http://purl.obolibrary.org/obo/PCL_0117152	CS20230722_CLUS_4772	4772 LDT-PCG St18 Gaba_2														
http://purl.obolibrary.org/obo/PCL_0117153	CS20230722_CLUS_4773	4773 LDT-PCG St18 Gaba_2														
http://purl.obolibrary.org/obo/PCL_0117154	CS20230722_CLUS_4774	4774 LDT-PCG St18 Gaba_2														
http://purl.obolibrary.org/obo/PCL_0117155	CS20230722_CLUS_4775	4775 DTN-LDT-IPN Otp Pax3 Gaba_1														
http://purl.obolibrary.org/obo/PCL_0117156	CS20230722_CLUS_4776	4776 DTN-LDT-IPN Otp Pax3 Gaba_1														
http://purl.obolibrary.org/obo/PCL_0117157	CS20230722_CLUS_4777	4777 DTN-LDT-IPN Otp Pax3 Gaba_1														
http://purl.obolibrary.org/obo/PCL_0117158	CS20230722_CLUS_4778	4778 DTN-LDT-IPN Otp Pax3 Gaba_1														
http://purl.obolibrary.org/obo/PCL_0117159	CS20230722_CLUS_4779	4779 DTN-LDT-IPN Otp Pax3 Gaba_2														
http://purl.obolibrary.org/obo/PCL_0117160	CS20230722_CLUS_4780	4780 DTN-LDT-IPN Otp Pax3 Gaba_2														
http://purl.obolibrary.org/obo/PCL_0117161	CS20230722_CLUS_4781	4781 DTN-LDT-IPN Otp Pax3 Gaba_2														
http://purl.obolibrary.org/obo/PCL_0117162	CS20230722_CLUS_4782	4782 DTN-LDT-IPN Otp Pax3 Gaba_2														
http://purl.obolibrary.org/obo/PCL_0117163	CS20230722_CLUS_4783	4783 DTN-LDT-IPN Otp Pax3 Gaba_2														
http://purl.obolibrary.org/obo/PCL_0117164	CS20230722_CLUS_4784	4784 DTN-LDT-IPN Otp Pax3 Gaba_3														
http://purl.obolibrary.org/obo/PCL_0117165	CS20230722_CLUS_4785	4785 DTN-LDT-IPN Otp Pax3 Gaba_3														
http://purl.obolibrary.org/obo/PCL_0117166	CS20230722_CLUS_4786	4786 DTN-LDT-IPN Otp Pax3 Gaba_3														
http://purl.obolibrary.org/obo/PCL_0117167	CS20230722_CLUS_4787	4787 DTN-LDT-IPN Otp Pax3 Gaba_3														
http://purl.obolibrary.org/obo/PCL_0117168	CS20230722_CLUS_4788	4788 DTN-LDT-IPN Otp Pax3 Gaba_3														
http://purl.obolibrary.org/obo/PCL_0117169	CS20230722_CLUS_4789	4789 DTN-LDT-IPN Otp Pax3 Gaba_3														
http://purl.obolibrary.org/obo/PCL_0117170	CS20230722_CLUS_4790	4790 DTN-LDT-IPN Otp Pax3 Gaba_4														
http://purl.obolibrary.org/obo/PCL_0117171	CS20230722_CLUS_4791	4791 DTN-LDT-IPN Otp Pax3 Gaba_4														
http://purl.obolibrary.org/obo/PCL_0117172	CS20230722_CLUS_4792	4792 DTN-LDT-IPN Otp Pax3 Gaba_4														
http://purl.obolibrary.org/obo/PCL_0117173	CS20230722_CLUS_4793	4793 DTN-LDT-IPN Otp Pax3 Gaba_4														
http://purl.obolibrary.org/obo/PCL_0117174	CS20230722_CLUS_4794	4794 DTN-LDT-IPN Otp Pax3 Gaba_4														
http://purl.obolibrary.org/obo/PCL_0117175	CS20230722_CLUS_4795	4795 DTN-LDT-IPN Otp Pax3 Gaba_5														
http://purl.obolibrary.org/obo/PCL_0117176	CS20230722_CLUS_4796	4796 DTN-LDT-IPN Otp Pax3 Gaba_5														
http://purl.obolibrary.org/obo/PCL_0117177	CS20230722_CLUS_4797	4797 DTN-LDT-IPN Otp Pax3 Gaba_5														
http://purl.obolibrary.org/obo/PCL_0117178	CS20230722_CLUS_4798	4798 DTN-LDT-IPN Otp Pax3 Gaba_5														
http://purl.obolibrary.org/obo/PCL_0117179	CS20230722_CLUS_4799	4799 DTN-LDT-IPN Otp Pax3 Gaba_5														
http://purl.obolibrary.org/obo/PCL_0117180	CS20230722_CLUS_4800	4800 NLL Gata3 Gly-Gaba_1														
http://purl.obolibrary.org/obo/PCL_0117181	CS20230722_CLUS_4801	4801 NLL Gata3 Gly-Gaba_1														
http://purl.obolibrary.org/obo/PCL_0117182	CS20230722_CLUS_4802	4802 NLL Gata3 Gly-Gaba_1														
http://purl.obolibrary.org/obo/PCL_0117183	CS20230722_CLUS_4803	4803 NLL Gata3 Gly-Gaba_1														
http://purl.obolibrary.org/obo/PCL_0117184	CS20230722_CLUS_4804	4804 NLL Gata3 Gly-Gaba_1														
http://purl.obolibrary.org/obo/PCL_0117193	CS20230722_CLUS_4813	4813 PRP Otp Gly-Gaba_1														
http://purl.obolibrary.org/obo/PCL_0117194	CS20230722_CLUS_4814	4814 PRP Otp Gly-Gaba_1														
http://purl.obolibrary.org/obo/PCL_0117195	CS20230722_CLUS_4815	4815 PRP Otp Gly-Gaba_1														
http://purl.obolibrary.org/obo/PCL_0117196	CS20230722_CLUS_4816	4816 PRP Otp Gly-Gaba_1														
http://purl.obolibrary.org/obo/PCL_0117197	CS20230722_CLUS_4817	4817 PRP Otp Gly-Gaba_1														
http://purl.obolibrary.org/obo/PCL_0117198	CS20230722_CLUS_4818	4818 PRP Otp Gly-Gaba_1														
http://purl.obolibrary.org/obo/PCL_0117199	CS20230722_CLUS_4819	4819 PRP Otp Gly-Gaba_1														
http://purl.obolibrary.org/obo/PCL_0117200	CS20230722_CLUS_4820	4820 PRP Otp Gly-Gaba_1														
http://purl.obolibrary.org/obo/PCL_0117201	CS20230722_CLUS_4821	4821 PRP Otp Gly-Gaba_1														
http://purl.obolibrary.org/obo/PCL_0117202	CS20230722_CLUS_4822	4822 PRP Otp Gly-Gaba_2														
http://purl.obolibrary.org/obo/PCL_0117203	CS20230722_CLUS_4823	4823 PRP Otp Gly-Gaba_2														
http://purl.obolibrary.org/obo/PCL_0117204	CS20230722_CLUS_4824	4824 PRP Otp Gly-Gaba_2														
http://purl.obolibrary.org/obo/PCL_0117205	CS20230722_CLUS_4825	4825 PRP Otp Gly-Gaba_3														
http://purl.obolibrary.org/obo/PCL_0117206	CS20230722_CLUS_4826	4826 PRP Otp Gly-Gaba_3														
http://purl.obolibrary.org/obo/PCL_0117207	CS20230722_CLUS_4827	4827 PRP Otp Gly-Gaba_3														
http://purl.obolibrary.org/obo/PCL_0117208	CS20230722_CLUS_4828	4828 PRP Otp Gly-Gaba_3														
http://purl.obolibrary.org/obo/PCL_0117209	CS20230722_CLUS_4829	4829 PRP Otp Gly-Gaba_3														
http://purl.obolibrary.org/obo/PCL_0117210	CS20230722_CLUS_4830	4830 PRP Otp Gly-Gaba_3														
http://purl.obolibrary.org/obo/PCL_0117211	CS20230722_CLUS_4831	4831 PRP Otp Gly-Gaba_3														
http://purl.obolibrary.org/obo/PCL_0117212	CS20230722_CLUS_4832	4832 PRP Otp Gly-Gaba_4														
http://purl.obolibrary.org/obo/PCL_0117213	CS20230722_CLUS_4833	4833 PRP Otp Gly-Gaba_4														
http://purl.obolibrary.org/obo/PCL_0117214	CS20230722_CLUS_4834	4834 PRP Otp Gly-Gaba_4														
http://purl.obolibrary.org/obo/PCL_0117215	CS20230722_CLUS_4835	4835 PRP Otp Gly-Gaba_4														
http://purl.obolibrary.org/obo/PCL_0117216	CS20230722_CLUS_4836	4836 PRP Otp Gly-Gaba_4														
http://purl.obolibrary.org/obo/PCL_0117217	CS20230722_CLUS_4837	4837 PRP Otp Gly-Gaba_4														
http://purl.obolibrary.org/obo/PCL_0117218	CS20230722_CLUS_4838	4838 PRP Otp Gly-Gaba_5														
http://purl.obolibrary.org/obo/PCL_0117219	CS20230722_CLUS_4839	4839 PRP Otp Gly-Gaba_5														
http://purl.obolibrary.org/obo/PCL_0117220	CS20230722_CLUS_4840	4840 PRP Otp Gly-Gaba_5														
http://purl.obolibrary.org/obo/PCL_0117221	CS20230722_CLUS_4841	4841 PRP Otp Gly-Gaba_5														
http://purl.obolibrary.org/obo/PCL_0117222	CS20230722_CLUS_4842	4842 PRP Otp Gly-Gaba_5														
http://purl.obolibrary.org/obo/PCL_0117223	CS20230722_CLUS_4843	4843 PRP Otp Gly-Gaba_5														
http://purl.obolibrary.org/obo/PCL_0117224	CS20230722_CLUS_4844	4844 GRN-IRN-MDRNd Ikzf1 Gly-Gaba_1														
http://purl.obolibrary.org/obo/PCL_0117225	CS20230722_CLUS_4845	4845 GRN-IRN-MDRNd Ikzf1 Gly-Gaba_1														
http://purl.obolibrary.org/obo/PCL_0117226	CS20230722_CLUS_4846	4846 GRN-IRN-MDRNd Ikzf1 Gly-Gaba_1														
http://purl.obolibrary.org/obo/PCL_0117227	CS20230722_CLUS_4847	4847 MY Lhx1 Gly-Gaba_1														
http://purl.obolibrary.org/obo/PCL_0117228	CS20230722_CLUS_4848	4848 MY Lhx1 Gly-Gaba_1														
http://purl.obolibrary.org/obo/PCL_0117229	CS20230722_CLUS_4849	4849 MY Lhx1 Gly-Gaba_1														
http://purl.obolibrary.org/obo/PCL_0117230	CS20230722_CLUS_4850	4850 MY Lhx1 Gly-Gaba_1														
http://purl.obolibrary.org/obo/PCL_0117231	CS20230722_CLUS_4851	4851 MY Lhx1 Gly-Gaba_1														
http://purl.obolibrary.org/obo/PCL_0117232	CS20230722_CLUS_4852	4852 MY Lhx1 Gly-Gaba_1														
http://purl.obolibrary.org/obo/PCL_0117233	CS20230722_CLUS_4853	4853 MY Lhx1 Gly-Gaba_1														
http://purl.obolibrary.org/obo/PCL_0117234	CS20230722_CLUS_4854	4854 MY Lhx1 Gly-Gaba_1														
http://purl.obolibrary.org/obo/PCL_0117235	CS20230722_CLUS_4855	4855 MY Lhx1 Gly-Gaba_1														
http://purl.obolibrary.org/obo/PCL_0117236	CS20230722_CLUS_4856	4856 MY Lhx1 Gly-Gaba_1														
http://purl.obolibrary.org/obo/PCL_0117237	CS20230722_CLUS_4857	4857 MY Lhx1 Gly-Gaba_1														
http://purl.obolibrary.org/obo/PCL_0117238	CS20230722_CLUS_4858	4858 MY Lhx1 Gly-Gaba_1														
http://purl.obolibrary.org/obo/PCL_0117239	CS20230722_CLUS_4859	4859 MY Lhx1 Gly-Gaba_1														
http://purl.obolibrary.org/obo/PCL_0117240	CS20230722_CLUS_4860	4860 MY Lhx1 Gly-Gaba_1														
http://purl.obolibrary.org/obo/PCL_0117241	CS20230722_CLUS_4861	4861 MY Lhx1 Gly-Gaba_1														
http://purl.obolibrary.org/obo/PCL_0117242	CS20230722_CLUS_4862	4862 MY Lhx1 Gly-Gaba_1														
http://purl.obolibrary.org/obo/PCL_0117243	CS20230722_CLUS_4863	4863 MY Lhx1 Gly-Gaba_1														
http://purl.obolibrary.org/obo/PCL_0117244	CS20230722_CLUS_4864	4864 MY Lhx1 Gly-Gaba_1														
http://purl.obolibrary.org/obo/PCL_0117245	CS20230722_CLUS_4865	4865 MY Lhx1 Gly-Gaba_1														
http://purl.obolibrary.org/obo/PCL_0117246	CS20230722_CLUS_4866	4866 MY Lhx1 Gly-Gaba_1														
http://purl.obolibrary.org/obo/PCL_0117247	CS20230722_CLUS_4867	4867 MY Lhx1 Gly-Gaba_1														
http://purl.obolibrary.org/obo/PCL_0117248	CS20230722_CLUS_4868	4868 PGRN-PARN-MDRN Hoxb5 Glut_7														
http://purl.obolibrary.org/obo/PCL_0117249	CS20230722_CLUS_4869	4869 MY Lhx1 Gly-Gaba_1														
http://purl.obolibrary.org/obo/PCL_0117250	CS20230722_CLUS_4870	4870 MY Lhx1 Gly-Gaba_1														
http://purl.obolibrary.org/obo/PCL_0117251	CS20230722_CLUS_4871	4871 MY Lhx1 Gly-Gaba_2														
http://purl.obolibrary.org/obo/PCL_0117252	CS20230722_CLUS_4872	4872 MY Lhx1 Gly-Gaba_2														
http://purl.obolibrary.org/obo/PCL_0117253	CS20230722_CLUS_4873	4873 MY Lhx1 Gly-Gaba_2														
http://purl.obolibrary.org/obo/PCL_0117254	CS20230722_CLUS_4874	4874 MY Lhx1 Gly-Gaba_2														
http://purl.obolibrary.org/obo/PCL_0117255	CS20230722_CLUS_4875	4875 MY Lhx1 Gly-Gaba_2														
http://purl.obolibrary.org/obo/PCL_0117256	CS20230722_CLUS_4876	4876 MY Lhx1 Gly-Gaba_2														
http://purl.obolibrary.org/obo/PCL_0117257	CS20230722_CLUS_4877	4877 MY Lhx1 Gly-Gaba_2														
http://purl.obolibrary.org/obo/PCL_0117258	CS20230722_CLUS_4878	4878 MY Lhx1 Gly-Gaba_2														
http://purl.obolibrary.org/obo/PCL_0117259	CS20230722_CLUS_4879	4879 MY Lhx1 Gly-Gaba_2														
http://purl.obolibrary.org/obo/PCL_0117260	CS20230722_CLUS_4880	4880 MY Lhx1 Gly-Gaba_2														
http://purl.obolibrary.org/obo/PCL_0117261	CS20230722_CLUS_4881	4881 MY Lhx1 Gly-Gaba_2														
http://purl.obolibrary.org/obo/PCL_0117262	CS20230722_CLUS_4882	4882 MY Lhx1 Gly-Gaba_2														
http://purl.obolibrary.org/obo/PCL_0117263	CS20230722_CLUS_4883	4883 MY Lhx1 Gly-Gaba_2														
http://purl.obolibrary.org/obo/PCL_0117264	CS20230722_CLUS_4884	4884 MY Lhx1 Gly-Gaba_2														
http://purl.obolibrary.org/obo/PCL_0117265	CS20230722_CLUS_4885	4885 MY Lhx1 Gly-Gaba_2														
http://purl.obolibrary.org/obo/PCL_0117266	CS20230722_CLUS_4886	4886 MY Lhx1 Gly-Gaba_2														
http://purl.obolibrary.org/obo/PCL_0117267	CS20230722_CLUS_4887	4887 MY Lhx1 Gly-Gaba_2														
http://purl.obolibrary.org/obo/PCL_0117268	CS20230722_CLUS_4888	4888 MY Lhx1 Gly-Gaba_2														
http://purl.obolibrary.org/obo/PCL_0117269	CS20230722_CLUS_4889	4889 MY Lhx1 Gly-Gaba_2														
http://purl.obolibrary.org/obo/PCL_0117270	CS20230722_CLUS_4890	4890 MY Lhx1 Gly-Gaba_3														
http://purl.obolibrary.org/obo/PCL_0117271	CS20230722_CLUS_4891	4891 MY Lhx1 Gly-Gaba_3														
http://purl.obolibrary.org/obo/PCL_0117272	CS20230722_CLUS_4892	4892 MY Lhx1 Gly-Gaba_3														
http://purl.obolibrary.org/obo/PCL_0117273	CS20230722_CLUS_4893	4893 MY Lhx1 Gly-Gaba_3														
http://purl.obolibrary.org/obo/PCL_0117274	CS20230722_CLUS_4894	4894 MY Lhx1 Gly-Gaba_3														
http://purl.obolibrary.org/obo/PCL_0117275	CS20230722_CLUS_4895	4895 MY Lhx1 Gly-Gaba_3														
http://purl.obolibrary.org/obo/PCL_0117276	CS20230722_CLUS_4896	4896 MY Lhx1 Gly-Gaba_3														
http://purl.obolibrary.org/obo/PCL_0117277	CS20230722_CLUS_4897	4897 MY Lhx1 Gly-Gaba_3														
http://purl.obolibrary.org/obo/PCL_0117278	CS20230722_CLUS_4898	4898 MY Lhx1 Gly-Gaba_3														
http://purl.obolibrary.org/obo/PCL_0117279	CS20230722_CLUS_4899	4899 MY Lhx1 Gly-Gaba_3														
http://purl.obolibrary.org/obo/PCL_0117280	CS20230722_CLUS_4900	4900 MY Lhx1 Gly-Gaba_3														
http://purl.obolibrary.org/obo/PCL_0117281	CS20230722_CLUS_4901	4901 MY Lhx1 Gly-Gaba_3														
http://purl.obolibrary.org/obo/PCL_0117282	CS20230722_CLUS_4902	4902 MY Lhx1 Gly-Gaba_3														
http://purl.obolibrary.org/obo/PCL_0117283	CS20230722_CLUS_4903	4903 MY Lhx1 Gly-Gaba_3														
http://purl.obolibrary.org/obo/PCL_0117284	CS20230722_CLUS_4904	4904 MY Lhx1 Gly-Gaba_4														
http://purl.obolibrary.org/obo/PCL_0117285	CS20230722_CLUS_4905	4905 MY Lhx1 Gly-Gaba_4														
http://purl.obolibrary.org/obo/PCL_0117286	CS20230722_CLUS_4906	4906 MY Lhx1 Gly-Gaba_4														
http://purl.obolibrary.org/obo/PCL_0117287	CS20230722_CLUS_4907	4907 MY Lhx1 Gly-Gaba_4														
http://purl.obolibrary.org/obo/PCL_0117288	CS20230722_CLUS_4908	4908 MY Lhx1 Gly-Gaba_4														
http://purl.obolibrary.org/obo/PCL_0117289	CS20230722_CLUS_4909	4909 MY Lhx1 Gly-Gaba_4														
http://purl.obolibrary.org/obo/PCL_0117290	CS20230722_CLUS_4910	4910 MY Lhx1 Gly-Gaba_4														
http://purl.obolibrary.org/obo/PCL_0117291	CS20230722_CLUS_4911	4911 MY Lhx1 Gly-Gaba_4														
http://purl.obolibrary.org/obo/PCL_0117292	CS20230722_CLUS_4912	4912 MY Lhx1 Gly-Gaba_5														
http://purl.obolibrary.org/obo/PCL_0117293	CS20230722_CLUS_4913	4913 MY Lhx1 Gly-Gaba_5														
http://purl.obolibrary.org/obo/PCL_0117294	CS20230722_CLUS_4914	4914 MY Lhx1 Gly-Gaba_5														
http://purl.obolibrary.org/obo/PCL_0117295	CS20230722_CLUS_4915	4915 MY Lhx1 Gly-Gaba_5														
http://purl.obolibrary.org/obo/PCL_0117296	CS20230722_CLUS_4916	4916 MY Lhx1 Gly-Gaba_5														
http://purl.obolibrary.org/obo/PCL_0117297	CS20230722_CLUS_4917	4917 MY Lhx1 Gly-Gaba_5														
http://purl.obolibrary.org/obo/PCL_0117298	CS20230722_CLUS_4918	4918 MY Lhx1 Gly-Gaba_5														
http://purl.obolibrary.org/obo/PCL_0117299	CS20230722_CLUS_4919	4919 MY Lhx1 Gly-Gaba_5														
http://purl.obolibrary.org/obo/PCL_0117300	CS20230722_CLUS_4920	4920 MY Lhx1 Gly-Gaba_5														
http://purl.obolibrary.org/obo/PCL_0117301	CS20230722_CLUS_4921	4921 MY Lhx1 Gly-Gaba_6														
http://purl.obolibrary.org/obo/PCL_0117302	CS20230722_CLUS_4922	4922 MY Lhx1 Gly-Gaba_6														
http://purl.obolibrary.org/obo/PCL_0117303	CS20230722_CLUS_4923	4923 MY Lhx1 Gly-Gaba_7														
http://purl.obolibrary.org/obo/PCL_0117304	CS20230722_CLUS_4924	4924 MY Lhx1 Gly-Gaba_7														
http://purl.obolibrary.org/obo/PCL_0117306	CS20230722_CLUS_4926	4926 MY Lhx1 Gly-Gaba_9														
http://purl.obolibrary.org/obo/PCL_0117307	CS20230722_CLUS_4927	4927 MY Lhx1 Gly-Gaba_9														
http://purl.obolibrary.org/obo/PCL_0117308	CS20230722_CLUS_4928	4928 MY Lhx1 Gly-Gaba_9														
http://purl.obolibrary.org/obo/PCL_0117309	CS20230722_CLUS_4929	4929 MY Lhx1 Gly-Gaba_9														
http://purl.obolibrary.org/obo/PCL_0117310	CS20230722_CLUS_4930	4930 MY Lhx1 Gly-Gaba_9														
http://purl.obolibrary.org/obo/PCL_0117311	CS20230722_CLUS_4931	4931 MY Lhx1 Gly-Gaba_9														
http://purl.obolibrary.org/obo/PCL_0117312	CS20230722_CLUS_4932	4932 PPY-PGRNl Vip Glyc-Gaba_1														
http://purl.obolibrary.org/obo/PCL_0117313	CS20230722_CLUS_4933	4933 PPY-PGRNl Vip Glyc-Gaba_1														
http://purl.obolibrary.org/obo/PCL_0117314	CS20230722_CLUS_4934	4934 PPY-PGRNl Vip Glyc-Gaba_1														
http://purl.obolibrary.org/obo/PCL_0117315	CS20230722_CLUS_4935	4935 MV-SPIV-PRP Dmbx1 Gly-Gaba_1														
http://purl.obolibrary.org/obo/PCL_0117316	CS20230722_CLUS_4936	4936 MV-SPIV-PRP Dmbx1 Gly-Gaba_1														
http://purl.obolibrary.org/obo/PCL_0117317	CS20230722_CLUS_4937	4937 MV-SPIV-PRP Dmbx1 Gly-Gaba_1														
http://purl.obolibrary.org/obo/PCL_0117318	CS20230722_CLUS_4938	4938 MV-SPIV-PRP Dmbx1 Gly-Gaba_1														
http://purl.obolibrary.org/obo/PCL_0117319	CS20230722_CLUS_4939	4939 MV-SPIV-PRP Dmbx1 Gly-Gaba_1														
http://purl.obolibrary.org/obo/PCL_0117320	CS20230722_CLUS_4940	4940 MV-SPIV-PRP Dmbx1 Gly-Gaba_1														
http://purl.obolibrary.org/obo/PCL_0117321	CS20230722_CLUS_4941	4941 MV-SPIV-PRP Dmbx1 Gly-Gaba_1														
http://purl.obolibrary.org/obo/PCL_0117322	CS20230722_CLUS_4942	4942 MV-SPIV-PRP Dmbx1 Gly-Gaba_1														
http://purl.obolibrary.org/obo/PCL_0117323	CS20230722_CLUS_4943	4943 MV-SPIV-PRP Dmbx1 Gly-Gaba_1														
http://purl.obolibrary.org/obo/PCL_0117324	CS20230722_CLUS_4944	4944 MV-SPIV-PRP Dmbx1 Gly-Gaba_1														
http://purl.obolibrary.org/obo/PCL_0117325	CS20230722_CLUS_4945	4945 MV-SPIV-PRP Dmbx1 Gly-Gaba_1														
http://purl.obolibrary.org/obo/PCL_0117326	CS20230722_CLUS_4946	4946 MV-SPIV-PRP Dmbx1 Gly-Gaba_2														
http://purl.obolibrary.org/obo/PCL_0117327	CS20230722_CLUS_4947	4947 MV-SPIV-PRP Dmbx1 Gly-Gaba_2														
http://purl.obolibrary.org/obo/PCL_0117328	CS20230722_CLUS_4948	4948 MV-SPIV-PRP Dmbx1 Gly-Gaba_3														
http://purl.obolibrary.org/obo/PCL_0117329	CS20230722_CLUS_4949	4949 MV-SPIV-PRP Dmbx1 Gly-Gaba_3														
http://purl.obolibrary.org/obo/PCL_0117330	CS20230722_CLUS_4950	4950 MDRN Hoxb5 Ebf2 Gly-Gaba_1														
http://purl.obolibrary.org/obo/PCL_0117331	CS20230722_CLUS_4951	4951 MDRN Hoxb5 Ebf2 Gly-Gaba_1														
http://purl.obolibrary.org/obo/PCL_0117332	CS20230722_CLUS_4952	4952 MDRN Hoxb5 Ebf2 Gly-Gaba_1														
http://purl.obolibrary.org/obo/PCL_0117333	CS20230722_CLUS_4953	4953 MDRN Hoxb5 Ebf2 Gly-Gaba_1														
http://purl.obolibrary.org/obo/PCL_0117334	CS20230722_CLUS_4954	4954 MDRN Hoxb5 Ebf2 Gly-Gaba_1														
http://purl.obolibrary.org/obo/PCL_0117335	CS20230722_CLUS_4955	4955 MDRN Hoxb5 Ebf2 Gly-Gaba_1														
http://purl.obolibrary.org/obo/PCL_0117336	CS20230722_CLUS_4956	4956 MDRNd Prox1 Pax6 Gly-Gaba_1														
http://purl.obolibrary.org/obo/PCL_0117337	CS20230722_CLUS_4957	4957 MDRNd Prox1 Pax6 Gly-Gaba_1														
http://purl.obolibrary.org/obo/PCL_0117338	CS20230722_CLUS_4958	4958 MDRNd Prox1 Pax6 Gly-Gaba_1														
http://purl.obolibrary.org/obo/PCL_0117339	CS20230722_CLUS_4959	4959 MY Prox1 Lmo7 Gly-Gaba_1														
http://purl.obolibrary.org/obo/PCL_0117340	CS20230722_CLUS_4960	4960 MY Prox1 Lmo7 Gly-Gaba_1														
http://purl.obolibrary.org/obo/PCL_0117341	CS20230722_CLUS_4961	4961 MY Prox1 Lmo7 Gly-Gaba_1														
http://purl.obolibrary.org/obo/PCL_0117342	CS20230722_CLUS_4962	4962 MY Prox1 Lmo7 Gly-Gaba_1														
http://purl.obolibrary.org/obo/PCL_0117343	CS20230722_CLUS_4963	4963 MY Prox1 Lmo7 Gly-Gaba_1														
http://purl.obolibrary.org/obo/PCL_0117344	CS20230722_CLUS_4964	4964 MY Prox1 Lmo7 Gly-Gaba_1														
http://purl.obolibrary.org/obo/PCL_0117345	CS20230722_CLUS_4965	4965 NTS-MDRNd Prox1 Zic1 Gly-Gaba_1														
http://purl.obolibrary.org/obo/PCL_0117346	CS20230722_CLUS_4966	4966 NTS-MDRNd Prox1 Zic1 Gly-Gaba_1														
http://purl.obolibrary.org/obo/PCL_0117347	CS20230722_CLUS_4967	4967 NTS-MDRNd Prox1 Zic1 Gly-Gaba_1														
http://purl.obolibrary.org/obo/PCL_0117348	CS20230722_CLUS_4968	4968 NTS-MDRNd Prox1 Zic1 Gly-Gaba_1														
http://purl.obolibrary.org/obo/PCL_0117349	CS20230722_CLUS_4969	4969 NTS-MDRNd Prox1 Zic1 Gly-Gaba_2														
http://purl.obolibrary.org/obo/PCL_0117350	CS20230722_CLUS_4970	4970 NTS-MDRNd Prox1 Zic1 Gly-Gaba_2														
http://purl.obolibrary.org/obo/PCL_0117351	CS20230722_CLUS_4971	4971 MV Nkx6-1 Gly-Gaba_1														
http://purl.obolibrary.org/obo/PCL_0117352	CS20230722_CLUS_4972	4972 MV Nkx6-1 Gly-Gaba_1														
http://purl.obolibrary.org/obo/PCL_0117353	CS20230722_CLUS_4973	4973 MV Nkx6-1 Gly-Gaba_1														
http://purl.obolibrary.org/obo/PCL_0117354	CS20230722_CLUS_4974	4974 MV Nkx6-1 Gly-Gaba_1														
http://purl.obolibrary.org/obo/PCL_0117355	CS20230722_CLUS_4975	4975 MV Nkx6-1 Gly-Gaba_1														
http://purl.obolibrary.org/obo/PCL_0117356	CS20230722_CLUS_4976	4976 MV Nkx6-1 Gly-Gaba_1														
http://purl.obolibrary.org/obo/PCL_0117357	CS20230722_CLUS_4977	4977 MV Nkx6-1 Gly-Gaba_2														
http://purl.obolibrary.org/obo/PCL_0117358	CS20230722_CLUS_4978	4978 MV Nkx6-1 Gly-Gaba_2														
http://purl.obolibrary.org/obo/PCL_0117359	CS20230722_CLUS_4979	4979 PAS-MV Ebf2 Gly-Gaba_1														
http://purl.obolibrary.org/obo/PCL_0117360	CS20230722_CLUS_4980	4980 PAS-MV Ebf2 Gly-Gaba_1														
http://purl.obolibrary.org/obo/PCL_0117361	CS20230722_CLUS_4981	4981 PAS-MV Ebf2 Gly-Gaba_1														
http://purl.obolibrary.org/obo/PCL_0117362	CS20230722_CLUS_4982	4982 PAS-MV Ebf2 Gly-Gaba_1														
http://purl.obolibrary.org/obo/PCL_0117363	CS20230722_CLUS_4983	4983 PAS-MV Ebf2 Gly-Gaba_2														
http://purl.obolibrary.org/obo/PCL_0117364	CS20230722_CLUS_4984	4984 PAS-MV Ebf2 Gly-Gaba_2														
http://purl.obolibrary.org/obo/PCL_0117365	CS20230722_CLUS_4985	4985 PAS-MV Ebf2 Gly-Gaba_2														
http://purl.obolibrary.org/obo/PCL_0117366	CS20230722_CLUS_4986	4986 PAS-MV Ebf2 Gly-Gaba_2														
http://purl.obolibrary.org/obo/PCL_0117367	CS20230722_CLUS_4987	4987 PAS-MV Ebf2 Gly-Gaba_2														
http://purl.obolibrary.org/obo/PCL_0117368	CS20230722_CLUS_4988	4988 PAS-MV Ebf2 Gly-Gaba_3														
http://purl.obolibrary.org/obo/PCL_0117369	CS20230722_CLUS_4989	4989 PAS-MV Ebf2 Gly-Gaba_3														
http://purl.obolibrary.org/obo/PCL_0117370	CS20230722_CLUS_4990	4990 PAS-MV Ebf2 Gly-Gaba_3														
http://purl.obolibrary.org/obo/PCL_0117371	CS20230722_CLUS_4991	4991 PAS-MV Ebf2 Gly-Gaba_3														
http://purl.obolibrary.org/obo/PCL_0117372	CS20230722_CLUS_4992	4992 PAS-MV Ebf2 Gly-Gaba_3														
http://purl.obolibrary.org/obo/PCL_0117374	CS20230722_CLUS_4994	4994 MV Pax6 Gly-Gaba_1														
http://purl.obolibrary.org/obo/PCL_0117375	CS20230722_CLUS_4995	4995 MV Pax6 Gly-Gaba_1														
http://purl.obolibrary.org/obo/PCL_0117376	CS20230722_CLUS_4996	4996 MV Pax6 Gly-Gaba_1														
http://purl.obolibrary.org/obo/PCL_0117377	CS20230722_CLUS_4997	4997 MV Pax6 Gly-Gaba_1														
http://purl.obolibrary.org/obo/PCL_0117378	CS20230722_CLUS_4998	4998 MV Pax6 Gly-Gaba_2														
http://purl.obolibrary.org/obo/PCL_0117379	CS20230722_CLUS_4999	4999 MV Pax6 Gly-Gaba_2														
http://purl.obolibrary.org/obo/PCL_0117380	CS20230722_CLUS_5000	5000 CBN Dmbx1 Gaba_1														
http://purl.obolibrary.org/obo/PCL_0117381	CS20230722_CLUS_5001	5001 CBN Dmbx1 Gaba_1														
http://purl.obolibrary.org/obo/PCL_0117382	CS20230722_CLUS_5002	5002 RPA Pax6 Hoxb5 Gly-Gaba_1														
http://purl.obolibrary.org/obo/PCL_0117383	CS20230722_CLUS_5003	5003 RPA Pax6 Hoxb5 Gly-Gaba_1														
http://purl.obolibrary.org/obo/PCL_0117384	CS20230722_CLUS_5004	5004 RPA Pax6 Hoxb5 Gly-Gaba_1														
http://purl.obolibrary.org/obo/PCL_0117385	CS20230722_CLUS_5005	5005 RPA Pax6 Hoxb5 Gly-Gaba_1														
http://purl.obolibrary.org/obo/PCL_0117386	CS20230722_CLUS_5006	5006 RPA Pax6 Hoxb5 Gly-Gaba_1														
http://purl.obolibrary.org/obo/PCL_0117387	CS20230722_CLUS_5007	5007 RPA Pax6 Hoxb5 Gly-Gaba_1														
http://purl.obolibrary.org/obo/PCL_0117388	CS20230722_CLUS_5008	5008 RPA Pax6 Hoxb5 Gly-Gaba_1														
http://purl.obolibrary.org/obo/PCL_0117390	CS20230722_CLUS_5010	5010 PRP Gata3 Slc6a5 Gly-Gaba_1														
http://purl.obolibrary.org/obo/PCL_0117391	CS20230722_CLUS_5011	5011 PRP Gata3 Slc6a5 Gly-Gaba_1														
http://purl.obolibrary.org/obo/PCL_0117392	CS20230722_CLUS_5012	5012 PRP Gata3 Slc6a5 Gly-Gaba_1														
http://purl.obolibrary.org/obo/PCL_0117393	CS20230722_CLUS_5013	5013 PRP Gata3 Slc6a5 Gly-Gaba_1														
http://purl.obolibrary.org/obo/PCL_0117394	CS20230722_CLUS_5014	5014 PRP Gata3 Slc6a5 Gly-Gaba_1														
http://purl.obolibrary.org/obo/PCL_0117395	CS20230722_CLUS_5015	5015 PRP Gata3 Slc6a5 Gly-Gaba_1														
http://purl.obolibrary.org/obo/PCL_0117396	CS20230722_CLUS_5016	5016 MARN-PPY Ngfr Gly-Gaba_1														
http://purl.obolibrary.org/obo/PCL_0117397	CS20230722_CLUS_5017	5017 MARN-PPY Ngfr Gly-Gaba_1														
http://purl.obolibrary.org/obo/PCL_0117398	CS20230722_CLUS_5018	5018 PARN-MDRNd-NTS Gbx2 Gly-Gaba_1														
http://purl.obolibrary.org/obo/PCL_0117399	CS20230722_CLUS_5019	5019 PARN-MDRNd-NTS Gbx2 Gly-Gaba_1														
http://purl.obolibrary.org/obo/PCL_0117400	CS20230722_CLUS_5020	5020 PARN-MDRNd-NTS Gbx2 Gly-Gaba_1														
http://purl.obolibrary.org/obo/PCL_0117401	CS20230722_CLUS_5021	5021 PARN-MDRNd-NTS Gbx2 Gly-Gaba_1														
http://purl.obolibrary.org/obo/PCL_0117402	CS20230722_CLUS_5022	5022 PARN-MDRNd-NTS Gbx2 Gly-Gaba_1														
http://purl.obolibrary.org/obo/PCL_0117403	CS20230722_CLUS_5023	5023 PARN-MDRNd-NTS Gbx2 Gly-Gaba_1														
http://purl.obolibrary.org/obo/PCL_0117404	CS20230722_CLUS_5024	5024 PARN-MDRNd-NTS Gbx2 Gly-Gaba_1														
http://purl.obolibrary.org/obo/PCL_0117405	CS20230722_CLUS_5025	5025 PARN-MDRNd-NTS Gbx2 Gly-Gaba_1														
http://purl.obolibrary.org/obo/PCL_0117406	CS20230722_CLUS_5026	5026 PARN-MDRNd-NTS Gbx2 Gly-Gaba_1														
http://purl.obolibrary.org/obo/PCL_0117407	CS20230722_CLUS_5027	5027 PARN-MDRNd-NTS Gbx2 Gly-Gaba_2														
http://purl.obolibrary.org/obo/PCL_0117408	CS20230722_CLUS_5028	5028 PARN-MDRNd-NTS Gbx2 Gly-Gaba_2														
http://purl.obolibrary.org/obo/PCL_0117409	CS20230722_CLUS_5029	5029 PARN-MDRNd-NTS Gbx2 Gly-Gaba_2														
http://purl.obolibrary.org/obo/PCL_0117410	CS20230722_CLUS_5030	5030 PARN-MDRNd-NTS Gbx2 Gly-Gaba_2														
http://purl.obolibrary.org/obo/PCL_0117411	CS20230722_CLUS_5031	5031 PARN-MDRNd-NTS Gbx2 Gly-Gaba_2														
http://purl.obolibrary.org/obo/PCL_0117412	CS20230722_CLUS_5032	5032 PARN-MDRNd-NTS Gbx2 Gly-Gaba_2														
http://purl.obolibrary.org/obo/PCL_0117413	CS20230722_CLUS_5033	5033 PARN-MDRNd-NTS Gbx2 Gly-Gaba_2														
http://purl.obolibrary.org/obo/PCL_0117414	CS20230722_CLUS_5034	5034 PARN-MDRNd-NTS Gbx2 Gly-Gaba_2														
http://purl.obolibrary.org/obo/PCL_0117415	CS20230722_CLUS_5035	5035 PARN-MDRNd-NTS Gbx2 Gly-Gaba_2														
http://purl.obolibrary.org/obo/PCL_0117416	CS20230722_CLUS_5036	5036 PARN-MDRNd-NTS Gbx2 Gly-Gaba_2														
http://purl.obolibrary.org/obo/PCL_0117417	CS20230722_CLUS_5037	5037 PARN-MDRNd-NTS Gbx2 Gly-Gaba_2														
http://purl.obolibrary.org/obo/PCL_0117418	CS20230722_CLUS_5038	5038 PARN-MDRNd-NTS Gbx2 Gly-Gaba_3														
http://purl.obolibrary.org/obo/PCL_0117419	CS20230722_CLUS_5039	5039 PARN-MDRNd-NTS Gbx2 Gly-Gaba_3														
http://purl.obolibrary.org/obo/PCL_0117420	CS20230722_CLUS_5040	5040 PARN-MDRNd-NTS Gbx2 Gly-Gaba_3														
http://purl.obolibrary.org/obo/PCL_0117421	CS20230722_CLUS_5041	5041 PARN-MDRNd-NTS Gbx2 Gly-Gaba_3														
http://purl.obolibrary.org/obo/PCL_0117422	CS20230722_CLUS_5042	5042 PARN-MDRNd-NTS Gbx2 Gly-Gaba_3														
http://purl.obolibrary.org/obo/PCL_0117423	CS20230722_CLUS_5043	5043 PARN-MDRNd-NTS Gbx2 Gly-Gaba_3														
http://purl.obolibrary.org/obo/PCL_0117424	CS20230722_CLUS_5044	5044 PARN-MDRNd-NTS Gbx2 Gly-Gaba_3														
http://purl.obolibrary.org/obo/PCL_0117425	CS20230722_CLUS_5045	5045 PARN-MDRNd-NTS Gbx2 Gly-Gaba_3														
http://purl.obolibrary.org/obo/PCL_0117426	CS20230722_CLUS_5046	5046 PARN-MDRNd-NTS Gbx2 Gly-Gaba_4														
http://purl.obolibrary.org/obo/PCL_0117427	CS20230722_CLUS_5047	5047 PARN-MDRNd-NTS Gbx2 Gly-Gaba_4														
http://purl.obolibrary.org/obo/PCL_0117428	CS20230722_CLUS_5048	5048 PARN-MDRNd-NTS Gbx2 Gly-Gaba_4														
http://purl.obolibrary.org/obo/PCL_0117429	CS20230722_CLUS_5049	5049 PARN-MDRNd-NTS Gbx2 Gly-Gaba_4														
http://purl.obolibrary.org/obo/PCL_0117430	CS20230722_CLUS_5050	5050 PARN-MDRNd-NTS Gbx2 Gly-Gaba_4														
http://purl.obolibrary.org/obo/PCL_0117431	CS20230722_CLUS_5051	5051 PARN-MDRNd-NTS Gbx2 Gly-Gaba_4														
http://purl.obolibrary.org/obo/PCL_0117432	CS20230722_CLUS_5052	5052 PARN-MDRNd-NTS Gbx2 Gly-Gaba_5														
http://purl.obolibrary.org/obo/PCL_0117433	CS20230722_CLUS_5053	5053 PARN-MDRNd-NTS Gbx2 Gly-Gaba_5														
http://purl.obolibrary.org/obo/PCL_0117434	CS20230722_CLUS_5054	5054 PARN-MDRNd-NTS Gbx2 Gly-Gaba_5														
http://purl.obolibrary.org/obo/PCL_0117435	CS20230722_CLUS_5055	5055 PARN-MDRNd-NTS Gbx2 Gly-Gaba_5														
http://purl.obolibrary.org/obo/PCL_0117436	CS20230722_CLUS_5056	5056 PARN-MDRNd-NTS Gbx2 Gly-Gaba_5														
http://purl.obolibrary.org/obo/PCL_0117437	CS20230722_CLUS_5057	5057 PARN-MDRNd-NTS Gbx2 Gly-Gaba_6														
http://purl.obolibrary.org/obo/PCL_0117438	CS20230722_CLUS_5058	5058 PARN-MDRNd-NTS Gbx2 Gly-Gaba_6														
http://purl.obolibrary.org/obo/PCL_0117439	CS20230722_CLUS_5059	5059 PARN-MDRNd-NTS Gbx2 Gly-Gaba_6														
http://purl.obolibrary.org/obo/PCL_0117440	CS20230722_CLUS_5060	5060 PARN-MDRNd-NTS Gbx2 Gly-Gaba_6														
http://purl.obolibrary.org/obo/PCL_0117441	CS20230722_CLUS_5061	5061 PARN-MDRNd-NTS Gbx2 Gly-Gaba_6														
http://purl.obolibrary.org/obo/PCL_0117442	CS20230722_CLUS_5062	5062 PARN-MDRNd-NTS Gbx2 Gly-Gaba_7														
http://purl.obolibrary.org/obo/PCL_0117443	CS20230722_CLUS_5063	5063 PARN-MDRNd-NTS Gbx2 Gly-Gaba_7														
http://purl.obolibrary.org/obo/PCL_0117444	CS20230722_CLUS_5064	5064 PARN-MDRNd-NTS Gbx2 Gly-Gaba_7														
http://purl.obolibrary.org/obo/PCL_0117445	CS20230722_CLUS_5065	5065 PARN-MDRNd-NTS Gbx2 Gly-Gaba_7														
http://purl.obolibrary.org/obo/PCL_0117448	CS20230722_CLUS_5068	5068 IRN Dmbx1 Pax2 Gly-Gaba_1														
http://purl.obolibrary.org/obo/PCL_0117449	CS20230722_CLUS_5069	5069 IRN Dmbx1 Pax2 Gly-Gaba_1														
http://purl.obolibrary.org/obo/PCL_0117450	CS20230722_CLUS_5070	5070 IRN Dmbx1 Pax2 Gly-Gaba_1														
http://purl.obolibrary.org/obo/PCL_0117451	CS20230722_CLUS_5071	5071 IRN Dmbx1 Pax2 Gly-Gaba_1														
http://purl.obolibrary.org/obo/PCL_0117452	CS20230722_CLUS_5072	5072 NTS-PARN Neurod2 Gly-Gaba_1														
http://purl.obolibrary.org/obo/PCL_0117453	CS20230722_CLUS_5073	5073 NTS-PARN Neurod2 Gly-Gaba_1														
http://purl.obolibrary.org/obo/PCL_0117454	CS20230722_CLUS_5074	5074 NTS-PARN Neurod2 Gly-Gaba_1														
http://purl.obolibrary.org/obo/PCL_0117455	CS20230722_CLUS_5075	5075 NTS-PARN Neurod2 Gly-Gaba_1														
http://purl.obolibrary.org/obo/PCL_0117456	CS20230722_CLUS_5076	5076 NTS-PARN Neurod2 Gly-Gaba_1														
http://purl.obolibrary.org/obo/PCL_0117457	CS20230722_CLUS_5077	5077 NTS-PARN Neurod2 Gly-Gaba_1														
http://purl.obolibrary.org/obo/PCL_0117458	CS20230722_CLUS_5078	5078 NTS-PARN Neurod2 Gly-Gaba_1														
http://purl.obolibrary.org/obo/PCL_0117459	CS20230722_CLUS_5079	5079 NTS-PARN Neurod2 Gly-Gaba_1														
http://purl.obolibrary.org/obo/PCL_0117460	CS20230722_CLUS_5080	5080 NTS-PARN Neurod2 Gly-Gaba_1														
http://purl.obolibrary.org/obo/PCL_0117461	CS20230722_CLUS_5081	5081 NTS-PARN Neurod2 Gly-Gaba_1														
http://purl.obolibrary.org/obo/PCL_0117462	CS20230722_CLUS_5082	5082 NTS-PARN Neurod2 Gly-Gaba_1														
http://purl.obolibrary.org/obo/PCL_0117463	CS20230722_CLUS_5083	5083 NTS-PARN Neurod2 Gly-Gaba_1														
http://purl.obolibrary.org/obo/PCL_0117464	CS20230722_CLUS_5084	5084 NTS-PARN Neurod2 Gly-Gaba_2														
http://purl.obolibrary.org/obo/PCL_0117465	CS20230722_CLUS_5085	5085 NTS-PARN Neurod2 Gly-Gaba_2														
http://purl.obolibrary.org/obo/PCL_0117466	CS20230722_CLUS_5086	5086 NTS-PARN Neurod2 Gly-Gaba_2														
http://purl.obolibrary.org/obo/PCL_0117467	CS20230722_CLUS_5087	5087 NTS-PARN Neurod2 Gly-Gaba_2														
http://purl.obolibrary.org/obo/PCL_0117468	CS20230722_CLUS_5088	5088 NTS-PARN Neurod2 Gly-Gaba_2														
http://purl.obolibrary.org/obo/PCL_0117469	CS20230722_CLUS_5089	5089 NTS-PARN Neurod2 Gly-Gaba_2														
http://purl.obolibrary.org/obo/PCL_0117470	CS20230722_CLUS_5090	5090 NTS-PARN Neurod2 Gly-Gaba_2														
http://purl.obolibrary.org/obo/PCL_0117471	CS20230722_CLUS_5091	5091 NTS-PARN Neurod2 Gly-Gaba_2														
http://purl.obolibrary.org/obo/PCL_0117472	CS20230722_CLUS_5092	5092 NTS-PARN Neurod2 Gly-Gaba_3														
http://purl.obolibrary.org/obo/PCL_0117473	CS20230722_CLUS_5093	5093 NTS-PARN Neurod2 Gly-Gaba_3														
http://purl.obolibrary.org/obo/PCL_0117474	CS20230722_CLUS_5094	5094 NTS-PARN Neurod2 Gly-Gaba_3														
http://purl.obolibrary.org/obo/PCL_0117475	CS20230722_CLUS_5095	5095 NTS-PARN Neurod2 Gly-Gaba_3														
http://purl.obolibrary.org/obo/PCL_0117476	CS20230722_CLUS_5096	5096 NTS-PARN Neurod2 Gly-Gaba_3														
http://purl.obolibrary.org/obo/PCL_0117477	CS20230722_CLUS_5097	5097 NTS-PARN Neurod2 Gly-Gaba_3														
http://purl.obolibrary.org/obo/PCL_0117478	CS20230722_CLUS_5098	5098 NTS-PARN Neurod2 Gly-Gaba_3														
http://purl.obolibrary.org/obo/PCL_0117479	CS20230722_CLUS_5099	5099 NTS-PARN Neurod2 Gly-Gaba_3														
http://purl.obolibrary.org/obo/PCL_0117480	CS20230722_CLUS_5100	5100 NTS-PARN Neurod2 Gly-Gaba_4														
http://purl.obolibrary.org/obo/PCL_0117481	CS20230722_CLUS_5101	5101 NTS-PARN Neurod2 Gly-Gaba_4														
http://purl.obolibrary.org/obo/PCL_0117482	CS20230722_CLUS_5102	5102 NTS-PARN Neurod2 Gly-Gaba_4														
http://purl.obolibrary.org/obo/PCL_0117483	CS20230722_CLUS_5103	5103 NTS-PARN Neurod2 Gly-Gaba_4														
http://purl.obolibrary.org/obo/PCL_0117484	CS20230722_CLUS_5104	5104 NTS-PARN Neurod2 Gly-Gaba_4														
http://purl.obolibrary.org/obo/PCL_0117485	CS20230722_CLUS_5105	5105 NTS-PARN Neurod2 Gly-Gaba_4														
http://purl.obolibrary.org/obo/PCL_0117486	CS20230722_CLUS_5106	5106 NTS-PARN Neurod2 Gly-Gaba_4														
http://purl.obolibrary.org/obo/PCL_0117487	CS20230722_CLUS_5107	5107 NTS-PARN Neurod2 Gly-Gaba_4														
http://purl.obolibrary.org/obo/PCL_0117488	CS20230722_CLUS_5108	5108 NTS-PARN Neurod2 Gly-Gaba_5														
http://purl.obolibrary.org/obo/PCL_0117489	CS20230722_CLUS_5109	5109 NTS-PARN Neurod2 Gly-Gaba_5														
http://purl.obolibrary.org/obo/PCL_0117490	CS20230722_CLUS_5110	5110 NTS-PARN Neurod2 Gly-Gaba_5														
http://purl.obolibrary.org/obo/PCL_0117491	CS20230722_CLUS_5111	5111 NTS-PARN Neurod2 Gly-Gaba_5														
http://purl.obolibrary.org/obo/PCL_0117492	CS20230722_CLUS_5112	5112 NTS-PARN Neurod2 Gly-Gaba_5														
http://purl.obolibrary.org/obo/PCL_0117493	CS20230722_CLUS_5113	5113 NTS-PARN Neurod2 Gly-Gaba_5														
http://purl.obolibrary.org/obo/PCL_0117494	CS20230722_CLUS_5114	5114 NTS-PARN Neurod2 Gly-Gaba_6														
http://purl.obolibrary.org/obo/PCL_0117495	CS20230722_CLUS_5115	5115 NTS-PARN Neurod2 Gly-Gaba_6														
http://purl.obolibrary.org/obo/PCL_0117496	CS20230722_CLUS_5116	5116 NTS-PARN Neurod2 Gly-Gaba_6														
http://purl.obolibrary.org/obo/PCL_0117497	CS20230722_CLUS_5117	5117 NTS-PARN Neurod2 Gly-Gaba_6														
http://purl.obolibrary.org/obo/PCL_0117498	CS20230722_CLUS_5118	5118 NTS-PARN Neurod2 Gly-Gaba_6														
http://purl.obolibrary.org/obo/PCL_0117499	CS20230722_CLUS_5119	5119 NTS-PARN Neurod2 Gly-Gaba_6														
http://purl.obolibrary.org/obo/PCL_0117500	CS20230722_CLUS_5120	5120 SPVI-SPVC Sall3 Nfib Gly-Gaba_1														
http://purl.obolibrary.org/obo/PCL_0117501	CS20230722_CLUS_5121	5121 SPVI-SPVC Sall3 Nfib Gly-Gaba_1														
http://purl.obolibrary.org/obo/PCL_0117502	CS20230722_CLUS_5122	5122 SPVI-SPVC Sall3 Nfib Gly-Gaba_1														
http://purl.obolibrary.org/obo/PCL_0117503	CS20230722_CLUS_5123	5123 SPVI-SPVC Sall3 Nfib Gly-Gaba_1														
http://purl.obolibrary.org/obo/PCL_0117504	CS20230722_CLUS_5124	5124 SPVI-SPVC Sall3 Nfib Gly-Gaba_1														
http://purl.obolibrary.org/obo/PCL_0117505	CS20230722_CLUS_5125	5125 SPVI-SPVC Sall3 Nfib Gly-Gaba_1														
http://purl.obolibrary.org/obo/PCL_0117506	CS20230722_CLUS_5126	5126 SPVI-SPVC Sall3 Nfib Gly-Gaba_1														
http://purl.obolibrary.org/obo/PCL_0117507	CS20230722_CLUS_5127	5127 SPVI-SPVC Sall3 Nfib Gly-Gaba_1														
http://purl.obolibrary.org/obo/PCL_0117508	CS20230722_CLUS_5128	5128 SPVI-SPVC Sall3 Nfib Gly-Gaba_1														
http://purl.obolibrary.org/obo/PCL_0117509	CS20230722_CLUS_5129	5129 SPVI-SPVC Sall3 Nfib Gly-Gaba_1														
http://purl.obolibrary.org/obo/PCL_0117510	CS20230722_CLUS_5130	5130 SPVI-SPVC Sall3 Nfib Gly-Gaba_1														
http://purl.obolibrary.org/obo/PCL_0117511	CS20230722_CLUS_5131	5131 SPVI-SPVC Sall3 Nfib Gly-Gaba_1														
http://purl.obolibrary.org/obo/PCL_0117512	CS20230722_CLUS_5132	5132 SPVI-SPVC Sall3 Nfib Gly-Gaba_1														
http://purl.obolibrary.org/obo/PCL_0117513	CS20230722_CLUS_5133	5133 SPVI-SPVC Sall3 Nfib Gly-Gaba_1														
http://purl.obolibrary.org/obo/PCL_0117514	CS20230722_CLUS_5134	5134 SPVI-SPVC Sall3 Nfib Gly-Gaba_1														
http://purl.obolibrary.org/obo/PCL_0117515	CS20230722_CLUS_5135	5135 SPVI-SPVC Sall3 Nfib Gly-Gaba_1														
http://purl.obolibrary.org/obo/PCL_0117516	CS20230722_CLUS_5136	5136 SPVI-SPVC Sall3 Nfib Gly-Gaba_1														
http://purl.obolibrary.org/obo/PCL_0117517	CS20230722_CLUS_5137	5137 SPVI-SPVC Sall3 Nfib Gly-Gaba_2														
http://purl.obolibrary.org/obo/PCL_0117518	CS20230722_CLUS_5138	5138 SPVI-SPVC Sall3 Nfib Gly-Gaba_2														
http://purl.obolibrary.org/obo/PCL_0117519	CS20230722_CLUS_5139	5139 SPVI-SPVC Sall3 Nfib Gly-Gaba_2														
http://purl.obolibrary.org/obo/PCL_0117520	CS20230722_CLUS_5140	5140 SPVI-SPVC Sall3 Nfib Gly-Gaba_2														
http://purl.obolibrary.org/obo/PCL_0117521	CS20230722_CLUS_5141	5141 SPVI-SPVC Sall3 Nfib Gly-Gaba_2														
http://purl.obolibrary.org/obo/PCL_0117522	CS20230722_CLUS_5142	5142 SPVI-SPVC Sall3 Nfib Gly-Gaba_2														
http://purl.obolibrary.org/obo/PCL_0117523	CS20230722_CLUS_5143	5143 SPVI-SPVC Sall3 Nfib Gly-Gaba_2														
http://purl.obolibrary.org/obo/PCL_0117524	CS20230722_CLUS_5144	5144 SPVI-SPVC Sall3 Lhx1 Gly-Gaba_1														
http://purl.obolibrary.org/obo/PCL_0117525	CS20230722_CLUS_5145	5145 SPVI-SPVC Sall3 Lhx1 Gly-Gaba_1														
http://purl.obolibrary.org/obo/PCL_0117526	CS20230722_CLUS_5146	5146 SPVI-SPVC Sall3 Lhx1 Gly-Gaba_1														
http://purl.obolibrary.org/obo/PCL_0117527	CS20230722_CLUS_5147	5147 SPVI-SPVC Sall3 Lhx1 Gly-Gaba_1														
http://purl.obolibrary.org/obo/PCL_0117528	CS20230722_CLUS_5148	5148 SPVI-SPVC Sall3 Lhx1 Gly-Gaba_1														
http://purl.obolibrary.org/obo/PCL_0117529	CS20230722_CLUS_5149	5149 SPVI-SPVC Sall3 Lhx1 Gly-Gaba_1														
http://purl.obolibrary.org/obo/PCL_0117530	CS20230722_CLUS_5150	5150 SPVI-SPVC Sall3 Lhx1 Gly-Gaba_1														
http://purl.obolibrary.org/obo/PCL_0117531	CS20230722_CLUS_5151	5151 SPVI-SPVC Sall3 Lhx1 Gly-Gaba_1														
http://purl.obolibrary.org/obo/PCL_0117532	CS20230722_CLUS_5152	5152 SPVI-SPVC Sall3 Lhx1 Gly-Gaba_2														
http://purl.obolibrary.org/obo/PCL_0117533	CS20230722_CLUS_5153	5153 SPVI-SPVC Sall3 Lhx1 Gly-Gaba_2														
http://purl.obolibrary.org/obo/PCL_0117534	CS20230722_CLUS_5154	5154 SPVI-SPVC Sall3 Lhx1 Gly-Gaba_2														
http://purl.obolibrary.org/obo/PCL_0117535	CS20230722_CLUS_5155	5155 SPVI-SPVC Sall3 Lhx1 Gly-Gaba_2														
http://purl.obolibrary.org/obo/PCL_0117536	CS20230722_CLUS_5156	5156 SPVI-SPVC Sall3 Lhx1 Gly-Gaba_2														
http://purl.obolibrary.org/obo/PCL_0117537	CS20230722_CLUS_5157	5157 SPVI-SPVC Sall3 Lhx1 Gly-Gaba_2														
http://purl.obolibrary.org/obo/PCL_0117538	CS20230722_CLUS_5158	5158 SPVI-SPVC Sall3 Lhx1 Gly-Gaba_2														
http://purl.obolibrary.org/obo/PCL_0117539	CS20230722_CLUS_5159	5159 SPVI-SPVC Sall3 Lhx1 Gly-Gaba_2														
http://purl.obolibrary.org/obo/PCL_0117540	CS20230722_CLUS_5160	5160 SPVI-SPVC Sall3 Lhx1 Gly-Gaba_2														
http://purl.obolibrary.org/obo/PCL_0117541	CS20230722_CLUS_5161	5161 SPVI-SPVC Sall3 Lhx1 Gly-Gaba_2														
http://purl.obolibrary.org/obo/PCL_0117542	CS20230722_CLUS_5162	5162 SPVI-SPVC Sall3 Lhx1 Gly-Gaba_2														
http://purl.obolibrary.org/obo/PCL_0117543	CS20230722_CLUS_5163	5163 SPVI-SPVC Sall3 Lhx1 Gly-Gaba_2														
http://purl.obolibrary.org/obo/PCL_0117544	CS20230722_CLUS_5164	5164 RO-RPA Pkd2l1 Gaba_1														
http://purl.obolibrary.org/obo/PCL_0117545	CS20230722_CLUS_5165	5165 RO-RPA Pkd2l1 Gaba_1														
http://purl.obolibrary.org/obo/PCL_0117546	CS20230722_CLUS_5166	5166 RO-RPA Pkd2l1 Gaba_1														
http://purl.obolibrary.org/obo/PCL_0117547	CS20230722_CLUS_5167	5167 DCO Il22 Gly-Gaba_1														
http://purl.obolibrary.org/obo/PCL_0117548	CS20230722_CLUS_5168	5168 DCO Il22 Gly-Gaba_1														
http://purl.obolibrary.org/obo/PCL_0117549	CS20230722_CLUS_5169	5169 DCO Il22 Gly-Gaba_1														
http://purl.obolibrary.org/obo/PCL_0117550	CS20230722_CLUS_5170	5170 DCO Il22 Gly-Gaba_1														
http://purl.obolibrary.org/obo/PCL_0117551	CS20230722_CLUS_5171	5171 DCO Il22 Gly-Gaba_1														
http://purl.obolibrary.org/obo/PCL_0117553	CS20230722_CLUS_5173	5173 DCO Il22 Gly-Gaba_3														
http://purl.obolibrary.org/obo/PCL_0117554	CS20230722_CLUS_5174	5174 DCO Il22 Gly-Gaba_3														
http://purl.obolibrary.org/obo/PCL_0117555	CS20230722_CLUS_5175	5175 DCO Il22 Gly-Gaba_3														
http://purl.obolibrary.org/obo/PCL_0117556	CS20230722_CLUS_5176	5176 DCO Il22 Gly-Gaba_3														
http://purl.obolibrary.org/obo/PCL_0117557	CS20230722_CLUS_5177	5177 CB PLI Gly-Gaba_1														
http://purl.obolibrary.org/obo/PCL_0117558	CS20230722_CLUS_5178	5178 CB PLI Gly-Gaba_1														
http://purl.obolibrary.org/obo/PCL_0117559	CS20230722_CLUS_5179	5179 CB PLI Gly-Gaba_1														
http://purl.obolibrary.org/obo/PCL_0117560	CS20230722_CLUS_5180	5180 CB PLI Gly-Gaba_2														
http://purl.obolibrary.org/obo/PCL_0117561	CS20230722_CLUS_5181	5181 CB PLI Gly-Gaba_2														
http://purl.obolibrary.org/obo/PCL_0117562	CS20230722_CLUS_5182	5182 CB PLI Gly-Gaba_2														
http://purl.obolibrary.org/obo/PCL_0117563	CS20230722_CLUS_5183	5183 CB PLI Gly-Gaba_3														
http://purl.obolibrary.org/obo/PCL_0117564	CS20230722_CLUS_5184	5184 CB PLI Gly-Gaba_3														
http://purl.obolibrary.org/obo/PCL_0117566	CS20230722_CLUS_5186	5186 CBX Golgi Gly-Gaba_1														
http://purl.obolibrary.org/obo/PCL_0117567	CS20230722_CLUS_5187	5187 CBX Golgi Gly-Gaba_1														
http://purl.obolibrary.org/obo/PCL_0117568	CS20230722_CLUS_5188	5188 CBX MLI Megf11 Gaba_1														
http://purl.obolibrary.org/obo/PCL_0117569	CS20230722_CLUS_5189	5189 CBX MLI Megf11 Gaba_1														
http://purl.obolibrary.org/obo/PCL_0117570	CS20230722_CLUS_5190	5190 CBX MLI Megf11 Gaba_2														
http://purl.obolibrary.org/obo/PCL_0117571	CS20230722_CLUS_5191	5191 CBX MLI Megf11 Gaba_2														
http://purl.obolibrary.org/obo/PCL_0117573	CS20230722_CLUS_5193	5193 CBX Purkinje Gaba_1														
http://purl.obolibrary.org/obo/PCL_0117574	CS20230722_CLUS_5194	5194 CBX Purkinje Gaba_1														
http://purl.obolibrary.org/obo/PCL_0117575	CS20230722_CLUS_5195	5195 CBX Purkinje Gaba_2														
http://purl.obolibrary.org/obo/PCL_0117576	CS20230722_CLUS_5196	5196 CBX Purkinje Gaba_2														
http://purl.obolibrary.org/obo/PCL_0117577	CS20230722_CLUS_5197	5197 CB Granule Glut_1														
http://purl.obolibrary.org/obo/PCL_0117578	CS20230722_CLUS_5198	5198 CB Granule Glut_1														
http://purl.obolibrary.org/obo/PCL_0117579	CS20230722_CLUS_5199	5199 CB Granule Glut_1														
http://purl.obolibrary.org/obo/PCL_0117580	CS20230722_CLUS_5200	5200 CB Granule Glut_2														
http://purl.obolibrary.org/obo/PCL_0117581	CS20230722_CLUS_5201	5201 CB Granule Glut_2														
http://purl.obolibrary.org/obo/PCL_0117582	CS20230722_CLUS_5202	5202 DCO UBC Glut_1														
http://purl.obolibrary.org/obo/PCL_0117583	CS20230722_CLUS_5203	5203 DCO UBC Glut_1														
http://purl.obolibrary.org/obo/PCL_0117584	CS20230722_CLUS_5204	5204 DCO UBC Glut_1														
http://purl.obolibrary.org/obo/PCL_0117585	CS20230722_CLUS_5205	5205 DCO UBC Glut_1														
http://purl.obolibrary.org/obo/PCL_0117588	CS20230722_CLUS_5208	5208 Astro-NT NN_1														
http://purl.obolibrary.org/obo/PCL_0117589	CS20230722_CLUS_5209	5209 Astro-NT NN_1														
http://purl.obolibrary.org/obo/PCL_0117590	CS20230722_CLUS_5210	5210 Astro-NT NN_1														
http://purl.obolibrary.org/obo/PCL_0117591	CS20230722_CLUS_5211	5211 Astro-NT NN_1														
http://purl.obolibrary.org/obo/PCL_0117592	CS20230722_CLUS_5212	5212 Astro-NT NN_1														
http://purl.obolibrary.org/obo/PCL_0117593	CS20230722_CLUS_5213	5213 Astro-NT NN_1														
http://purl.obolibrary.org/obo/PCL_0117594	CS20230722_CLUS_5214	5214 Astro-NT NN_2														
http://purl.obolibrary.org/obo/PCL_0117595	CS20230722_CLUS_5215	5215 Astro-NT NN_2														
http://purl.obolibrary.org/obo/PCL_0117596	CS20230722_CLUS_5216	5216 Astro-NT NN_2														
http://purl.obolibrary.org/obo/PCL_0117597	CS20230722_CLUS_5217	5217 Astro-NT NN_2														
http://purl.obolibrary.org/obo/PCL_0117598	CS20230722_CLUS_5218	5218 Astro-TE NN_1														
http://purl.obolibrary.org/obo/PCL_0117599	CS20230722_CLUS_5219	5219 Astro-TE NN_1														
http://purl.obolibrary.org/obo/PCL_0117600	CS20230722_CLUS_5220	5220 Astro-TE NN_1														
http://purl.obolibrary.org/obo/PCL_0117601	CS20230722_CLUS_5221	5221 Astro-TE NN_1														
http://purl.obolibrary.org/obo/PCL_0117602	CS20230722_CLUS_5222	5222 Astro-TE NN_2														
http://purl.obolibrary.org/obo/PCL_0117603	CS20230722_CLUS_5223	5223 Astro-TE NN_2														
http://purl.obolibrary.org/obo/PCL_0117604	CS20230722_CLUS_5224	5224 Astro-TE NN_3														
http://purl.obolibrary.org/obo/PCL_0117605	CS20230722_CLUS_5225	5225 Astro-TE NN_3														
http://purl.obolibrary.org/obo/PCL_0117606	CS20230722_CLUS_5226	5226 Astro-TE NN_3														
http://purl.obolibrary.org/obo/PCL_0117607	CS20230722_CLUS_5227	5227 Astro-TE NN_3														
http://purl.obolibrary.org/obo/PCL_0117609	CS20230722_CLUS_5229	5229 Astro-TE NN_5														
http://purl.obolibrary.org/obo/PCL_0117610	CS20230722_CLUS_5230	5230 Astro-TE NN_5														
http://purl.obolibrary.org/obo/PCL_0117611	CS20230722_CLUS_5231	5231 Astro-OLF NN_1														
http://purl.obolibrary.org/obo/PCL_0117612	CS20230722_CLUS_5232	5232 Astro-OLF NN_1														
http://purl.obolibrary.org/obo/PCL_0117613	CS20230722_CLUS_5233	5233 Astro-OLF NN_2														
http://purl.obolibrary.org/obo/PCL_0117614	CS20230722_CLUS_5234	5234 Astro-OLF NN_2														
http://purl.obolibrary.org/obo/PCL_0117615	CS20230722_CLUS_5235	5235 Astro-OLF NN_3														
http://purl.obolibrary.org/obo/PCL_0117616	CS20230722_CLUS_5236	5236 Astro-OLF NN_3														
http://purl.obolibrary.org/obo/PCL_0117617	CS20230722_CLUS_5237	5237 Astroependymal NN_1														
http://purl.obolibrary.org/obo/PCL_0117618	CS20230722_CLUS_5238	5238 Astroependymal NN_1														
http://purl.obolibrary.org/obo/PCL_0117619	CS20230722_CLUS_5239	5239 Astroependymal NN_1														
http://purl.obolibrary.org/obo/PCL_0117621	CS20230722_CLUS_5241	5241 Astroependymal NN_3														
http://purl.obolibrary.org/obo/PCL_0117622	CS20230722_CLUS_5242	5242 Astroependymal NN_3														
http://purl.obolibrary.org/obo/PCL_0117623	CS20230722_CLUS_5243	5243 Tanycyte NN_1														
http://purl.obolibrary.org/obo/PCL_0117624	CS20230722_CLUS_5244	5244 Tanycyte NN_1														
http://purl.obolibrary.org/obo/PCL_0117625	CS20230722_CLUS_5245	5245 Tanycyte NN_2														
http://purl.obolibrary.org/obo/PCL_0117626	CS20230722_CLUS_5246	5246 Tanycyte NN_2														
http://purl.obolibrary.org/obo/PCL_0117627	CS20230722_CLUS_5247	5247 Tanycyte NN_2														
http://purl.obolibrary.org/obo/PCL_0117628	CS20230722_CLUS_5248	5248 Tanycyte NN_2														
http://purl.obolibrary.org/obo/PCL_0117629	CS20230722_CLUS_5249	5249 Tanycyte NN_2														
http://purl.obolibrary.org/obo/PCL_0117631	CS20230722_CLUS_5251	5251 Ependymal NN_1														
http://purl.obolibrary.org/obo/PCL_0117632	CS20230722_CLUS_5252	5252 Ependymal NN_1														
http://purl.obolibrary.org/obo/PCL_0117633	CS20230722_CLUS_5253	5253 Ependymal NN_1														
http://purl.obolibrary.org/obo/PCL_0117634	CS20230722_CLUS_5254	5254 Ependymal NN_1														
http://purl.obolibrary.org/obo/PCL_0117635	CS20230722_CLUS_5255	5255 Ependymal NN_1														
http://purl.obolibrary.org/obo/PCL_0117636	CS20230722_CLUS_5256	5256 Ependymal NN_1														
http://purl.obolibrary.org/obo/PCL_0117637	CS20230722_CLUS_5257	5257 Ependymal NN_1														
http://purl.obolibrary.org/obo/PCL_0117638	CS20230722_CLUS_5258	5258 Ependymal NN_1														
http://purl.obolibrary.org/obo/PCL_0117639	CS20230722_CLUS_5259	5259 Ependymal NN_1														
http://purl.obolibrary.org/obo/PCL_0117640	CS20230722_CLUS_5260	5260 Ependymal NN_2														
http://purl.obolibrary.org/obo/PCL_0117641	CS20230722_CLUS_5261	5261 Ependymal NN_2														
http://purl.obolibrary.org/obo/PCL_0117642	CS20230722_CLUS_5262	5262 Ependymal NN_2														
http://purl.obolibrary.org/obo/PCL_0117644	CS20230722_CLUS_5264	5264 CHOR NN_1														
http://purl.obolibrary.org/obo/PCL_0117645	CS20230722_CLUS_5265	5265 CHOR NN_1														
http://purl.obolibrary.org/obo/CL_4307086	CS20230722_CLUS_5266	5266 OPC NN_1														
http://purl.obolibrary.org/obo/CL_4307087	CS20230722_CLUS_5267	5267 OPC NN_1														
http://purl.obolibrary.org/obo/CL_4307088	CS20230722_CLUS_5268	5268 OPC NN_1														
http://purl.obolibrary.org/obo/CL_4307089	CS20230722_CLUS_5269	5269 OPC NN_1														
http://purl.obolibrary.org/obo/CL_4307090	CS20230722_CLUS_5270	5270 OPC NN_1														
http://purl.obolibrary.org/obo/CL_4307092	CS20230722_CLUS_5272	5272 COP NN_1														
http://purl.obolibrary.org/obo/CL_4307093	CS20230722_CLUS_5273	5273 COP NN_1														
http://purl.obolibrary.org/obo/CL_4307094	CS20230722_CLUS_5274	5274 COP NN_1														
http://purl.obolibrary.org/obo/CL_4307095	CS20230722_CLUS_5275	5275 COP NN_1														
http://purl.obolibrary.org/obo/CL_4307096	CS20230722_CLUS_5276	5276 COP NN_1														
http://purl.obolibrary.org/obo/CL_4307097	CS20230722_CLUS_5277	5277 COP NN_1														
http://purl.obolibrary.org/obo/CL_4307098	CS20230722_CLUS_5278	5278 NFOL NN_2														
http://purl.obolibrary.org/obo/CL_4307099	CS20230722_CLUS_5279	5279 NFOL NN_2														
http://purl.obolibrary.org/obo/CL_4307100	CS20230722_CLUS_5280	5280 NFOL NN_2														
http://purl.obolibrary.org/obo/CL_4307101	CS20230722_CLUS_5281	5281 NFOL NN_2														
http://purl.obolibrary.org/obo/CL_4307102	CS20230722_CLUS_5282	5282 MFOL NN_3														
http://purl.obolibrary.org/obo/CL_4307103	CS20230722_CLUS_5283	5283 MFOL NN_3														
http://purl.obolibrary.org/obo/CL_4307104	CS20230722_CLUS_5284	5284 MOL NN_4														
http://purl.obolibrary.org/obo/CL_4307105	CS20230722_CLUS_5285	5285 MOL NN_4														
http://purl.obolibrary.org/obo/CL_4307106	CS20230722_CLUS_5286	5286 MOL NN_4														
http://purl.obolibrary.org/obo/CL_4307107	CS20230722_CLUS_5287	5287 MOL NN_4														
http://purl.obolibrary.org/obo/CL_4307108	CS20230722_CLUS_5288	5288 MOL NN_4														
http://purl.obolibrary.org/obo/PCL_0117669	CS20230722_CLUS_5289	5289 OEC NN_1														
http://purl.obolibrary.org/obo/PCL_0117670	CS20230722_CLUS_5290	5290 OEC NN_1														
http://purl.obolibrary.org/obo/PCL_0117671	CS20230722_CLUS_5291	5291 OEC NN_1														
http://purl.obolibrary.org/obo/PCL_0117672	CS20230722_CLUS_5292	5292 OEC NN_1														
http://purl.obolibrary.org/obo/PCL_0117673	CS20230722_CLUS_5293	5293 ABC NN_1														
http://purl.obolibrary.org/obo/PCL_0117674	CS20230722_CLUS_5294	5294 ABC NN_1														
http://purl.obolibrary.org/obo/PCL_0117675	CS20230722_CLUS_5295	5295 ABC NN_1														
http://purl.obolibrary.org/obo/PCL_0117676	CS20230722_CLUS_5296	5296 VLMC NN_1														
http://purl.obolibrary.org/obo/PCL_0117677	CS20230722_CLUS_5297	5297 VLMC NN_1														
http://purl.obolibrary.org/obo/PCL_0117678	CS20230722_CLUS_5298	5298 VLMC NN_1														
http://purl.obolibrary.org/obo/PCL_0117679	CS20230722_CLUS_5299	5299 VLMC NN_1														
http://purl.obolibrary.org/obo/PCL_0117680	CS20230722_CLUS_5300	5300 VLMC NN_2														
http://purl.obolibrary.org/obo/PCL_0117681	CS20230722_CLUS_5301	5301 VLMC NN_2														
http://purl.obolibrary.org/obo/PCL_0117684	CS20230722_CLUS_5304	5304 Peri NN_1														
http://purl.obolibrary.org/obo/PCL_0117685	CS20230722_CLUS_5305	5305 Peri NN_1														
http://purl.obolibrary.org/obo/PCL_0117686	CS20230722_CLUS_5306	5306 SMC NN_1														
http://purl.obolibrary.org/obo/PCL_0117687	CS20230722_CLUS_5307	5307 SMC NN_1														
http://purl.obolibrary.org/obo/PCL_0117688	CS20230722_CLUS_5308	5308 SMC NN_1														
http://purl.obolibrary.org/obo/PCL_0117689	CS20230722_CLUS_5309	5309 Endo NN_1														
http://purl.obolibrary.org/obo/PCL_0117690	CS20230722_CLUS_5310	5310 Endo NN_1														
http://purl.obolibrary.org/obo/PCL_0117691	CS20230722_CLUS_5311	5311 Endo NN_1														
http://purl.obolibrary.org/obo/PCL_0117693	CS20230722_CLUS_5313	5313 BAM NN_1														
http://purl.obolibrary.org/obo/PCL_0117694	CS20230722_CLUS_5314	5314 BAM NN_1														
http://purl.obolibrary.org/obo/PCL_0117696	CS20230722_CLUS_5316	5316 DC NN_1	TRUE													
http://purl.obolibrary.org/obo/PCL_0117697	CS20230722_CLUS_5317	5317 DC NN_1	TRUE													
http://purl.obolibrary.org/obo/PCL_0117698	CS20230722_CLUS_5318	5318 DC NN_1	TRUE													
